{
"type": "FeatureCollection",
"name": "dakhla_heat_grid",
"crs": { "type": "name", "properties": { "name": "urn:ogc:def:crs:OGC:1.3:CRS84" } },
"xy_coordinate_resolution": 1e-06,
"features": [
{ "type": "Feature", "properties": { "urban_density": 0.015695912420437035, "temperature_proxy": 26.102023430732842 }, "geometry": { "type": "Polygon", "coordinates": [ [ [ -15.99772, 23.632977 ], [ -15.997734, 23.634783 ], [ -15.999694, 23.63477 ], [ -15.99968, 23.632964 ], [ -15.99772, 23.632977 ] ] ] } },
{ "type": "Feature", "properties": { "urban_density": 0.022111737772341072, "temperature_proxy": 26.143726295520217 }, "geometry": { "type": "Polygon", "coordinates": [ [ [ -15.997747, 23.636589 ], [ -15.997761, 23.638395 ], [ -15.999722, 23.638383 ], [ -15.999708, 23.636577 ], [ -15.997747, 23.636589 ] ] ] } },
{ "type": "Feature", "properties": { "urban_density": 0.10226569112660402, "temperature_proxy": 26.664726992322926 }, "geometry": { "type": "Polygon", "coordinates": [ [ [ -15.997761, 23.638395 ], [ -15.997775, 23.640202 ], [ -15.999735, 23.640189 ], [ -15.999722, 23.638383 ], [ -15.997761, 23.638395 ] ] ] } },
{ "type": "Feature", "properties": { "urban_density": 0.016622912706154153, "temperature_proxy": 26.108048932590002 }, "geometry": { "type": "Polygon", "coordinates": [ [ [ -15.995759, 23.632989 ], [ -15.995773, 23.634796 ], [ -15.997734, 23.634783 ], [ -15.99772, 23.632977 ], [ -15.995759, 23.632989 ] ] ] } },
{ "type": "Feature", "properties": { "urban_density": 0.016927309722830821, "temperature_proxy": 26.1100275131984 }, "geometry": { "type": "Polygon", "coordinates": [ [ [ -15.995787, 23.636602 ], [ -15.9958, 23.638408 ], [ -15.997761, 23.638395 ], [ -15.997747, 23.636589 ], [ -15.995787, 23.636602 ] ] ] } },
{ "type": "Feature", "properties": { "urban_density": 0.095974990313430944, "temperature_proxy": 26.623837437037302 }, "geometry": { "type": "Polygon", "coordinates": [ [ [ -15.9958, 23.638408 ], [ -15.995814, 23.640214 ], [ -15.997775, 23.640202 ], [ -15.997761, 23.638395 ], [ -15.9958, 23.638408 ] ] ] } },
{ "type": "Feature", "properties": { "urban_density": 0.013049413810925142, "temperature_proxy": 26.084821189771013 }, "geometry": { "type": "Polygon", "coordinates": [ [ [ -15.995814, 23.640214 ], [ -15.995828, 23.642021 ], [ -15.997788, 23.642008 ], [ -15.997775, 23.640202 ], [ -15.995814, 23.640214 ] ] ] } },
{ "type": "Feature", "properties": { "urban_density": 0.025329252797043077, "temperature_proxy": 26.16464014318078 }, "geometry": { "type": "Polygon", "coordinates": [ [ [ -15.993799, 23.633002 ], [ -15.993812, 23.634808 ], [ -15.995773, 23.634796 ], [ -15.995759, 23.632989 ], [ -15.993799, 23.633002 ] ] ] } },
{ "type": "Feature", "properties": { "urban_density": 0.010470364924014517, "temperature_proxy": 26.068057372006095 }, "geometry": { "type": "Polygon", "coordinates": [ [ [ -15.993867, 23.642033 ], [ -15.993881, 23.643839 ], [ -15.995841, 23.643827 ], [ -15.995828, 23.642021 ], [ -15.993867, 23.642033 ] ] ] } },
{ "type": "Feature", "properties": { "urban_density": 0.0181243652705654, "temperature_proxy": 26.117808374258676 }, "geometry": { "type": "Polygon", "coordinates": [ [ [ -15.993963, 23.654677 ], [ -15.993976, 23.656483 ], [ -15.995937, 23.656471 ], [ -15.995923, 23.654664 ], [ -15.993963, 23.654677 ] ] ] } },
{ "type": "Feature", "properties": { "urban_density": 0.017037095705449302, "temperature_proxy": 26.110741122085422 }, "geometry": { "type": "Polygon", "coordinates": [ [ [ -15.989864, 23.631221 ], [ -15.989878, 23.633027 ], [ -15.991838, 23.633014 ], [ -15.991825, 23.631208 ], [ -15.989864, 23.631221 ] ] ] } },
{ "type": "Feature", "properties": { "urban_density": 0.068767574241527171, "temperature_proxy": 26.446989232569926 }, "geometry": { "type": "Polygon", "coordinates": [ [ [ -15.989878, 23.633027 ], [ -15.989891, 23.634833 ], [ -15.991852, 23.634821 ], [ -15.991838, 23.633014 ], [ -15.989878, 23.633027 ] ] ] } },
{ "type": "Feature", "properties": { "urban_density": 0.12329202597251661, "temperature_proxy": 26.801398168821358 }, "geometry": { "type": "Polygon", "coordinates": [ [ [ -15.990109, 23.663733 ], [ -15.990122, 23.66554 ], [ -15.992083, 23.665527 ], [ -15.99207, 23.663721 ], [ -15.990109, 23.663733 ] ] ] } },
{ "type": "Feature", "properties": { "urban_density": 0.14779797702958966, "temperature_proxy": 26.960686850692333 }, "geometry": { "type": "Polygon", "coordinates": [ [ [ -15.990122, 23.66554 ], [ -15.990136, 23.667346 ], [ -15.992097, 23.667333 ], [ -15.992083, 23.665527 ], [ -15.990122, 23.66554 ] ] ] } },
{ "type": "Feature", "properties": { "urban_density": 0.027452454463770429, "temperature_proxy": 26.178440954014508 }, "geometry": { "type": "Polygon", "coordinates": [ [ [ -15.987917, 23.633039 ], [ -15.987931, 23.634846 ], [ -15.989891, 23.634833 ], [ -15.989878, 23.633027 ], [ -15.987917, 23.633039 ] ] ] } },
{ "type": "Feature", "properties": { "urban_density": 0.059884622092481424, "temperature_proxy": 26.38925004360113 }, "geometry": { "type": "Polygon", "coordinates": [ [ [ -15.988107, 23.658327 ], [ -15.988121, 23.660133 ], [ -15.990082, 23.660121 ], [ -15.990068, 23.658315 ], [ -15.988107, 23.658327 ] ] ] } },
{ "type": "Feature", "properties": { "urban_density": 0.081382733064364193, "temperature_proxy": 26.528987764918366 }, "geometry": { "type": "Polygon", "coordinates": [ [ [ -15.988148, 23.663746 ], [ -15.988161, 23.665552 ], [ -15.990122, 23.66554 ], [ -15.990109, 23.663733 ], [ -15.988148, 23.663746 ] ] ] } },
{ "type": "Feature", "properties": { "urban_density": 0.42769754742408805, "temperature_proxy": 28.780034058256572 }, "geometry": { "type": "Polygon", "coordinates": [ [ [ -15.988161, 23.665552 ], [ -15.988175, 23.667359 ], [ -15.990136, 23.667346 ], [ -15.990122, 23.66554 ], [ -15.988161, 23.665552 ] ] ] } },
{ "type": "Feature", "properties": { "urban_density": 0.01156788666174868, "temperature_proxy": 26.075191263301367 }, "geometry": { "type": "Polygon", "coordinates": [ [ [ -15.986227, 23.669177 ], [ -15.986241, 23.670984 ], [ -15.988202, 23.670971 ], [ -15.988189, 23.669165 ], [ -15.986227, 23.669177 ] ] ] } },
{ "type": "Feature", "properties": { "urban_density": 0.01413861138930861, "temperature_proxy": 26.091900974030505 }, "geometry": { "type": "Polygon", "coordinates": [ [ [ -15.984266, 23.66919 ], [ -15.98428, 23.670996 ], [ -15.986241, 23.670984 ], [ -15.986227, 23.669177 ], [ -15.984266, 23.66919 ] ] ] } },
{ "type": "Feature", "properties": { "urban_density": 0.011504968820522038, "temperature_proxy": 26.074782297333392 }, "geometry": { "type": "Polygon", "coordinates": [ [ [ -15.978397, 23.671033 ], [ -15.97841, 23.67284 ], [ -15.980371, 23.672827 ], [ -15.980358, 23.671021 ], [ -15.978397, 23.671033 ] ] ] } },
{ "type": "Feature", "properties": { "urban_density": 0.032755836663989034, "temperature_proxy": 26.212912938315927 }, "geometry": { "type": "Polygon", "coordinates": [ [ [ -15.978437, 23.676452 ], [ -15.97845, 23.678258 ], [ -15.980412, 23.678246 ], [ -15.980398, 23.67644 ], [ -15.978437, 23.676452 ] ] ] } },
{ "type": "Feature", "properties": { "urban_density": 0.012184956722636104, "temperature_proxy": 26.079202218697134 }, "geometry": { "type": "Polygon", "coordinates": [ [ [ -15.978464, 23.680065 ], [ -15.978477, 23.681871 ], [ -15.980439, 23.681859 ], [ -15.980425, 23.680052 ], [ -15.978464, 23.680065 ] ] ] } },
{ "type": "Feature", "properties": { "urban_density": 0.046992646107819926, "temperature_proxy": 26.305452199700831 }, "geometry": { "type": "Polygon", "coordinates": [ [ [ -15.976476, 23.676464 ], [ -15.976489, 23.678271 ], [ -15.97845, 23.678258 ], [ -15.978437, 23.676452 ], [ -15.976476, 23.676464 ] ] ] } },
{ "type": "Feature", "properties": { "urban_density": 0.014085358929723674, "temperature_proxy": 26.091554833043205 }, "geometry": { "type": "Polygon", "coordinates": [ [ [ -15.976503, 23.680077 ], [ -15.976516, 23.681883 ], [ -15.978477, 23.681871 ], [ -15.978464, 23.680065 ], [ -15.976503, 23.680077 ] ] ] } },
{ "type": "Feature", "properties": { "urban_density": 0.01419679510390745, "temperature_proxy": 26.092279168175398 }, "geometry": { "type": "Polygon", "coordinates": [ [ [ -15.974434, 23.665639 ], [ -15.974448, 23.667445 ], [ -15.976409, 23.667433 ], [ -15.976395, 23.665627 ], [ -15.974434, 23.665639 ] ] ] } },
{ "type": "Feature", "properties": { "urban_density": 0.027055997716510797, "temperature_proxy": 26.175863985157321 }, "geometry": { "type": "Polygon", "coordinates": [ [ [ -15.974528, 23.678283 ], [ -15.974541, 23.680089 ], [ -15.976503, 23.680077 ], [ -15.976489, 23.678271 ], [ -15.974528, 23.678283 ] ] ] } },
{ "type": "Feature", "properties": { "urban_density": 0.012807326381651149, "temperature_proxy": 26.083247621480734 }, "geometry": { "type": "Polygon", "coordinates": [ [ [ -15.972473, 23.665652 ], [ -15.972487, 23.667458 ], [ -15.974448, 23.667445 ], [ -15.974434, 23.665639 ], [ -15.972473, 23.665652 ] ] ] } },
{ "type": "Feature", "properties": { "urban_density": 0.020833228667241206, "temperature_proxy": 26.135415986337069 }, "geometry": { "type": "Polygon", "coordinates": [ [ [ -15.972487, 23.667458 ], [ -15.9725, 23.669264 ], [ -15.974461, 23.669252 ], [ -15.974448, 23.667445 ], [ -15.972487, 23.667458 ] ] ] } },
{ "type": "Feature", "properties": { "urban_density": 0.026027796028256368, "temperature_proxy": 26.169180674183668 }, "geometry": { "type": "Polygon", "coordinates": [ [ [ -15.964722, 23.678344 ], [ -15.964735, 23.680151 ], [ -15.966696, 23.680139 ], [ -15.966683, 23.678332 ], [ -15.964722, 23.678344 ] ] ] } },
{ "type": "Feature", "properties": { "urban_density": 0.01135990980907591, "temperature_proxy": 26.073839413758993 }, "geometry": { "type": "Polygon", "coordinates": [ [ [ -15.964762, 23.683763 ], [ -15.964775, 23.68557 ], [ -15.966736, 23.685557 ], [ -15.966723, 23.683751 ], [ -15.964762, 23.683763 ] ] ] } },
{ "type": "Feature", "properties": { "urban_density": 0.057724606621949365, "temperature_proxy": 26.37520994304267 }, "geometry": { "type": "Polygon", "coordinates": [ [ [ -15.964788, 23.687376 ], [ -15.964801, 23.689182 ], [ -15.966763, 23.68917 ], [ -15.966749, 23.687364 ], [ -15.964788, 23.687376 ] ] ] } },
{ "type": "Feature", "properties": { "urban_density": 0.042799891010812975, "temperature_proxy": 26.278199291570285 }, "geometry": { "type": "Polygon", "coordinates": [ [ [ -15.964801, 23.689182 ], [ -15.964815, 23.690988 ], [ -15.966776, 23.690976 ], [ -15.966763, 23.68917 ], [ -15.964801, 23.689182 ] ] ] } },
{ "type": "Feature", "properties": { "urban_density": 0.166220755220372, "temperature_proxy": 27.080434908932418 }, "geometry": { "type": "Polygon", "coordinates": [ [ [ -15.962747, 23.67655 ], [ -15.962761, 23.678357 ], [ -15.964722, 23.678344 ], [ -15.964709, 23.676538 ], [ -15.962747, 23.67655 ] ] ] } },
{ "type": "Feature", "properties": { "urban_density": 0.25330741459590628, "temperature_proxy": 27.646498194873391 }, "geometry": { "type": "Polygon", "coordinates": [ [ [ -15.962761, 23.678357 ], [ -15.962774, 23.680163 ], [ -15.964735, 23.680151 ], [ -15.964722, 23.678344 ], [ -15.962761, 23.678357 ] ] ] } },
{ "type": "Feature", "properties": { "urban_density": 0.20926497422200752, "temperature_proxy": 27.360222332443048 }, "geometry": { "type": "Polygon", "coordinates": [ [ [ -15.962814, 23.685582 ], [ -15.962827, 23.687388 ], [ -15.964788, 23.687376 ], [ -15.964775, 23.68557 ], [ -15.962814, 23.685582 ] ] ] } },
{ "type": "Feature", "properties": { "urban_density": 0.057480864061518311, "temperature_proxy": 26.37362561639987 }, "geometry": { "type": "Polygon", "coordinates": [ [ [ -15.962827, 23.687388 ], [ -15.96284, 23.689194 ], [ -15.964801, 23.689182 ], [ -15.964788, 23.687376 ], [ -15.962827, 23.687388 ] ] ] } },
{ "type": "Feature", "properties": { "urban_density": 0.066566470768495895, "temperature_proxy": 26.432682059995223 }, "geometry": { "type": "Polygon", "coordinates": [ [ [ -15.96284, 23.689194 ], [ -15.962853, 23.691001 ], [ -15.964815, 23.690988 ], [ -15.964801, 23.689182 ], [ -15.96284, 23.689194 ] ] ] } },
{ "type": "Feature", "properties": { "urban_density": 0.059311905565921606, "temperature_proxy": 26.385527386178492 }, "geometry": { "type": "Polygon", "coordinates": [ [ [ -15.960786, 23.676563 ], [ -15.960799, 23.678369 ], [ -15.962761, 23.678357 ], [ -15.962747, 23.67655 ], [ -15.960786, 23.676563 ] ] ] } },
{ "type": "Feature", "properties": { "urban_density": 0.183010662829862, "temperature_proxy": 27.189569308394102 }, "geometry": { "type": "Polygon", "coordinates": [ [ [ -15.960852, 23.685594 ], [ -15.960865, 23.6874 ], [ -15.962827, 23.687388 ], [ -15.962814, 23.685582 ], [ -15.960852, 23.685594 ] ] ] } },
{ "type": "Feature", "properties": { "urban_density": 0.21822390248271273, "temperature_proxy": 27.418455366137632 }, "geometry": { "type": "Polygon", "coordinates": [ [ [ -15.960865, 23.6874 ], [ -15.960879, 23.689207 ], [ -15.96284, 23.689194 ], [ -15.962827, 23.687388 ], [ -15.960865, 23.6874 ] ] ] } },
{ "type": "Feature", "properties": { "urban_density": 0.12591635906035692, "temperature_proxy": 26.818456333892321 }, "geometry": { "type": "Polygon", "coordinates": [ [ [ -15.960879, 23.689207 ], [ -15.960892, 23.691013 ], [ -15.962853, 23.691001 ], [ -15.96284, 23.689194 ], [ -15.960879, 23.689207 ] ] ] } },
{ "type": "Feature", "properties": { "urban_density": 0.038127815801096164, "temperature_proxy": 26.247830802707124 }, "geometry": { "type": "Polygon", "coordinates": [ [ [ -15.960892, 23.691013 ], [ -15.960905, 23.692819 ], [ -15.962866, 23.692807 ], [ -15.962853, 23.691001 ], [ -15.960892, 23.691013 ] ] ] } },
{ "type": "Feature", "properties": { "urban_density": 0.068156823472321923, "temperature_proxy": 26.443019352570094 }, "geometry": { "type": "Polygon", "coordinates": [ [ [ -15.960905, 23.692819 ], [ -15.960918, 23.694625 ], [ -15.96288, 23.694613 ], [ -15.962866, 23.692807 ], [ -15.960905, 23.692819 ] ] ] } },
{ "type": "Feature", "properties": { "urban_density": 0.19489152405957091, "temperature_proxy": 27.266794906387211 }, "geometry": { "type": "Polygon", "coordinates": [ [ [ -15.958785, 23.671156 ], [ -15.958799, 23.672962 ], [ -15.96076, 23.67295 ], [ -15.960747, 23.671144 ], [ -15.958785, 23.671156 ] ] ] } },
{ "type": "Feature", "properties": { "urban_density": 0.057214555828821678, "temperature_proxy": 26.371894612887342 }, "geometry": { "type": "Polygon", "coordinates": [ [ [ -15.958825, 23.676575 ], [ -15.958838, 23.678381 ], [ -15.960799, 23.678369 ], [ -15.960786, 23.676563 ], [ -15.958825, 23.676575 ] ] ] } },
{ "type": "Feature", "properties": { "urban_density": 0.03368514581296541, "temperature_proxy": 26.218953447784276 }, "geometry": { "type": "Polygon", "coordinates": [ [ [ -15.958838, 23.678381 ], [ -15.958851, 23.680187 ], [ -15.960813, 23.680175 ], [ -15.960799, 23.678369 ], [ -15.958838, 23.678381 ] ] ] } },
{ "type": "Feature", "properties": { "urban_density": 0.081692307768210459, "temperature_proxy": 26.531000000493368 }, "geometry": { "type": "Polygon", "coordinates": [ [ [ -15.958851, 23.680187 ], [ -15.958864, 23.681994 ], [ -15.960826, 23.681981 ], [ -15.960813, 23.680175 ], [ -15.958851, 23.680187 ] ] ] } },
{ "type": "Feature", "properties": { "urban_density": 0.010844327242324503, "temperature_proxy": 26.070488127075109 }, "geometry": { "type": "Polygon", "coordinates": [ [ [ -15.958864, 23.681994 ], [ -15.958878, 23.6838 ], [ -15.960839, 23.683788 ], [ -15.960826, 23.681981 ], [ -15.958864, 23.681994 ] ] ] } },
{ "type": "Feature", "properties": { "urban_density": 0.078312773219048254, "temperature_proxy": 26.509033025923813 }, "geometry": { "type": "Polygon", "coordinates": [ [ [ -15.958891, 23.685606 ], [ -15.958904, 23.687412 ], [ -15.960865, 23.6874 ], [ -15.960852, 23.685594 ], [ -15.958891, 23.685606 ] ] ] } },
{ "type": "Feature", "properties": { "urban_density": 0.1257663914501265, "temperature_proxy": 26.817481544425821 }, "geometry": { "type": "Polygon", "coordinates": [ [ [ -15.958904, 23.687412 ], [ -15.958917, 23.689219 ], [ -15.960879, 23.689207 ], [ -15.960865, 23.6874 ], [ -15.958904, 23.687412 ] ] ] } },
{ "type": "Feature", "properties": { "urban_density": 0.076545077921849974, "temperature_proxy": 26.497543006492023 }, "geometry": { "type": "Polygon", "coordinates": [ [ [ -15.958917, 23.689219 ], [ -15.95893, 23.691025 ], [ -15.960892, 23.691013 ], [ -15.960879, 23.689207 ], [ -15.958917, 23.689219 ] ] ] } },
{ "type": "Feature", "properties": { "urban_density": 0.10060674812102256, "temperature_proxy": 26.653943862786647 }, "geometry": { "type": "Polygon", "coordinates": [ [ [ -15.95893, 23.691025 ], [ -15.958944, 23.692831 ], [ -15.960905, 23.692819 ], [ -15.960892, 23.691013 ], [ -15.95893, 23.691025 ] ] ] } },
{ "type": "Feature", "properties": { "urban_density": 0.047795147157711278, "temperature_proxy": 26.310668456525125 }, "geometry": { "type": "Polygon", "coordinates": [ [ [ -15.958944, 23.692831 ], [ -15.958957, 23.694638 ], [ -15.960918, 23.694625 ], [ -15.960905, 23.692819 ], [ -15.958944, 23.692831 ] ] ] } },
{ "type": "Feature", "properties": { "urban_density": 0.012130648646353492, "temperature_proxy": 26.078849216201299 }, "geometry": { "type": "Polygon", "coordinates": [ [ [ -15.956877, 23.678393 ], [ -15.95689, 23.680199 ], [ -15.958851, 23.680187 ], [ -15.958838, 23.678381 ], [ -15.956877, 23.678393 ] ] ] } },
{ "type": "Feature", "properties": { "urban_density": 0.016760018452259232, "temperature_proxy": 26.108940119939685 }, "geometry": { "type": "Polygon", "coordinates": [ [ [ -15.95689, 23.680199 ], [ -15.956903, 23.682006 ], [ -15.958864, 23.681994 ], [ -15.958851, 23.680187 ], [ -15.95689, 23.680199 ] ] ] } },
{ "type": "Feature", "properties": { "urban_density": 0.044732788159268747, "temperature_proxy": 26.290763123035248 }, "geometry": { "type": "Polygon", "coordinates": [ [ [ -15.956943, 23.687425 ], [ -15.956956, 23.689231 ], [ -15.958917, 23.689219 ], [ -15.958904, 23.687412 ], [ -15.956943, 23.687425 ] ] ] } },
{ "type": "Feature", "properties": { "urban_density": 0.085531712059868453, "temperature_proxy": 26.555956128389145 }, "geometry": { "type": "Polygon", "coordinates": [ [ [ -15.956956, 23.689231 ], [ -15.956969, 23.691037 ], [ -15.95893, 23.691025 ], [ -15.958917, 23.689219 ], [ -15.956956, 23.689231 ] ] ] } },
{ "type": "Feature", "properties": { "urban_density": 0.035246329870503482, "temperature_proxy": 26.229101144158271 }, "geometry": { "type": "Polygon", "coordinates": [ [ [ -15.956969, 23.691037 ], [ -15.956982, 23.692843 ], [ -15.958944, 23.692831 ], [ -15.95893, 23.691025 ], [ -15.956969, 23.691037 ] ] ] } },
{ "type": "Feature", "properties": { "urban_density": 0.050098305228368271, "temperature_proxy": 26.325638983984394 }, "geometry": { "type": "Polygon", "coordinates": [ [ [ -15.956982, 23.692843 ], [ -15.956995, 23.69465 ], [ -15.958957, 23.694638 ], [ -15.958944, 23.692831 ], [ -15.956982, 23.692843 ] ] ] } },
{ "type": "Feature", "properties": { "urban_density": 0.016084618305449643, "temperature_proxy": 26.104550018985421 }, "geometry": { "type": "Polygon", "coordinates": [ [ [ -15.956995, 23.69465 ], [ -15.957008, 23.696456 ], [ -15.95897, 23.696444 ], [ -15.958957, 23.694638 ], [ -15.956995, 23.69465 ] ] ] } },
{ "type": "Feature", "properties": { "urban_density": 0.016339213220208541, "temperature_proxy": 26.106204885931355 }, "geometry": { "type": "Polygon", "coordinates": [ [ [ -15.957008, 23.696456 ], [ -15.957022, 23.698262 ], [ -15.958983, 23.69825 ], [ -15.95897, 23.696444 ], [ -15.957008, 23.696456 ] ] ] } },
{ "type": "Feature", "properties": { "urban_density": 0.015050340898222063, "temperature_proxy": 26.097827215838443 }, "geometry": { "type": "Polygon", "coordinates": [ [ [ -15.954929, 23.680212 ], [ -15.954942, 23.682018 ], [ -15.956903, 23.682006 ], [ -15.95689, 23.680199 ], [ -15.954929, 23.680212 ] ] ] } },
{ "type": "Feature", "properties": { "urban_density": 0.12141251358894899, "temperature_proxy": 26.78918133832817 }, "geometry": { "type": "Polygon", "coordinates": [ [ [ -15.954981, 23.687437 ], [ -15.954994, 23.689243 ], [ -15.956956, 23.689231 ], [ -15.956943, 23.687425 ], [ -15.954981, 23.687437 ] ] ] } },
{ "type": "Feature", "properties": { "urban_density": 0.15182126576302976, "temperature_proxy": 26.986838227459693 }, "geometry": { "type": "Polygon", "coordinates": [ [ [ -15.954994, 23.689243 ], [ -15.955008, 23.691049 ], [ -15.956969, 23.691037 ], [ -15.956956, 23.689231 ], [ -15.954994, 23.689243 ] ] ] } },
{ "type": "Feature", "properties": { "urban_density": 0.077106198191455269, "temperature_proxy": 26.501190288244459 }, "geometry": { "type": "Polygon", "coordinates": [ [ [ -15.955008, 23.691049 ], [ -15.955021, 23.692855 ], [ -15.956982, 23.692843 ], [ -15.956969, 23.691037 ], [ -15.955008, 23.691049 ] ] ] } },
{ "type": "Feature", "properties": { "urban_density": 0.013615484506682372, "temperature_proxy": 26.088500649293437 }, "geometry": { "type": "Polygon", "coordinates": [ [ [ -15.955021, 23.692855 ], [ -15.955034, 23.694662 ], [ -15.956995, 23.69465 ], [ -15.956982, 23.692843 ], [ -15.955021, 23.692855 ] ] ] } },
{ "type": "Feature", "properties": { "urban_density": 0.35625645190117378, "temperature_proxy": 28.31566693735763 }, "geometry": { "type": "Polygon", "coordinates": [ [ [ -15.955034, 23.694662 ], [ -15.955047, 23.696468 ], [ -15.957008, 23.696456 ], [ -15.956995, 23.69465 ], [ -15.955034, 23.694662 ] ] ] } },
{ "type": "Feature", "properties": { "urban_density": 0.40668867786443214, "temperature_proxy": 28.643476406118808 }, "geometry": { "type": "Polygon", "coordinates": [ [ [ -15.955047, 23.696468 ], [ -15.95506, 23.698274 ], [ -15.957022, 23.698262 ], [ -15.957008, 23.696456 ], [ -15.955047, 23.696468 ] ] ] } },
{ "type": "Feature", "properties": { "urban_density": 0.16371814541539131, "temperature_proxy": 27.064167945200044 }, "geometry": { "type": "Polygon", "coordinates": [ [ [ -15.95506, 23.698274 ], [ -15.955073, 23.700081 ], [ -15.957035, 23.700068 ], [ -15.957022, 23.698262 ], [ -15.95506, 23.698274 ] ] ] } },
{ "type": "Feature", "properties": { "urban_density": 0.021832619910696103, "temperature_proxy": 26.141912029419526 }, "geometry": { "type": "Polygon", "coordinates": [ [ [ -15.955205, 23.718143 ], [ -15.955218, 23.71995 ], [ -15.95718, 23.719937 ], [ -15.957167, 23.718131 ], [ -15.955205, 23.718143 ] ] ] } },
{ "type": "Feature", "properties": { "urban_density": 0.04462108853454412, "temperature_proxy": 26.290037075474537 }, "geometry": { "type": "Polygon", "coordinates": [ [ [ -15.95302, 23.687449 ], [ -15.953033, 23.689255 ], [ -15.954994, 23.689243 ], [ -15.954981, 23.687437 ], [ -15.95302, 23.687449 ] ] ] } },
{ "type": "Feature", "properties": { "urban_density": 0.16322274119334051, "temperature_proxy": 27.060947817756713 }, "geometry": { "type": "Polygon", "coordinates": [ [ [ -15.953033, 23.689255 ], [ -15.953046, 23.691061 ], [ -15.955008, 23.691049 ], [ -15.954994, 23.689243 ], [ -15.953033, 23.689255 ] ] ] } },
{ "type": "Feature", "properties": { "urban_density": 0.28431020855570288, "temperature_proxy": 27.848016355612067 }, "geometry": { "type": "Polygon", "coordinates": [ [ [ -15.953046, 23.691061 ], [ -15.953059, 23.692868 ], [ -15.955021, 23.692855 ], [ -15.955008, 23.691049 ], [ -15.953046, 23.691061 ] ] ] } },
{ "type": "Feature", "properties": { "urban_density": 0.085827916986633473, "temperature_proxy": 26.557881460413117 }, "geometry": { "type": "Polygon", "coordinates": [ [ [ -15.953059, 23.692868 ], [ -15.953072, 23.694674 ], [ -15.955034, 23.694662 ], [ -15.955021, 23.692855 ], [ -15.953059, 23.692868 ] ] ] } },
{ "type": "Feature", "properties": { "urban_density": 0.11525469067819472, "temperature_proxy": 26.749155489408267 }, "geometry": { "type": "Polygon", "coordinates": [ [ [ -15.953072, 23.694674 ], [ -15.953085, 23.69648 ], [ -15.955047, 23.696468 ], [ -15.955034, 23.694662 ], [ -15.953072, 23.694674 ] ] ] } },
{ "type": "Feature", "properties": { "urban_density": 0.27739106319183782, "temperature_proxy": 27.803041910746945 }, "geometry": { "type": "Polygon", "coordinates": [ [ [ -15.953085, 23.69648 ], [ -15.953099, 23.698286 ], [ -15.95506, 23.698274 ], [ -15.955047, 23.696468 ], [ -15.953085, 23.69648 ] ] ] } },
{ "type": "Feature", "properties": { "urban_density": 0.30526229208643085, "temperature_proxy": 27.984204898561799 }, "geometry": { "type": "Polygon", "coordinates": [ [ [ -15.953099, 23.698286 ], [ -15.953112, 23.700093 ], [ -15.955073, 23.700081 ], [ -15.95506, 23.698274 ], [ -15.953099, 23.698286 ] ] ] } },
{ "type": "Feature", "properties": { "urban_density": 0.50352370746498032, "temperature_proxy": 29.272904098522371 }, "geometry": { "type": "Polygon", "coordinates": [ [ [ -15.953112, 23.700093 ], [ -15.953125, 23.701899 ], [ -15.955086, 23.701887 ], [ -15.955073, 23.700081 ], [ -15.953112, 23.700093 ] ] ] } },
{ "type": "Feature", "properties": { "urban_density": 0.26737407476663044, "temperature_proxy": 27.737931485983097 }, "geometry": { "type": "Polygon", "coordinates": [ [ [ -15.953125, 23.701899 ], [ -15.953138, 23.703705 ], [ -15.9551, 23.703693 ], [ -15.955086, 23.701887 ], [ -15.953125, 23.701899 ] ] ] } },
{ "type": "Feature", "properties": { "urban_density": 0.054289295646152848, "temperature_proxy": 26.352880421699993 }, "geometry": { "type": "Polygon", "coordinates": [ [ [ -15.953138, 23.703705 ], [ -15.953151, 23.705512 ], [ -15.955113, 23.705499 ], [ -15.9551, 23.703693 ], [ -15.953138, 23.703705 ] ] ] } },
{ "type": "Feature", "properties": { "urban_density": 0.020889621588227162, "temperature_proxy": 26.135782540323476 }, "geometry": { "type": "Polygon", "coordinates": [ [ [ -15.95323, 23.716349 ], [ -15.953243, 23.718155 ], [ -15.955205, 23.718143 ], [ -15.955192, 23.716337 ], [ -15.95323, 23.716349 ] ] ] } },
{ "type": "Feature", "properties": { "urban_density": 0.020774034635651577, "temperature_proxy": 26.135031225131737 }, "geometry": { "type": "Polygon", "coordinates": [ [ [ -15.953243, 23.718155 ], [ -15.953256, 23.719962 ], [ -15.955218, 23.71995 ], [ -15.955205, 23.718143 ], [ -15.953243, 23.718155 ] ] ] } },
{ "type": "Feature", "properties": { "urban_density": 0.1070898321944268, "temperature_proxy": 26.696083909263773 }, "geometry": { "type": "Polygon", "coordinates": [ [ [ -15.951045, 23.685655 ], [ -15.951059, 23.687461 ], [ -15.95302, 23.687449 ], [ -15.953007, 23.685642 ], [ -15.951045, 23.685655 ] ] ] } },
{ "type": "Feature", "properties": { "urban_density": 0.38096066077533286, "temperature_proxy": 28.476244295039663 }, "geometry": { "type": "Polygon", "coordinates": [ [ [ -15.951059, 23.687461 ], [ -15.951072, 23.689267 ], [ -15.953033, 23.689255 ], [ -15.95302, 23.687449 ], [ -15.951059, 23.687461 ] ] ] } },
{ "type": "Feature", "properties": { "urban_density": 0.5642002055020896, "temperature_proxy": 29.667301335763582 }, "geometry": { "type": "Polygon", "coordinates": [ [ [ -15.951072, 23.689267 ], [ -15.951085, 23.691073 ], [ -15.953046, 23.691061 ], [ -15.953033, 23.689255 ], [ -15.951072, 23.689267 ] ] ] } },
{ "type": "Feature", "properties": { "urban_density": 0.44780698563637078, "temperature_proxy": 28.910745406636408 }, "geometry": { "type": "Polygon", "coordinates": [ [ [ -15.951085, 23.691073 ], [ -15.951098, 23.69288 ], [ -15.953059, 23.692868 ], [ -15.953046, 23.691061 ], [ -15.951085, 23.691073 ] ] ] } },
{ "type": "Feature", "properties": { "urban_density": 0.37760273608155903, "temperature_proxy": 28.454417784530133 }, "geometry": { "type": "Polygon", "coordinates": [ [ [ -15.951098, 23.69288 ], [ -15.951111, 23.694686 ], [ -15.953072, 23.694674 ], [ -15.953059, 23.692868 ], [ -15.951098, 23.69288 ] ] ] } },
{ "type": "Feature", "properties": { "urban_density": 0.3386379668924388, "temperature_proxy": 28.201146784800851 }, "geometry": { "type": "Polygon", "coordinates": [ [ [ -15.951111, 23.694686 ], [ -15.951124, 23.696492 ], [ -15.953085, 23.69648 ], [ -15.953072, 23.694674 ], [ -15.951111, 23.694686 ] ] ] } },
{ "type": "Feature", "properties": { "urban_density": 0.41670463266606295, "temperature_proxy": 28.708580112329408 }, "geometry": { "type": "Polygon", "coordinates": [ [ [ -15.951124, 23.696492 ], [ -15.951137, 23.698298 ], [ -15.953099, 23.698286 ], [ -15.953085, 23.69648 ], [ -15.951124, 23.696492 ] ] ] } },
{ "type": "Feature", "properties": { "urban_density": 0.28861193646097943, "temperature_proxy": 27.875977586996367 }, "geometry": { "type": "Polygon", "coordinates": [ [ [ -15.951137, 23.698298 ], [ -15.95115, 23.700105 ], [ -15.953112, 23.700093 ], [ -15.953099, 23.698286 ], [ -15.951137, 23.698298 ] ] ] } },
{ "type": "Feature", "properties": { "urban_density": 0.33499916915344047, "temperature_proxy": 28.177494599497365 }, "geometry": { "type": "Polygon", "coordinates": [ [ [ -15.95115, 23.700105 ], [ -15.951163, 23.701911 ], [ -15.953125, 23.701899 ], [ -15.953112, 23.700093 ], [ -15.95115, 23.700105 ] ] ] } },
{ "type": "Feature", "properties": { "urban_density": 0.41517152061298296, "temperature_proxy": 28.698614883984391 }, "geometry": { "type": "Polygon", "coordinates": [ [ [ -15.951163, 23.701911 ], [ -15.951176, 23.703717 ], [ -15.953138, 23.703705 ], [ -15.953125, 23.701899 ], [ -15.951163, 23.701911 ] ] ] } },
{ "type": "Feature", "properties": { "urban_density": 0.50994570881454948, "temperature_proxy": 29.314647107294572 }, "geometry": { "type": "Polygon", "coordinates": [ [ [ -15.951176, 23.703717 ], [ -15.951189, 23.705524 ], [ -15.953151, 23.705512 ], [ -15.953138, 23.703705 ], [ -15.951176, 23.703717 ] ] ] } },
{ "type": "Feature", "properties": { "urban_density": 0.3300136210941329, "temperature_proxy": 28.145088537111864 }, "geometry": { "type": "Polygon", "coordinates": [ [ [ -15.951189, 23.705524 ], [ -15.951203, 23.70733 ], [ -15.953164, 23.707318 ], [ -15.953151, 23.705512 ], [ -15.951189, 23.705524 ] ] ] } },
{ "type": "Feature", "properties": { "urban_density": 0.020230290855547541, "temperature_proxy": 26.13149689056106 }, "geometry": { "type": "Polygon", "coordinates": [ [ [ -15.951203, 23.70733 ], [ -15.951216, 23.709136 ], [ -15.953177, 23.709124 ], [ -15.953164, 23.707318 ], [ -15.951203, 23.70733 ] ] ] } },
{ "type": "Feature", "properties": { "urban_density": 0.026005013716769405, "temperature_proxy": 26.169032589159002 }, "geometry": { "type": "Polygon", "coordinates": [ [ [ -15.951268, 23.716361 ], [ -15.951281, 23.718168 ], [ -15.953243, 23.718155 ], [ -15.95323, 23.716349 ], [ -15.951268, 23.716361 ] ] ] } },
{ "type": "Feature", "properties": { "urban_density": 0.21553583149618424, "temperature_proxy": 27.400982904725197 }, "geometry": { "type": "Polygon", "coordinates": [ [ [ -15.949071, 23.68386 ], [ -15.949084, 23.685667 ], [ -15.951045, 23.685655 ], [ -15.951032, 23.683848 ], [ -15.949071, 23.68386 ] ] ] } },
{ "type": "Feature", "properties": { "urban_density": 0.4053054931079178, "temperature_proxy": 28.634485705201467 }, "geometry": { "type": "Polygon", "coordinates": [ [ [ -15.949084, 23.685667 ], [ -15.949097, 23.687473 ], [ -15.951059, 23.687461 ], [ -15.951045, 23.685655 ], [ -15.949084, 23.685667 ] ] ] } },
{ "type": "Feature", "properties": { "urban_density": 0.37017298503867635, "temperature_proxy": 28.406124402751395 }, "geometry": { "type": "Polygon", "coordinates": [ [ [ -15.949097, 23.687473 ], [ -15.94911, 23.689279 ], [ -15.951072, 23.689267 ], [ -15.951059, 23.687461 ], [ -15.949097, 23.687473 ] ] ] } },
{ "type": "Feature", "properties": { "urban_density": 0.40917002536464675, "temperature_proxy": 28.659605164870204 }, "geometry": { "type": "Polygon", "coordinates": [ [ [ -15.94911, 23.689279 ], [ -15.949123, 23.691085 ], [ -15.951085, 23.691073 ], [ -15.951072, 23.689267 ], [ -15.94911, 23.689279 ] ] ] } },
{ "type": "Feature", "properties": { "urban_density": 0.27600074516218659, "temperature_proxy": 27.794004843554212 }, "geometry": { "type": "Polygon", "coordinates": [ [ [ -15.949123, 23.691085 ], [ -15.949136, 23.692892 ], [ -15.951098, 23.69288 ], [ -15.951085, 23.691073 ], [ -15.949123, 23.691085 ] ] ] } },
{ "type": "Feature", "properties": { "urban_density": 0.41696485736271272, "temperature_proxy": 28.710271572857632 }, "geometry": { "type": "Polygon", "coordinates": [ [ [ -15.949136, 23.692892 ], [ -15.949149, 23.694698 ], [ -15.951111, 23.694686 ], [ -15.951098, 23.69288 ], [ -15.949136, 23.692892 ] ] ] } },
{ "type": "Feature", "properties": { "urban_density": 0.47018883449598015, "temperature_proxy": 29.05622742422387 }, "geometry": { "type": "Polygon", "coordinates": [ [ [ -15.949149, 23.694698 ], [ -15.949162, 23.696504 ], [ -15.951124, 23.696492 ], [ -15.951111, 23.694686 ], [ -15.949149, 23.694698 ] ] ] } },
{ "type": "Feature", "properties": { "urban_density": 0.43424908645417792, "temperature_proxy": 28.822619061952157 }, "geometry": { "type": "Polygon", "coordinates": [ [ [ -15.949162, 23.696504 ], [ -15.949176, 23.698311 ], [ -15.951137, 23.698298 ], [ -15.951124, 23.696492 ], [ -15.949162, 23.696504 ] ] ] } },
{ "type": "Feature", "properties": { "urban_density": 0.32522894353967202, "temperature_proxy": 28.113988133007869 }, "geometry": { "type": "Polygon", "coordinates": [ [ [ -15.949176, 23.698311 ], [ -15.949189, 23.700117 ], [ -15.95115, 23.700105 ], [ -15.951137, 23.698298 ], [ -15.949176, 23.698311 ] ] ] } },
{ "type": "Feature", "properties": { "urban_density": 0.41877829619567264, "temperature_proxy": 28.722058925271874 }, "geometry": { "type": "Polygon", "coordinates": [ [ [ -15.949189, 23.700117 ], [ -15.949202, 23.701923 ], [ -15.951163, 23.701911 ], [ -15.95115, 23.700105 ], [ -15.949189, 23.700117 ] ] ] } },
{ "type": "Feature", "properties": { "urban_density": 0.29026622834609672, "temperature_proxy": 27.886730484249629 }, "geometry": { "type": "Polygon", "coordinates": [ [ [ -15.949202, 23.701923 ], [ -15.949215, 23.703729 ], [ -15.951176, 23.703717 ], [ -15.951163, 23.701911 ], [ -15.949202, 23.701923 ] ] ] } },
{ "type": "Feature", "properties": { "urban_density": 0.050411571468099284, "temperature_proxy": 26.327675214542644 }, "geometry": { "type": "Polygon", "coordinates": [ [ [ -15.949215, 23.703729 ], [ -15.949228, 23.705536 ], [ -15.951189, 23.705524 ], [ -15.951176, 23.703717 ], [ -15.949215, 23.703729 ] ] ] } },
{ "type": "Feature", "properties": { "urban_density": 0.084023798837236111, "temperature_proxy": 26.546154692442034 }, "geometry": { "type": "Polygon", "coordinates": [ [ [ -15.949228, 23.705536 ], [ -15.949241, 23.707342 ], [ -15.951203, 23.70733 ], [ -15.951189, 23.705524 ], [ -15.949228, 23.705536 ] ] ] } },
{ "type": "Feature", "properties": { "urban_density": 0.024644786904424912, "temperature_proxy": 26.160191114878764 }, "geometry": { "type": "Polygon", "coordinates": [ [ [ -15.946941, 23.660391 ], [ -15.946954, 23.662197 ], [ -15.948915, 23.662185 ], [ -15.948902, 23.660379 ], [ -15.946941, 23.660391 ] ] ] } },
{ "type": "Feature", "properties": { "urban_density": 0.12420716138151849, "temperature_proxy": 26.807346548979869 }, "geometry": { "type": "Polygon", "coordinates": [ [ [ -15.94711, 23.683872 ], [ -15.947123, 23.685679 ], [ -15.949084, 23.685667 ], [ -15.949071, 23.68386 ], [ -15.94711, 23.683872 ] ] ] } },
{ "type": "Feature", "properties": { "urban_density": 0.34102310175887995, "temperature_proxy": 28.216650161432721 }, "geometry": { "type": "Polygon", "coordinates": [ [ [ -15.947123, 23.685679 ], [ -15.947136, 23.687485 ], [ -15.949097, 23.687473 ], [ -15.949084, 23.685667 ], [ -15.947123, 23.685679 ] ] ] } },
{ "type": "Feature", "properties": { "urban_density": 0.41914993225081243, "temperature_proxy": 28.724474559630281 }, "geometry": { "type": "Polygon", "coordinates": [ [ [ -15.947136, 23.687485 ], [ -15.947149, 23.689291 ], [ -15.94911, 23.689279 ], [ -15.949097, 23.687473 ], [ -15.947136, 23.687485 ] ] ] } },
{ "type": "Feature", "properties": { "urban_density": 0.2655311534174396, "temperature_proxy": 27.725952497213356 }, "geometry": { "type": "Polygon", "coordinates": [ [ [ -15.947149, 23.689291 ], [ -15.947162, 23.691097 ], [ -15.949123, 23.691085 ], [ -15.94911, 23.689279 ], [ -15.947149, 23.689291 ] ] ] } },
{ "type": "Feature", "properties": { "urban_density": 0.54800641013484075, "temperature_proxy": 29.562041665876464 }, "geometry": { "type": "Polygon", "coordinates": [ [ [ -15.947162, 23.691097 ], [ -15.947175, 23.692904 ], [ -15.949136, 23.692892 ], [ -15.949123, 23.691085 ], [ -15.947162, 23.691097 ] ] ] } },
{ "type": "Feature", "properties": { "urban_density": 0.32054979602448203, "temperature_proxy": 28.083573674159133 }, "geometry": { "type": "Polygon", "coordinates": [ [ [ -15.947175, 23.692904 ], [ -15.947188, 23.69471 ], [ -15.949149, 23.694698 ], [ -15.949136, 23.692892 ], [ -15.947175, 23.692904 ] ] ] } },
{ "type": "Feature", "properties": { "urban_density": 0.5177172121267507, "temperature_proxy": 29.36516187882388 }, "geometry": { "type": "Polygon", "coordinates": [ [ [ -15.947188, 23.69471 ], [ -15.947201, 23.696516 ], [ -15.949162, 23.696504 ], [ -15.949149, 23.694698 ], [ -15.947188, 23.69471 ] ] ] } },
{ "type": "Feature", "properties": { "urban_density": 0.48765519185229622, "temperature_proxy": 29.169758747039925 }, "geometry": { "type": "Polygon", "coordinates": [ [ [ -15.947201, 23.696516 ], [ -15.947214, 23.698323 ], [ -15.949176, 23.698311 ], [ -15.949162, 23.696504 ], [ -15.947201, 23.696516 ] ] ] } },
{ "type": "Feature", "properties": { "urban_density": 0.56000270780783357, "temperature_proxy": 29.64001760075092 }, "geometry": { "type": "Polygon", "coordinates": [ [ [ -15.947214, 23.698323 ], [ -15.947227, 23.700129 ], [ -15.949189, 23.700117 ], [ -15.949176, 23.698311 ], [ -15.947214, 23.698323 ] ] ] } },
{ "type": "Feature", "properties": { "urban_density": 0.37633802963010976, "temperature_proxy": 28.446197192595712 }, "geometry": { "type": "Polygon", "coordinates": [ [ [ -15.947227, 23.700129 ], [ -15.94724, 23.701935 ], [ -15.949202, 23.701923 ], [ -15.949189, 23.700117 ], [ -15.947227, 23.700129 ] ] ] } },
{ "type": "Feature", "properties": { "urban_density": 0.38166408866483892, "temperature_proxy": 28.480816576321452 }, "geometry": { "type": "Polygon", "coordinates": [ [ [ -15.94724, 23.701935 ], [ -15.947253, 23.703741 ], [ -15.949215, 23.703729 ], [ -15.949202, 23.701923 ], [ -15.94724, 23.701935 ] ] ] } },
{ "type": "Feature", "properties": { "urban_density": 0.22253878566693025, "temperature_proxy": 27.446502106835048 }, "geometry": { "type": "Polygon", "coordinates": [ [ [ -15.947253, 23.703741 ], [ -15.947266, 23.705548 ], [ -15.949228, 23.705536 ], [ -15.949215, 23.703729 ], [ -15.947253, 23.703741 ] ] ] } },
{ "type": "Feature", "properties": { "urban_density": 0.13384228477718046, "temperature_proxy": 26.869974851051673 }, "geometry": { "type": "Polygon", "coordinates": [ [ [ -15.947266, 23.705548 ], [ -15.947279, 23.707354 ], [ -15.949241, 23.707342 ], [ -15.949228, 23.705536 ], [ -15.947266, 23.705548 ] ] ] } },
{ "type": "Feature", "properties": { "urban_density": 0.060199104922487263, "temperature_proxy": 26.391294181996166 }, "geometry": { "type": "Polygon", "coordinates": [ [ [ -15.947279, 23.707354 ], [ -15.947292, 23.70916 ], [ -15.949254, 23.709148 ], [ -15.949241, 23.707342 ], [ -15.947279, 23.707354 ] ] ] } },
{ "type": "Feature", "properties": { "urban_density": 0.023362187093694167, "temperature_proxy": 26.151854216109012 }, "geometry": { "type": "Polygon", "coordinates": [ [ [ -15.947305, 23.710966 ], [ -15.947318, 23.712773 ], [ -15.94928, 23.712761 ], [ -15.949267, 23.710954 ], [ -15.947305, 23.710966 ] ] ] } },
{ "type": "Feature", "properties": { "urban_density": 0.024657960637426798, "temperature_proxy": 26.160276744143275 }, "geometry": { "type": "Polygon", "coordinates": [ [ [ -15.947318, 23.712773 ], [ -15.947331, 23.714579 ], [ -15.949293, 23.714567 ], [ -15.94928, 23.712761 ], [ -15.947318, 23.712773 ] ] ] } },
{ "type": "Feature", "properties": { "urban_density": 0.027516914123854087, "temperature_proxy": 26.178859941805051 }, "geometry": { "type": "Polygon", "coordinates": [ [ [ -15.944954, 23.65679 ], [ -15.944967, 23.658596 ], [ -15.946928, 23.658584 ], [ -15.946915, 23.656778 ], [ -15.944954, 23.65679 ] ] ] } },
{ "type": "Feature", "properties": { "urban_density": 0.061509769319003031, "temperature_proxy": 26.399813500573519 }, "geometry": { "type": "Polygon", "coordinates": [ [ [ -15.945122, 23.680272 ], [ -15.945135, 23.682078 ], [ -15.947097, 23.682066 ], [ -15.947084, 23.68026 ], [ -15.945122, 23.680272 ] ] ] } },
{ "type": "Feature", "properties": { "urban_density": 0.057263222269502805, "temperature_proxy": 26.372210944751767 }, "geometry": { "type": "Polygon", "coordinates": [ [ [ -15.945148, 23.683884 ], [ -15.945161, 23.685691 ], [ -15.947123, 23.685679 ], [ -15.94711, 23.683872 ], [ -15.945148, 23.683884 ] ] ] } },
{ "type": "Feature", "properties": { "urban_density": 0.48741641828365589, "temperature_proxy": 29.168206718843763 }, "geometry": { "type": "Polygon", "coordinates": [ [ [ -15.945161, 23.685691 ], [ -15.945174, 23.687497 ], [ -15.947136, 23.687485 ], [ -15.947123, 23.685679 ], [ -15.945161, 23.685691 ] ] ] } },
{ "type": "Feature", "properties": { "urban_density": 0.48864020014204917, "temperature_proxy": 29.176161300923319 }, "geometry": { "type": "Polygon", "coordinates": [ [ [ -15.945174, 23.687497 ], [ -15.945187, 23.689303 ], [ -15.947149, 23.689291 ], [ -15.947136, 23.687485 ], [ -15.945174, 23.687497 ] ] ] } },
{ "type": "Feature", "properties": { "urban_density": 0.24756070878711661, "temperature_proxy": 27.609144607116257 }, "geometry": { "type": "Polygon", "coordinates": [ [ [ -15.945187, 23.689303 ], [ -15.9452, 23.691109 ], [ -15.947162, 23.691097 ], [ -15.947149, 23.689291 ], [ -15.945187, 23.689303 ] ] ] } },
{ "type": "Feature", "properties": { "urban_density": 0.15650573009083807, "temperature_proxy": 27.017287245590449 }, "geometry": { "type": "Polygon", "coordinates": [ [ [ -15.9452, 23.691109 ], [ -15.945213, 23.692916 ], [ -15.947175, 23.692904 ], [ -15.947162, 23.691097 ], [ -15.9452, 23.691109 ] ] ] } },
{ "type": "Feature", "properties": { "urban_density": 0.13327445394741436, "temperature_proxy": 26.866283950658193 }, "geometry": { "type": "Polygon", "coordinates": [ [ [ -15.945213, 23.692916 ], [ -15.945226, 23.694722 ], [ -15.947188, 23.69471 ], [ -15.947175, 23.692904 ], [ -15.945213, 23.692916 ] ] ] } },
{ "type": "Feature", "properties": { "urban_density": 0.4898541949853521, "temperature_proxy": 29.184052267404788 }, "geometry": { "type": "Polygon", "coordinates": [ [ [ -15.945226, 23.694722 ], [ -15.945239, 23.696528 ], [ -15.947201, 23.696516 ], [ -15.947188, 23.69471 ], [ -15.945226, 23.694722 ] ] ] } },
{ "type": "Feature", "properties": { "urban_density": 0.370758649059798, "temperature_proxy": 28.409931218888687 }, "geometry": { "type": "Polygon", "coordinates": [ [ [ -15.945239, 23.696528 ], [ -15.945252, 23.698335 ], [ -15.947214, 23.698323 ], [ -15.947201, 23.696516 ], [ -15.945239, 23.696528 ] ] ] } },
{ "type": "Feature", "properties": { "urban_density": 0.48718081170560917, "temperature_proxy": 29.166675276086458 }, "geometry": { "type": "Polygon", "coordinates": [ [ [ -15.945252, 23.698335 ], [ -15.945265, 23.700141 ], [ -15.947227, 23.700129 ], [ -15.947214, 23.698323 ], [ -15.945252, 23.698335 ] ] ] } },
{ "type": "Feature", "properties": { "urban_density": 0.53601599877268236, "temperature_proxy": 29.484103992022437 }, "geometry": { "type": "Polygon", "coordinates": [ [ [ -15.945265, 23.700141 ], [ -15.945278, 23.701947 ], [ -15.94724, 23.701935 ], [ -15.947227, 23.700129 ], [ -15.945265, 23.700141 ] ] ] } },
{ "type": "Feature", "properties": { "urban_density": 0.25081955832076114, "temperature_proxy": 27.630327129084947 }, "geometry": { "type": "Polygon", "coordinates": [ [ [ -15.945278, 23.701947 ], [ -15.945291, 23.703753 ], [ -15.947253, 23.703741 ], [ -15.94724, 23.701935 ], [ -15.945278, 23.701947 ] ] ] } },
{ "type": "Feature", "properties": { "urban_density": 0.28187824157352631, "temperature_proxy": 27.83220857022792 }, "geometry": { "type": "Polygon", "coordinates": [ [ [ -15.945291, 23.703753 ], [ -15.945304, 23.70556 ], [ -15.947266, 23.705548 ], [ -15.947253, 23.703741 ], [ -15.945291, 23.703753 ] ] ] } },
{ "type": "Feature", "properties": { "urban_density": 0.046917229716179433, "temperature_proxy": 26.304961993155167 }, "geometry": { "type": "Polygon", "coordinates": [ [ [ -15.945304, 23.70556 ], [ -15.945317, 23.707366 ], [ -15.947279, 23.707354 ], [ -15.947266, 23.705548 ], [ -15.945304, 23.70556 ] ] ] } },
{ "type": "Feature", "properties": { "urban_density": 0.086334081028908632, "temperature_proxy": 26.561171526687907 }, "geometry": { "type": "Polygon", "coordinates": [ [ [ -15.945317, 23.707366 ], [ -15.945331, 23.709172 ], [ -15.947292, 23.70916 ], [ -15.947279, 23.707354 ], [ -15.945317, 23.707366 ] ] ] } },
{ "type": "Feature", "properties": { "urban_density": 0.023190094586295784, "temperature_proxy": 26.150735614810923 }, "geometry": { "type": "Polygon", "coordinates": [ [ [ -15.945331, 23.709172 ], [ -15.945344, 23.710978 ], [ -15.947305, 23.710966 ], [ -15.947292, 23.70916 ], [ -15.945331, 23.709172 ] ] ] } },
{ "type": "Feature", "properties": { "urban_density": 0.01813070538142109, "temperature_proxy": 26.117849584979236 }, "geometry": { "type": "Polygon", "coordinates": [ [ [ -15.945357, 23.712785 ], [ -15.94537, 23.714591 ], [ -15.947331, 23.714579 ], [ -15.947318, 23.712773 ], [ -15.945357, 23.712785 ] ] ] } },
{ "type": "Feature", "properties": { "urban_density": 0.058130913359255541, "temperature_proxy": 26.377850936835159 }, "geometry": { "type": "Polygon", "coordinates": [ [ [ -15.94537, 23.714591 ], [ -15.945383, 23.716397 ], [ -15.947344, 23.716385 ], [ -15.947331, 23.714579 ], [ -15.94537, 23.714591 ] ] ] } },
{ "type": "Feature", "properties": { "urban_density": 0.02121383330395752, "temperature_proxy": 26.137889916475725 }, "geometry": { "type": "Polygon", "coordinates": [ [ [ -15.943006, 23.658608 ], [ -15.943019, 23.660414 ], [ -15.94498, 23.660403 ], [ -15.944967, 23.658596 ], [ -15.943006, 23.658608 ] ] ] } },
{ "type": "Feature", "properties": { "urban_density": 0.1240322831799006, "temperature_proxy": 26.806209840669354 }, "geometry": { "type": "Polygon", "coordinates": [ [ [ -15.943187, 23.683896 ], [ -15.9432, 23.685702 ], [ -15.945161, 23.685691 ], [ -15.945148, 23.683884 ], [ -15.943187, 23.683896 ] ] ] } },
{ "type": "Feature", "properties": { "urban_density": 0.49969383158825631, "temperature_proxy": 29.248009905323666 }, "geometry": { "type": "Polygon", "coordinates": [ [ [ -15.9432, 23.685702 ], [ -15.943213, 23.687509 ], [ -15.945174, 23.687497 ], [ -15.945161, 23.685691 ], [ -15.9432, 23.685702 ] ] ] } },
{ "type": "Feature", "properties": { "urban_density": 0.51688478675070326, "temperature_proxy": 29.359751113879572 }, "geometry": { "type": "Polygon", "coordinates": [ [ [ -15.943213, 23.687509 ], [ -15.943226, 23.689315 ], [ -15.945187, 23.689303 ], [ -15.945174, 23.687497 ], [ -15.943213, 23.687509 ] ] ] } },
{ "type": "Feature", "properties": { "urban_density": 0.19943133605155158, "temperature_proxy": 27.296303684335086 }, "geometry": { "type": "Polygon", "coordinates": [ [ [ -15.943226, 23.689315 ], [ -15.943239, 23.691121 ], [ -15.9452, 23.691109 ], [ -15.945187, 23.689303 ], [ -15.943226, 23.689315 ] ] ] } },
{ "type": "Feature", "properties": { "urban_density": 0.12461773484064233, "temperature_proxy": 26.810015276464174 }, "geometry": { "type": "Polygon", "coordinates": [ [ [ -15.943265, 23.694734 ], [ -15.943278, 23.69654 ], [ -15.945239, 23.696528 ], [ -15.945226, 23.694722 ], [ -15.943265, 23.694734 ] ] ] } },
{ "type": "Feature", "properties": { "urban_density": 0.35747939555234215, "temperature_proxy": 28.323616071090225 }, "geometry": { "type": "Polygon", "coordinates": [ [ [ -15.943278, 23.69654 ], [ -15.943291, 23.698346 ], [ -15.945252, 23.698335 ], [ -15.945239, 23.696528 ], [ -15.943278, 23.69654 ] ] ] } },
{ "type": "Feature", "properties": { "urban_density": 0.45832888126232046, "temperature_proxy": 28.979137728205082 }, "geometry": { "type": "Polygon", "coordinates": [ [ [ -15.943291, 23.698346 ], [ -15.943304, 23.700153 ], [ -15.945265, 23.700141 ], [ -15.945252, 23.698335 ], [ -15.943291, 23.698346 ] ] ] } },
{ "type": "Feature", "properties": { "urban_density": 0.62022717258284543, "temperature_proxy": 30.031476621788496 }, "geometry": { "type": "Polygon", "coordinates": [ [ [ -15.943304, 23.700153 ], [ -15.943317, 23.701959 ], [ -15.945278, 23.701947 ], [ -15.945265, 23.700141 ], [ -15.943304, 23.700153 ] ] ] } },
{ "type": "Feature", "properties": { "urban_density": 0.084115986181058949, "temperature_proxy": 26.546753910176882 }, "geometry": { "type": "Polygon", "coordinates": [ [ [ -15.943317, 23.701959 ], [ -15.94333, 23.703765 ], [ -15.945291, 23.703753 ], [ -15.945278, 23.701947 ], [ -15.943317, 23.701959 ] ] ] } },
{ "type": "Feature", "properties": { "urban_density": 0.16105968201211365, "temperature_proxy": 27.04688793307874 }, "geometry": { "type": "Polygon", "coordinates": [ [ [ -15.94333, 23.703765 ], [ -15.943343, 23.705572 ], [ -15.945304, 23.70556 ], [ -15.945291, 23.703753 ], [ -15.94333, 23.703765 ] ] ] } },
{ "type": "Feature", "properties": { "urban_density": 0.031693706737933328, "temperature_proxy": 26.206009093796567 }, "geometry": { "type": "Polygon", "coordinates": [ [ [ -15.943343, 23.705572 ], [ -15.943356, 23.707378 ], [ -15.945317, 23.707366 ], [ -15.945304, 23.70556 ], [ -15.943343, 23.705572 ] ] ] } },
{ "type": "Feature", "properties": { "urban_density": 0.11436647265369088, "temperature_proxy": 26.743382072248991 }, "geometry": { "type": "Polygon", "coordinates": [ [ [ -15.943356, 23.707378 ], [ -15.943369, 23.709184 ], [ -15.945331, 23.709172 ], [ -15.945317, 23.707366 ], [ -15.943356, 23.707378 ] ] ] } },
{ "type": "Feature", "properties": { "urban_density": 0.14187441307242757, "temperature_proxy": 26.922183684970779 }, "geometry": { "type": "Polygon", "coordinates": [ [ [ -15.943369, 23.709184 ], [ -15.943382, 23.71099 ], [ -15.945344, 23.710978 ], [ -15.945331, 23.709172 ], [ -15.943369, 23.709184 ] ] ] } },
{ "type": "Feature", "properties": { "urban_density": 0.074863548317854162, "temperature_proxy": 26.486613064066052 }, "geometry": { "type": "Polygon", "coordinates": [ [ [ -15.943382, 23.71099 ], [ -15.943395, 23.712797 ], [ -15.945357, 23.712785 ], [ -15.945344, 23.710978 ], [ -15.943382, 23.71099 ] ] ] } },
{ "type": "Feature", "properties": { "urban_density": 0.012130189833659611, "temperature_proxy": 26.078846233918789 }, "geometry": { "type": "Polygon", "coordinates": [ [ [ -15.943395, 23.712797 ], [ -15.943408, 23.714603 ], [ -15.94537, 23.714591 ], [ -15.945357, 23.712785 ], [ -15.943395, 23.712797 ] ] ] } },
{ "type": "Feature", "properties": { "urban_density": 0.030678605261337456, "temperature_proxy": 26.199410934198692 }, "geometry": { "type": "Polygon", "coordinates": [ [ [ -15.943408, 23.714603 ], [ -15.943421, 23.716409 ], [ -15.945383, 23.716397 ], [ -15.94537, 23.714591 ], [ -15.943408, 23.714603 ] ] ] } },
{ "type": "Feature", "properties": { "urban_density": 0.015176345355768077, "temperature_proxy": 26.098646244812493 }, "geometry": { "type": "Polygon", "coordinates": [ [ [ -15.941213, 23.682102 ], [ -15.941226, 23.683908 ], [ -15.943187, 23.683896 ], [ -15.943174, 23.68209 ], [ -15.941213, 23.682102 ] ] ] } },
{ "type": "Feature", "properties": { "urban_density": 0.11636570679304109, "temperature_proxy": 26.756377094154768 }, "geometry": { "type": "Polygon", "coordinates": [ [ [ -15.941226, 23.683908 ], [ -15.941239, 23.685714 ], [ -15.9432, 23.685702 ], [ -15.943187, 23.683896 ], [ -15.941226, 23.683908 ] ] ] } },
{ "type": "Feature", "properties": { "urban_density": 0.48724743968752254, "temperature_proxy": 29.167108357968896 }, "geometry": { "type": "Polygon", "coordinates": [ [ [ -15.941239, 23.685714 ], [ -15.941252, 23.687521 ], [ -15.943213, 23.687509 ], [ -15.9432, 23.685702 ], [ -15.941239, 23.685714 ] ] ] } },
{ "type": "Feature", "properties": { "urban_density": 0.40929886335895055, "temperature_proxy": 28.660442611833179 }, "geometry": { "type": "Polygon", "coordinates": [ [ [ -15.941252, 23.687521 ], [ -15.941265, 23.689327 ], [ -15.943226, 23.689315 ], [ -15.943213, 23.687509 ], [ -15.941252, 23.687521 ] ] ] } },
{ "type": "Feature", "properties": { "urban_density": 0.375419968925082, "temperature_proxy": 28.440229798013032 }, "geometry": { "type": "Polygon", "coordinates": [ [ [ -15.941265, 23.689327 ], [ -15.941278, 23.691133 ], [ -15.943239, 23.691121 ], [ -15.943226, 23.689315 ], [ -15.941265, 23.689327 ] ] ] } },
{ "type": "Feature", "properties": { "urban_density": 0.050014711615536063, "temperature_proxy": 26.325095625500985 }, "geometry": { "type": "Polygon", "coordinates": [ [ [ -15.941278, 23.691133 ], [ -15.94129, 23.69294 ], [ -15.943252, 23.692928 ], [ -15.943239, 23.691121 ], [ -15.941278, 23.691133 ] ] ] } },
{ "type": "Feature", "properties": { "urban_density": 0.010312551672772761, "temperature_proxy": 26.067031585873021 }, "geometry": { "type": "Polygon", "coordinates": [ [ [ -15.94129, 23.69294 ], [ -15.941303, 23.694746 ], [ -15.943265, 23.694734 ], [ -15.943252, 23.692928 ], [ -15.94129, 23.69294 ] ] ] } },
{ "type": "Feature", "properties": { "urban_density": 0.054408195797176699, "temperature_proxy": 26.353653272681647 }, "geometry": { "type": "Polygon", "coordinates": [ [ [ -15.941329, 23.698358 ], [ -15.941342, 23.700165 ], [ -15.943304, 23.700153 ], [ -15.943291, 23.698346 ], [ -15.941329, 23.698358 ] ] ] } },
{ "type": "Feature", "properties": { "urban_density": 0.21990049659908978, "temperature_proxy": 27.429353227894083 }, "geometry": { "type": "Polygon", "coordinates": [ [ [ -15.941342, 23.700165 ], [ -15.941355, 23.701971 ], [ -15.943317, 23.701959 ], [ -15.943304, 23.700153 ], [ -15.941342, 23.700165 ] ] ] } },
{ "type": "Feature", "properties": { "urban_density": 0.01980347915750676, "temperature_proxy": 26.128722614523795 }, "geometry": { "type": "Polygon", "coordinates": [ [ [ -15.941394, 23.70739 ], [ -15.941407, 23.709196 ], [ -15.943369, 23.709184 ], [ -15.943356, 23.707378 ], [ -15.941394, 23.70739 ] ] ] } },
{ "type": "Feature", "properties": { "urban_density": 0.090393919020952243, "temperature_proxy": 26.587560473636188 }, "geometry": { "type": "Polygon", "coordinates": [ [ [ -15.941407, 23.709196 ], [ -15.94142, 23.711002 ], [ -15.943382, 23.71099 ], [ -15.943369, 23.709184 ], [ -15.941407, 23.709196 ] ] ] } },
{ "type": "Feature", "properties": { "urban_density": 0.093584330021640696, "temperature_proxy": 26.608298145140665 }, "geometry": { "type": "Polygon", "coordinates": [ [ [ -15.94142, 23.711002 ], [ -15.941433, 23.712809 ], [ -15.943395, 23.712797 ], [ -15.943382, 23.71099 ], [ -15.94142, 23.711002 ] ] ] } },
{ "type": "Feature", "properties": { "urban_density": 0.064549659894425765, "temperature_proxy": 26.419572789313769 }, "geometry": { "type": "Polygon", "coordinates": [ [ [ -15.941433, 23.712809 ], [ -15.941446, 23.714615 ], [ -15.943408, 23.714603 ], [ -15.943395, 23.712797 ], [ -15.941433, 23.712809 ] ] ] } },
{ "type": "Feature", "properties": { "urban_density": 0.03337923073081632, "temperature_proxy": 26.216964999750306 }, "geometry": { "type": "Polygon", "coordinates": [ [ [ -15.941459, 23.716421 ], [ -15.941472, 23.718228 ], [ -15.943434, 23.718216 ], [ -15.943421, 23.716409 ], [ -15.941459, 23.716421 ] ] ] } },
{ "type": "Feature", "properties": { "urban_density": 0.053454870988649171, "temperature_proxy": 26.347456661426218 }, "geometry": { "type": "Polygon", "coordinates": [ [ [ -15.941472, 23.718228 ], [ -15.941485, 23.720034 ], [ -15.943447, 23.720022 ], [ -15.943434, 23.718216 ], [ -15.941472, 23.718228 ] ] ] } },
{ "type": "Feature", "properties": { "urban_density": 0.35494675671239823, "temperature_proxy": 28.30715391863059 }, "geometry": { "type": "Polygon", "coordinates": [ [ [ -15.939277, 23.685726 ], [ -15.93929, 23.687533 ], [ -15.941252, 23.687521 ], [ -15.941239, 23.685714 ], [ -15.939277, 23.685726 ] ] ] } },
{ "type": "Feature", "properties": { "urban_density": 0.53620284529202666, "temperature_proxy": 29.485318494398172 }, "geometry": { "type": "Polygon", "coordinates": [ [ [ -15.93929, 23.687533 ], [ -15.939303, 23.689339 ], [ -15.941265, 23.689327 ], [ -15.941252, 23.687521 ], [ -15.93929, 23.687533 ] ] ] } },
{ "type": "Feature", "properties": { "urban_density": 0.43737807268343704, "temperature_proxy": 28.84295747244234 }, "geometry": { "type": "Polygon", "coordinates": [ [ [ -15.939303, 23.689339 ], [ -15.939316, 23.691145 ], [ -15.941278, 23.691133 ], [ -15.941265, 23.689327 ], [ -15.939303, 23.689339 ] ] ] } },
{ "type": "Feature", "properties": { "urban_density": 0.11547246865897164, "temperature_proxy": 26.750571046283316 }, "geometry": { "type": "Polygon", "coordinates": [ [ [ -15.939316, 23.691145 ], [ -15.939329, 23.692951 ], [ -15.94129, 23.69294 ], [ -15.941278, 23.691133 ], [ -15.939316, 23.691145 ] ] ] } },
{ "type": "Feature", "properties": { "urban_density": 0.29240290538089697, "temperature_proxy": 27.900618884975831 }, "geometry": { "type": "Polygon", "coordinates": [ [ [ -15.939329, 23.692951 ], [ -15.939342, 23.694758 ], [ -15.941303, 23.694746 ], [ -15.94129, 23.69294 ], [ -15.939329, 23.692951 ] ] ] } },
{ "type": "Feature", "properties": { "urban_density": 0.1270360494732968, "temperature_proxy": 26.82573432157643 }, "geometry": { "type": "Polygon", "coordinates": [ [ [ -15.939342, 23.694758 ], [ -15.939355, 23.696564 ], [ -15.941316, 23.696552 ], [ -15.941303, 23.694746 ], [ -15.939342, 23.694758 ] ] ] } },
{ "type": "Feature", "properties": { "urban_density": 0.014772158474001339, "temperature_proxy": 26.09601903008101 }, "geometry": { "type": "Polygon", "coordinates": [ [ [ -15.939445, 23.709208 ], [ -15.939458, 23.711014 ], [ -15.94142, 23.711002 ], [ -15.941407, 23.709196 ], [ -15.939445, 23.709208 ] ] ] } },
{ "type": "Feature", "properties": { "urban_density": 0.063119370441128447, "temperature_proxy": 26.410275907867334 }, "geometry": { "type": "Polygon", "coordinates": [ [ [ -15.939458, 23.711014 ], [ -15.939471, 23.712821 ], [ -15.941433, 23.712809 ], [ -15.94142, 23.711002 ], [ -15.939458, 23.711014 ] ] ] } },
{ "type": "Feature", "properties": { "urban_density": 0.076639412695470449, "temperature_proxy": 26.498156182520557 }, "geometry": { "type": "Polygon", "coordinates": [ [ [ -15.939471, 23.712821 ], [ -15.939484, 23.714627 ], [ -15.941446, 23.714615 ], [ -15.941433, 23.712809 ], [ -15.939471, 23.712821 ] ] ] } },
{ "type": "Feature", "properties": { "urban_density": 0.095754293637636947, "temperature_proxy": 26.622402908644641 }, "geometry": { "type": "Polygon", "coordinates": [ [ [ -15.939497, 23.716433 ], [ -15.93951, 23.718239 ], [ -15.941472, 23.718228 ], [ -15.941459, 23.716421 ], [ -15.939497, 23.716433 ] ] ] } },
{ "type": "Feature", "properties": { "urban_density": 0.18027979168917688, "temperature_proxy": 27.171818645979648 }, "geometry": { "type": "Polygon", "coordinates": [ [ [ -15.93951, 23.718239 ], [ -15.939523, 23.720046 ], [ -15.941485, 23.720034 ], [ -15.941472, 23.718228 ], [ -15.93951, 23.718239 ] ] ] } },
{ "type": "Feature", "properties": { "urban_density": 0.027149654407333686, "temperature_proxy": 26.176472753647669 }, "geometry": { "type": "Polygon", "coordinates": [ [ [ -15.937303, 23.683932 ], [ -15.937316, 23.685738 ], [ -15.939277, 23.685726 ], [ -15.939264, 23.68392 ], [ -15.937303, 23.683932 ] ] ] } },
{ "type": "Feature", "properties": { "urban_density": 0.23798054815102337, "temperature_proxy": 27.546873562981652 }, "geometry": { "type": "Polygon", "coordinates": [ [ [ -15.937316, 23.685738 ], [ -15.937329, 23.687545 ], [ -15.93929, 23.687533 ], [ -15.939277, 23.685726 ], [ -15.937316, 23.685738 ] ] ] } },
{ "type": "Feature", "properties": { "urban_density": 0.32211544704707373, "temperature_proxy": 28.093750405805977 }, "geometry": { "type": "Polygon", "coordinates": [ [ [ -15.937329, 23.687545 ], [ -15.937342, 23.689351 ], [ -15.939303, 23.689339 ], [ -15.93929, 23.687533 ], [ -15.937329, 23.687545 ] ] ] } },
{ "type": "Feature", "properties": { "urban_density": 0.23744002763933869, "temperature_proxy": 27.5433601796557 }, "geometry": { "type": "Polygon", "coordinates": [ [ [ -15.937342, 23.689351 ], [ -15.937355, 23.691157 ], [ -15.939316, 23.691145 ], [ -15.939303, 23.689339 ], [ -15.937342, 23.689351 ] ] ] } },
{ "type": "Feature", "properties": { "urban_density": 0.21607562873106054, "temperature_proxy": 27.404491586751895 }, "geometry": { "type": "Polygon", "coordinates": [ [ [ -15.937355, 23.691157 ], [ -15.937368, 23.692963 ], [ -15.939329, 23.692951 ], [ -15.939316, 23.691145 ], [ -15.937355, 23.691157 ] ] ] } },
{ "type": "Feature", "properties": { "urban_density": 0.45503216346235631, "temperature_proxy": 28.957709062505316 }, "geometry": { "type": "Polygon", "coordinates": [ [ [ -15.937368, 23.692963 ], [ -15.93738, 23.69477 ], [ -15.939342, 23.694758 ], [ -15.939329, 23.692951 ], [ -15.937368, 23.692963 ] ] ] } },
{ "type": "Feature", "properties": { "urban_density": 0.55398841069207316, "temperature_proxy": 29.600924669498475 }, "geometry": { "type": "Polygon", "coordinates": [ [ [ -15.93738, 23.69477 ], [ -15.937393, 23.696576 ], [ -15.939355, 23.696564 ], [ -15.939342, 23.694758 ], [ -15.93738, 23.69477 ] ] ] } },
{ "type": "Feature", "properties": { "urban_density": 0.41423357602987559, "temperature_proxy": 28.69251824419419 }, "geometry": { "type": "Polygon", "coordinates": [ [ [ -15.937393, 23.696576 ], [ -15.937406, 23.698382 ], [ -15.939368, 23.69837 ], [ -15.939355, 23.696564 ], [ -15.937393, 23.696576 ] ] ] } },
{ "type": "Feature", "properties": { "urban_density": 0.20910901666469808, "temperature_proxy": 27.359208608320536 }, "geometry": { "type": "Polygon", "coordinates": [ [ [ -15.937406, 23.698382 ], [ -15.937419, 23.700189 ], [ -15.939381, 23.700177 ], [ -15.939368, 23.69837 ], [ -15.937406, 23.698382 ] ] ] } },
{ "type": "Feature", "properties": { "urban_density": 0.018553476062825182, "temperature_proxy": 26.120597594408363 }, "geometry": { "type": "Polygon", "coordinates": [ [ [ -15.937419, 23.700189 ], [ -15.937432, 23.701995 ], [ -15.939394, 23.701983 ], [ -15.939381, 23.700177 ], [ -15.937419, 23.700189 ] ] ] } },
{ "type": "Feature", "properties": { "urban_density": 0.047227121732701813, "temperature_proxy": 26.306976291262561 }, "geometry": { "type": "Polygon", "coordinates": [ [ [ -15.935368, 23.687556 ], [ -15.93538, 23.689363 ], [ -15.937342, 23.689351 ], [ -15.937329, 23.687545 ], [ -15.935368, 23.687556 ] ] ] } },
{ "type": "Feature", "properties": { "urban_density": 0.11836503358437231, "temperature_proxy": 26.76937271829842 }, "geometry": { "type": "Polygon", "coordinates": [ [ [ -15.93538, 23.689363 ], [ -15.935393, 23.691169 ], [ -15.937355, 23.691157 ], [ -15.937342, 23.689351 ], [ -15.93538, 23.689363 ] ] ] } },
{ "type": "Feature", "properties": { "urban_density": 0.31897769880794841, "temperature_proxy": 28.073355042251663 }, "geometry": { "type": "Polygon", "coordinates": [ [ [ -15.935393, 23.691169 ], [ -15.935406, 23.692975 ], [ -15.937368, 23.692963 ], [ -15.937355, 23.691157 ], [ -15.935393, 23.691169 ] ] ] } },
{ "type": "Feature", "properties": { "urban_density": 0.3902935755761725, "temperature_proxy": 28.536908241245122 }, "geometry": { "type": "Polygon", "coordinates": [ [ [ -15.935406, 23.692975 ], [ -15.935419, 23.694782 ], [ -15.93738, 23.69477 ], [ -15.937368, 23.692963 ], [ -15.935406, 23.692975 ] ] ] } },
{ "type": "Feature", "properties": { "urban_density": 0.4554249858976529, "temperature_proxy": 28.960262408334742 }, "geometry": { "type": "Polygon", "coordinates": [ [ [ -15.935419, 23.694782 ], [ -15.935432, 23.696588 ], [ -15.937393, 23.696576 ], [ -15.93738, 23.69477 ], [ -15.935419, 23.694782 ] ] ] } },
{ "type": "Feature", "properties": { "urban_density": 0.51193509011041982, "temperature_proxy": 29.327578085717729 }, "geometry": { "type": "Polygon", "coordinates": [ [ [ -15.935432, 23.696588 ], [ -15.935445, 23.698394 ], [ -15.937406, 23.698382 ], [ -15.937393, 23.696576 ], [ -15.935432, 23.696588 ] ] ] } },
{ "type": "Feature", "properties": { "urban_density": 0.46702449220414366, "temperature_proxy": 29.035659199326933 }, "geometry": { "type": "Polygon", "coordinates": [ [ [ -15.935445, 23.698394 ], [ -15.935458, 23.7002 ], [ -15.937419, 23.700189 ], [ -15.937406, 23.698382 ], [ -15.935445, 23.698394 ] ] ] } },
{ "type": "Feature", "properties": { "urban_density": 0.1453323893001712, "temperature_proxy": 26.944660530451113 }, "geometry": { "type": "Polygon", "coordinates": [ [ [ -15.935458, 23.7002 ], [ -15.93547, 23.702007 ], [ -15.937432, 23.701995 ], [ -15.937419, 23.700189 ], [ -15.935458, 23.7002 ] ] ] } },
{ "type": "Feature", "properties": { "urban_density": 0.010566993065497653, "temperature_proxy": 26.068685454925735 }, "geometry": { "type": "Polygon", "coordinates": [ [ [ -15.93547, 23.702007 ], [ -15.935483, 23.703813 ], [ -15.937445, 23.703801 ], [ -15.937432, 23.701995 ], [ -15.93547, 23.702007 ] ] ] } },
{ "type": "Feature", "properties": { "urban_density": 0.10039884281874686, "temperature_proxy": 26.652592478321854 }, "geometry": { "type": "Polygon", "coordinates": [ [ [ -15.933445, 23.692987 ], [ -15.933457, 23.694793 ], [ -15.935419, 23.694782 ], [ -15.935406, 23.692975 ], [ -15.933445, 23.692987 ] ] ] } },
{ "type": "Feature", "properties": { "urban_density": 0.28569633633722569, "temperature_proxy": 27.857026186191966 }, "geometry": { "type": "Polygon", "coordinates": [ [ [ -15.933457, 23.694793 ], [ -15.93347, 23.6966 ], [ -15.935432, 23.696588 ], [ -15.935419, 23.694782 ], [ -15.933457, 23.694793 ] ] ] } },
{ "type": "Feature", "properties": { "urban_density": 0.48584195505124406, "temperature_proxy": 29.157972707833085 }, "geometry": { "type": "Polygon", "coordinates": [ [ [ -15.93347, 23.6966 ], [ -15.933483, 23.698406 ], [ -15.935445, 23.698394 ], [ -15.935432, 23.696588 ], [ -15.93347, 23.6966 ] ] ] } },
{ "type": "Feature", "properties": { "urban_density": 0.37170260709679198, "temperature_proxy": 28.416066946129149 }, "geometry": { "type": "Polygon", "coordinates": [ [ [ -15.933483, 23.698406 ], [ -15.933496, 23.700212 ], [ -15.935458, 23.7002 ], [ -15.935445, 23.698394 ], [ -15.933483, 23.698406 ] ] ] } },
{ "type": "Feature", "properties": { "urban_density": 0.14762087851709277, "temperature_proxy": 26.959535710361102 }, "geometry": { "type": "Polygon", "coordinates": [ [ [ -15.933496, 23.700212 ], [ -15.933509, 23.702019 ], [ -15.93547, 23.702007 ], [ -15.935458, 23.7002 ], [ -15.933496, 23.700212 ] ] ] } },
{ "type": "Feature", "properties": { "urban_density": 0.037602831217359252, "temperature_proxy": 26.244418402912835 }, "geometry": { "type": "Polygon", "coordinates": [ [ [ -15.933509, 23.702019 ], [ -15.933522, 23.703825 ], [ -15.935483, 23.703813 ], [ -15.93547, 23.702007 ], [ -15.933509, 23.702019 ] ] ] } },
{ "type": "Feature", "properties": { "urban_density": 0.023101855576125107, "temperature_proxy": 26.150162061244814 }, "geometry": { "type": "Polygon", "coordinates": [ [ [ -15.931483, 23.692999 ], [ -15.931496, 23.694805 ], [ -15.933457, 23.694793 ], [ -15.933445, 23.692987 ], [ -15.931483, 23.692999 ] ] ] } },
{ "type": "Feature", "properties": { "urban_density": 0.19263276873171259, "temperature_proxy": 27.252112996756132 }, "geometry": { "type": "Polygon", "coordinates": [ [ [ -15.931496, 23.694805 ], [ -15.931509, 23.696611 ], [ -15.93347, 23.6966 ], [ -15.933457, 23.694793 ], [ -15.931496, 23.694805 ] ] ] } },
{ "type": "Feature", "properties": { "urban_density": 0.38196999210493493, "temperature_proxy": 28.482804948682077 }, "geometry": { "type": "Polygon", "coordinates": [ [ [ -15.931509, 23.696611 ], [ -15.931522, 23.698418 ], [ -15.933483, 23.698406 ], [ -15.93347, 23.6966 ], [ -15.931509, 23.696611 ] ] ] } },
{ "type": "Feature", "properties": { "urban_density": 0.23325946248445908, "temperature_proxy": 27.516186506148983 }, "geometry": { "type": "Polygon", "coordinates": [ [ [ -15.931522, 23.698418 ], [ -15.931534, 23.700224 ], [ -15.933496, 23.700212 ], [ -15.933483, 23.698406 ], [ -15.931522, 23.698418 ] ] ] } },
{ "type": "Feature", "properties": { "urban_density": 0.51346979502865941, "temperature_proxy": 29.337553667686286 }, "geometry": { "type": "Polygon", "coordinates": [ [ [ -15.931534, 23.700224 ], [ -15.931547, 23.70203 ], [ -15.933509, 23.702019 ], [ -15.933496, 23.700212 ], [ -15.931534, 23.700224 ] ] ] } },
{ "type": "Feature", "properties": { "urban_density": 0.048632479834464129, "temperature_proxy": 26.316111118924017 }, "geometry": { "type": "Polygon", "coordinates": [ [ [ -15.931547, 23.70203 ], [ -15.93156, 23.703837 ], [ -15.933522, 23.703825 ], [ -15.933509, 23.702019 ], [ -15.931547, 23.70203 ] ] ] } },
{ "type": "Feature", "properties": { "urban_density": 0.062783817709675768, "temperature_proxy": 26.408094815112893 }, "geometry": { "type": "Polygon", "coordinates": [ [ [ -15.929547, 23.696623 ], [ -15.92956, 23.69843 ], [ -15.931522, 23.698418 ], [ -15.931509, 23.696611 ], [ -15.929547, 23.696623 ] ] ] } },
{ "type": "Feature", "properties": { "urban_density": 0.2467937654136636, "temperature_proxy": 27.604159475188812 }, "geometry": { "type": "Polygon", "coordinates": [ [ [ -15.92956, 23.69843 ], [ -15.929573, 23.700236 ], [ -15.931534, 23.700224 ], [ -15.931522, 23.698418 ], [ -15.92956, 23.69843 ] ] ] } },
{ "type": "Feature", "properties": { "urban_density": 0.31496003665979339, "temperature_proxy": 28.047240238288659 }, "geometry": { "type": "Polygon", "coordinates": [ [ [ -15.929573, 23.700236 ], [ -15.929586, 23.702042 ], [ -15.931547, 23.70203 ], [ -15.931534, 23.700224 ], [ -15.929573, 23.700236 ] ] ] } },
{ "type": "Feature", "properties": { "urban_density": 0.049401847593723042, "temperature_proxy": 26.321112009359201 }, "geometry": { "type": "Polygon", "coordinates": [ [ [ -15.929791, 23.730943 ], [ -15.929803, 23.732749 ], [ -15.931765, 23.732737 ], [ -15.931753, 23.730931 ], [ -15.929791, 23.730943 ] ] ] } },
{ "type": "Feature", "properties": { "urban_density": 0.12644050707585672, "temperature_proxy": 26.821863295993069 }, "geometry": { "type": "Polygon", "coordinates": [ [ [ -15.929803, 23.732749 ], [ -15.929816, 23.734555 ], [ -15.931778, 23.734543 ], [ -15.931765, 23.732737 ], [ -15.929803, 23.732749 ] ] ] } },
{ "type": "Feature", "properties": { "urban_density": 0.026208212203779675, "temperature_proxy": 26.170353379324567 }, "geometry": { "type": "Polygon", "coordinates": [ [ [ -15.929816, 23.734555 ], [ -15.929829, 23.736362 ], [ -15.931791, 23.73635 ], [ -15.931778, 23.734543 ], [ -15.929816, 23.734555 ] ] ] } },
{ "type": "Feature", "properties": { "urban_density": 0.13468706759099569, "temperature_proxy": 26.875465939341471 }, "geometry": { "type": "Polygon", "coordinates": [ [ [ -15.927599, 23.698441 ], [ -15.927611, 23.700248 ], [ -15.929573, 23.700236 ], [ -15.92956, 23.69843 ], [ -15.927599, 23.698441 ] ] ] } },
{ "type": "Feature", "properties": { "urban_density": 0.050868931166753825, "temperature_proxy": 26.3306480525839 }, "geometry": { "type": "Polygon", "coordinates": [ [ [ -15.927611, 23.700248 ], [ -15.927624, 23.702054 ], [ -15.929586, 23.702042 ], [ -15.929573, 23.700236 ], [ -15.927611, 23.700248 ] ] ] } },
{ "type": "Feature", "properties": { "urban_density": 0.19141765710671688, "temperature_proxy": 27.244214771193661 }, "geometry": { "type": "Polygon", "coordinates": [ [ [ -15.927624, 23.702054 ], [ -15.927637, 23.70386 ], [ -15.929598, 23.703848 ], [ -15.929586, 23.702042 ], [ -15.927624, 23.702054 ] ] ] } },
{ "type": "Feature", "properties": { "urban_density": 0.20263557136109822, "temperature_proxy": 27.317131213847137 }, "geometry": { "type": "Polygon", "coordinates": [ [ [ -15.927637, 23.70386 ], [ -15.92765, 23.705666 ], [ -15.929611, 23.705655 ], [ -15.929598, 23.703848 ], [ -15.927637, 23.70386 ] ] ] } },
{ "type": "Feature", "properties": { "urban_density": 0.023459398428391683, "temperature_proxy": 26.152486089784546 }, "geometry": { "type": "Polygon", "coordinates": [ [ [ -15.927688, 23.711085 ], [ -15.927701, 23.712892 ], [ -15.929662, 23.71288 ], [ -15.92965, 23.711074 ], [ -15.927688, 23.711085 ] ] ] } },
{ "type": "Feature", "properties": { "urban_density": 0.060875330893626449, "temperature_proxy": 26.395689650808571 }, "geometry": { "type": "Polygon", "coordinates": [ [ [ -15.927701, 23.712892 ], [ -15.927713, 23.714698 ], [ -15.929675, 23.714686 ], [ -15.929662, 23.71288 ], [ -15.927701, 23.712892 ] ] ] } },
{ "type": "Feature", "properties": { "urban_density": 0.022113101183556843, "temperature_proxy": 26.143735157693119 }, "geometry": { "type": "Polygon", "coordinates": [ [ [ -15.925637, 23.698453 ], [ -15.92565, 23.700259 ], [ -15.927611, 23.700248 ], [ -15.927599, 23.698441 ], [ -15.925637, 23.698453 ] ] ] } },
{ "type": "Feature", "properties": { "urban_density": 0.110233724353963, "temperature_proxy": 26.71651920830076 }, "geometry": { "type": "Polygon", "coordinates": [ [ [ -15.92565, 23.700259 ], [ -15.925662, 23.702066 ], [ -15.927624, 23.702054 ], [ -15.927611, 23.700248 ], [ -15.92565, 23.700259 ] ] ] } },
{ "type": "Feature", "properties": { "urban_density": 0.36806536027983072, "temperature_proxy": 28.392424841818901 }, "geometry": { "type": "Polygon", "coordinates": [ [ [ -15.925662, 23.702066 ], [ -15.925675, 23.703872 ], [ -15.927637, 23.70386 ], [ -15.927624, 23.702054 ], [ -15.925662, 23.702066 ] ] ] } },
{ "type": "Feature", "properties": { "urban_density": 0.27277663546053293, "temperature_proxy": 27.773048130493464 }, "geometry": { "type": "Polygon", "coordinates": [ [ [ -15.925675, 23.703872 ], [ -15.925688, 23.705678 ], [ -15.92765, 23.705666 ], [ -15.927637, 23.70386 ], [ -15.925675, 23.703872 ] ] ] } },
{ "type": "Feature", "properties": { "urban_density": 0.1120612550061794, "temperature_proxy": 26.728398157540166 }, "geometry": { "type": "Polygon", "coordinates": [ [ [ -15.925688, 23.705678 ], [ -15.925701, 23.707485 ], [ -15.927662, 23.707473 ], [ -15.92765, 23.705666 ], [ -15.925688, 23.705678 ] ] ] } },
{ "type": "Feature", "properties": { "urban_density": 0.065963577957018835, "temperature_proxy": 26.428763256720622 }, "geometry": { "type": "Polygon", "coordinates": [ [ [ -15.925701, 23.707485 ], [ -15.925713, 23.709291 ], [ -15.927675, 23.709279 ], [ -15.927662, 23.707473 ], [ -15.925701, 23.707485 ] ] ] } },
{ "type": "Feature", "properties": { "urban_density": 0.051547056434176751, "temperature_proxy": 26.335055866822149 }, "geometry": { "type": "Polygon", "coordinates": [ [ [ -15.925713, 23.709291 ], [ -15.925726, 23.711097 ], [ -15.927688, 23.711085 ], [ -15.927675, 23.709279 ], [ -15.925713, 23.709291 ] ] ] } },
{ "type": "Feature", "properties": { "urban_density": 0.052312923657996349, "temperature_proxy": 26.340034003776978 }, "geometry": { "type": "Polygon", "coordinates": [ [ [ -15.923688, 23.700271 ], [ -15.923701, 23.702077 ], [ -15.925662, 23.702066 ], [ -15.92565, 23.700259 ], [ -15.923688, 23.700271 ] ] ] } },
{ "type": "Feature", "properties": { "urban_density": 0.027194999127099866, "temperature_proxy": 26.17676749432615 }, "geometry": { "type": "Polygon", "coordinates": [ [ [ -15.923701, 23.702077 ], [ -15.923714, 23.703884 ], [ -15.925675, 23.703872 ], [ -15.925662, 23.702066 ], [ -15.923701, 23.702077 ] ] ] } },
{ "type": "Feature", "properties": { "urban_density": 0.066747412911189949, "temperature_proxy": 26.433858183922734 }, "geometry": { "type": "Polygon", "coordinates": [ [ [ -15.923714, 23.703884 ], [ -15.923726, 23.70569 ], [ -15.925688, 23.705678 ], [ -15.925675, 23.703872 ], [ -15.923714, 23.703884 ] ] ] } },
{ "type": "Feature", "properties": { "urban_density": 0.11598048341845124, "temperature_proxy": 26.753873142219934 }, "geometry": { "type": "Polygon", "coordinates": [ [ [ -15.923726, 23.70569 ], [ -15.923739, 23.707496 ], [ -15.925701, 23.707485 ], [ -15.925688, 23.705678 ], [ -15.923726, 23.70569 ] ] ] } },
{ "type": "Feature", "properties": { "urban_density": 0.36056781172078306, "temperature_proxy": 28.343690776185092 }, "geometry": { "type": "Polygon", "coordinates": [ [ [ -15.923739, 23.707496 ], [ -15.923752, 23.709303 ], [ -15.925713, 23.709291 ], [ -15.925701, 23.707485 ], [ -15.923739, 23.707496 ] ] ] } },
{ "type": "Feature", "properties": { "urban_density": 0.14685452561135703, "temperature_proxy": 26.954554416473819 }, "geometry": { "type": "Polygon", "coordinates": [ [ [ -15.923752, 23.709303 ], [ -15.923764, 23.711109 ], [ -15.925726, 23.711097 ], [ -15.925713, 23.709291 ], [ -15.923752, 23.709303 ] ] ] } },
{ "type": "Feature", "properties": { "urban_density": 0.13352838812559345, "temperature_proxy": 26.867934522816359 }, "geometry": { "type": "Polygon", "coordinates": [ [ [ -15.923764, 23.711109 ], [ -15.923777, 23.712915 ], [ -15.925739, 23.712903 ], [ -15.925726, 23.711097 ], [ -15.923764, 23.711109 ] ] ] } },
{ "type": "Feature", "properties": { "urban_density": 0.050031019152634131, "temperature_proxy": 26.325201624492124 }, "geometry": { "type": "Polygon", "coordinates": [ [ [ -15.923777, 23.712915 ], [ -15.92379, 23.714721 ], [ -15.925752, 23.71471 ], [ -15.925739, 23.712903 ], [ -15.923777, 23.712915 ] ] ] } },
{ "type": "Feature", "properties": { "urban_density": 0.016678229269422751, "temperature_proxy": 26.108408490251247 }, "geometry": { "type": "Polygon", "coordinates": [ [ [ -15.92379, 23.714721 ], [ -15.923803, 23.716528 ], [ -15.925764, 23.716516 ], [ -15.925752, 23.71471 ], [ -15.92379, 23.714721 ] ] ] } },
{ "type": "Feature", "properties": { "urban_density": 0.01251532358355874, "temperature_proxy": 26.08134960329313 }, "geometry": { "type": "Polygon", "coordinates": [ [ [ -15.924159, 23.767104 ], [ -15.924172, 23.76891 ], [ -15.926135, 23.768898 ], [ -15.926122, 23.767092 ], [ -15.924159, 23.767104 ] ] ] } },
{ "type": "Feature", "properties": { "urban_density": 0.018943523180006912, "temperature_proxy": 26.123132900670043 }, "geometry": { "type": "Polygon", "coordinates": [ [ [ -15.921777, 23.707508 ], [ -15.92179, 23.709314 ], [ -15.923752, 23.709303 ], [ -15.923739, 23.707496 ], [ -15.921777, 23.707508 ] ] ] } },
{ "type": "Feature", "properties": { "urban_density": 0.032148375771234333, "temperature_proxy": 26.208964442513022 }, "geometry": { "type": "Polygon", "coordinates": [ [ [ -15.92179, 23.709314 ], [ -15.921803, 23.711121 ], [ -15.923764, 23.711109 ], [ -15.923752, 23.709303 ], [ -15.92179, 23.709314 ] ] ] } },
{ "type": "Feature", "properties": { "urban_density": 0.068093784494593843, "temperature_proxy": 26.442609599214862 }, "geometry": { "type": "Polygon", "coordinates": [ [ [ -15.921803, 23.711121 ], [ -15.921815, 23.712927 ], [ -15.923777, 23.712915 ], [ -15.923764, 23.711109 ], [ -15.921803, 23.711121 ] ] ] } },
{ "type": "Feature", "properties": { "urban_density": 0.13955224934794933, "temperature_proxy": 26.907089620761671 }, "geometry": { "type": "Polygon", "coordinates": [ [ [ -15.921815, 23.712927 ], [ -15.921828, 23.714733 ], [ -15.92379, 23.714721 ], [ -15.923777, 23.712915 ], [ -15.921815, 23.712927 ] ] ] } },
{ "type": "Feature", "properties": { "urban_density": 0.053985806852923562, "temperature_proxy": 26.350907744544003 }, "geometry": { "type": "Polygon", "coordinates": [ [ [ -15.921828, 23.714733 ], [ -15.921841, 23.716539 ], [ -15.923803, 23.716528 ], [ -15.92379, 23.714721 ], [ -15.921828, 23.714733 ] ] ] } },
{ "type": "Feature", "properties": { "urban_density": 0.028744651766083429, "temperature_proxy": 26.186840236479544 }, "geometry": { "type": "Polygon", "coordinates": [ [ [ -15.921841, 23.716539 ], [ -15.921853, 23.718346 ], [ -15.923815, 23.718334 ], [ -15.923803, 23.716528 ], [ -15.921841, 23.716539 ] ] ] } },
{ "type": "Feature", "properties": { "urban_density": 0.053821451764643702, "temperature_proxy": 26.349839436470184 }, "geometry": { "type": "Polygon", "coordinates": [ [ [ -15.921853, 23.718346 ], [ -15.921866, 23.720152 ], [ -15.923828, 23.72014 ], [ -15.923815, 23.718334 ], [ -15.921853, 23.718346 ] ] ] } },
{ "type": "Feature", "properties": { "urban_density": 0.041944749459449836, "temperature_proxy": 26.272640871486423 }, "geometry": { "type": "Polygon", "coordinates": [ [ [ -15.921866, 23.720152 ], [ -15.921879, 23.721958 ], [ -15.923841, 23.721947 ], [ -15.923828, 23.72014 ], [ -15.921866, 23.720152 ] ] ] } },
{ "type": "Feature", "properties": { "urban_density": 0.049980045950746128, "temperature_proxy": 26.324870298679851 }, "geometry": { "type": "Polygon", "coordinates": [ [ [ -15.919841, 23.711132 ], [ -15.919854, 23.712938 ], [ -15.921815, 23.712927 ], [ -15.921803, 23.711121 ], [ -15.919841, 23.711132 ] ] ] } },
{ "type": "Feature", "properties": { "urban_density": 0.047623777384526111, "temperature_proxy": 26.309554552999419 }, "geometry": { "type": "Polygon", "coordinates": [ [ [ -15.919854, 23.712938 ], [ -15.919866, 23.714745 ], [ -15.921828, 23.714733 ], [ -15.921815, 23.712927 ], [ -15.919854, 23.712938 ] ] ] } },
{ "type": "Feature", "properties": { "urban_density": 0.054034562757139533, "temperature_proxy": 26.351224657921406 }, "geometry": { "type": "Polygon", "coordinates": [ [ [ -15.919866, 23.714745 ], [ -15.919879, 23.716551 ], [ -15.921841, 23.716539 ], [ -15.921828, 23.714733 ], [ -15.919866, 23.714745 ] ] ] } },
{ "type": "Feature", "properties": { "urban_density": 0.019748323056701586, "temperature_proxy": 26.128364099868559 }, "geometry": { "type": "Polygon", "coordinates": [ [ [ -15.919879, 23.716551 ], [ -15.919892, 23.718357 ], [ -15.921853, 23.718346 ], [ -15.921841, 23.716539 ], [ -15.919879, 23.716551 ] ] ] } },
{ "type": "Feature", "properties": { "urban_density": 0.050238837967061675, "temperature_proxy": 26.3265524467859 }, "geometry": { "type": "Polygon", "coordinates": [ [ [ -15.919892, 23.718357 ], [ -15.919904, 23.720164 ], [ -15.921866, 23.720152 ], [ -15.921853, 23.718346 ], [ -15.919892, 23.718357 ] ] ] } },
{ "type": "Feature", "properties": { "urban_density": 0.055232166229983511, "temperature_proxy": 26.359009080494893 }, "geometry": { "type": "Polygon", "coordinates": [ [ [ -15.919904, 23.720164 ], [ -15.919917, 23.72197 ], [ -15.921879, 23.721958 ], [ -15.921866, 23.720152 ], [ -15.919904, 23.720164 ] ] ] } },
{ "type": "Feature", "properties": { "urban_density": 0.011269342559263902, "temperature_proxy": 26.073250726635216 }, "geometry": { "type": "Polygon", "coordinates": [ [ [ -15.919917, 23.72197 ], [ -15.91993, 23.723776 ], [ -15.921892, 23.723765 ], [ -15.921879, 23.721958 ], [ -15.919917, 23.72197 ] ] ] } },
{ "type": "Feature", "properties": { "urban_density": 0.022577969710078291, "temperature_proxy": 26.146756803115508 }, "geometry": { "type": "Polygon", "coordinates": [ [ [ -15.91993, 23.723776 ], [ -15.919942, 23.725583 ], [ -15.921904, 23.725571 ], [ -15.921892, 23.723765 ], [ -15.91993, 23.723776 ] ] ] } },
{ "type": "Feature", "properties": { "urban_density": 0.23854639168278519, "temperature_proxy": 27.550551545938102 }, "geometry": { "type": "Polygon", "coordinates": [ [ [ -15.919955, 23.727389 ], [ -15.919968, 23.729195 ], [ -15.92193, 23.729183 ], [ -15.921917, 23.727377 ], [ -15.919955, 23.727389 ] ] ] } },
{ "type": "Feature", "properties": { "urban_density": 0.2197747874583024, "temperature_proxy": 27.428536118478966 }, "geometry": { "type": "Polygon", "coordinates": [ [ [ -15.919968, 23.729195 ], [ -15.91998, 23.731001 ], [ -15.921942, 23.73099 ], [ -15.92193, 23.729183 ], [ -15.919968, 23.729195 ] ] ] } },
{ "type": "Feature", "properties": { "urban_density": 0.086557917328639933, "temperature_proxy": 26.56262646263616 }, "geometry": { "type": "Polygon", "coordinates": [ [ [ -15.91998, 23.731001 ], [ -15.919993, 23.732808 ], [ -15.921955, 23.732796 ], [ -15.921942, 23.73099 ], [ -15.91998, 23.731001 ] ] ] } },
{ "type": "Feature", "properties": { "urban_density": 0.027255804818998627, "temperature_proxy": 26.177162731323492 }, "geometry": { "type": "Polygon", "coordinates": [ [ [ -15.920145, 23.754483 ], [ -15.920158, 23.756289 ], [ -15.92212, 23.756278 ], [ -15.922108, 23.754471 ], [ -15.920145, 23.754483 ] ] ] } },
{ "type": "Feature", "properties": { "urban_density": 0.027258925272167271, "temperature_proxy": 26.177183014269087 }, "geometry": { "type": "Polygon", "coordinates": [ [ [ -15.920158, 23.756289 ], [ -15.920171, 23.758096 ], [ -15.922133, 23.758084 ], [ -15.92212, 23.756278 ], [ -15.920158, 23.756289 ] ] ] } },
{ "type": "Feature", "properties": { "urban_density": 0.019988884842009832, "temperature_proxy": 26.129927751473065 }, "geometry": { "type": "Polygon", "coordinates": [ [ [ -15.920196, 23.761708 ], [ -15.920209, 23.763514 ], [ -15.922171, 23.763503 ], [ -15.922159, 23.761696 ], [ -15.920196, 23.761708 ] ] ] } },
{ "type": "Feature", "properties": { "urban_density": 0.01081456422593279, "temperature_proxy": 26.070294667468563 }, "geometry": { "type": "Polygon", "coordinates": [ [ [ -15.920234, 23.767127 ], [ -15.920247, 23.768933 ], [ -15.922209, 23.768922 ], [ -15.922197, 23.767115 ], [ -15.920234, 23.767127 ] ] ] } },
{ "type": "Feature", "properties": { "urban_density": 0.019989037787937865, "temperature_proxy": 26.129928745621598 }, "geometry": { "type": "Polygon", "coordinates": [ [ [ -15.920247, 23.768933 ], [ -15.92026, 23.77074 ], [ -15.922222, 23.770728 ], [ -15.922209, 23.768922 ], [ -15.920247, 23.768933 ] ] ] } },
{ "type": "Feature", "properties": { "urban_density": 0.059151799660903455, "temperature_proxy": 26.384486697795872 }, "geometry": { "type": "Polygon", "coordinates": [ [ [ -15.91793, 23.718369 ], [ -15.917942, 23.720175 ], [ -15.919904, 23.720164 ], [ -15.919892, 23.718357 ], [ -15.91793, 23.718369 ] ] ] } },
{ "type": "Feature", "properties": { "urban_density": 0.043720355574671875, "temperature_proxy": 26.284182311235366 }, "geometry": { "type": "Polygon", "coordinates": [ [ [ -15.917942, 23.720175 ], [ -15.917955, 23.721982 ], [ -15.919917, 23.72197 ], [ -15.919904, 23.720164 ], [ -15.917942, 23.720175 ] ] ] } },
{ "type": "Feature", "properties": { "urban_density": 0.043583110458065087, "temperature_proxy": 26.283290217977424 }, "geometry": { "type": "Polygon", "coordinates": [ [ [ -15.917955, 23.721982 ], [ -15.917968, 23.723788 ], [ -15.91993, 23.723776 ], [ -15.919917, 23.72197 ], [ -15.917955, 23.721982 ] ] ] } },
{ "type": "Feature", "properties": { "urban_density": 0.029892312258889102, "temperature_proxy": 26.194300029682779 }, "geometry": { "type": "Polygon", "coordinates": [ [ [ -15.917968, 23.723788 ], [ -15.91798, 23.725594 ], [ -15.919942, 23.725583 ], [ -15.91993, 23.723776 ], [ -15.917968, 23.723788 ] ] ] } },
{ "type": "Feature", "properties": { "urban_density": 0.032781033447518891, "temperature_proxy": 26.213076717408875 }, "geometry": { "type": "Polygon", "coordinates": [ [ [ -15.91798, 23.725594 ], [ -15.917993, 23.7274 ], [ -15.919955, 23.727389 ], [ -15.919942, 23.725583 ], [ -15.91798, 23.725594 ] ] ] } },
{ "type": "Feature", "properties": { "urban_density": 0.061374848272501586, "temperature_proxy": 26.398936513771261 }, "geometry": { "type": "Polygon", "coordinates": [ [ [ -15.917993, 23.7274 ], [ -15.918006, 23.729207 ], [ -15.919968, 23.729195 ], [ -15.919955, 23.727389 ], [ -15.917993, 23.7274 ] ] ] } },
{ "type": "Feature", "properties": { "urban_density": 0.14177354346456017, "temperature_proxy": 26.921528032519642 }, "geometry": { "type": "Polygon", "coordinates": [ [ [ -15.918006, 23.729207 ], [ -15.918018, 23.731013 ], [ -15.91998, 23.731001 ], [ -15.919968, 23.729195 ], [ -15.918006, 23.729207 ] ] ] } },
{ "type": "Feature", "properties": { "urban_density": 0.29218124205635315, "temperature_proxy": 27.899178073366297 }, "geometry": { "type": "Polygon", "coordinates": [ [ [ -15.918018, 23.731013 ], [ -15.918031, 23.732819 ], [ -15.919993, 23.732808 ], [ -15.91998, 23.731001 ], [ -15.918018, 23.731013 ] ] ] } },
{ "type": "Feature", "properties": { "urban_density": 0.28821334893814321, "temperature_proxy": 27.87338676809793 }, "geometry": { "type": "Polygon", "coordinates": [ [ [ -15.918031, 23.732819 ], [ -15.918044, 23.734626 ], [ -15.920006, 23.734614 ], [ -15.919993, 23.732808 ], [ -15.918031, 23.732819 ] ] ] } },
{ "type": "Feature", "properties": { "urban_density": 0.17557736087061784, "temperature_proxy": 27.141252845659015 }, "geometry": { "type": "Polygon", "coordinates": [ [ [ -15.918044, 23.734626 ], [ -15.918056, 23.736432 ], [ -15.920018, 23.73642 ], [ -15.920006, 23.734614 ], [ -15.918044, 23.734626 ] ] ] } },
{ "type": "Feature", "properties": { "urban_density": 0.011497974361187603, "temperature_proxy": 26.074736833347721 }, "geometry": { "type": "Polygon", "coordinates": [ [ [ -15.918056, 23.736432 ], [ -15.918069, 23.738238 ], [ -15.920031, 23.738227 ], [ -15.920018, 23.73642 ], [ -15.918056, 23.736432 ] ] ] } },
{ "type": "Feature", "properties": { "urban_density": 0.011999721353059448, "temperature_proxy": 26.077998188794886 }, "geometry": { "type": "Polygon", "coordinates": [ [ [ -15.918221, 23.759914 ], [ -15.918234, 23.76172 ], [ -15.920196, 23.761708 ], [ -15.920183, 23.759902 ], [ -15.918221, 23.759914 ] ] ] } },
{ "type": "Feature", "properties": { "urban_density": 0.020679973196054652, "temperature_proxy": 26.134419825774355 }, "geometry": { "type": "Polygon", "coordinates": [ [ [ -15.918234, 23.76172 ], [ -15.918246, 23.763526 ], [ -15.920209, 23.763514 ], [ -15.920196, 23.761708 ], [ -15.918234, 23.76172 ] ] ] } },
{ "type": "Feature", "properties": { "urban_density": 0.03065549675004562, "temperature_proxy": 26.199260728875295 }, "geometry": { "type": "Polygon", "coordinates": [ [ [ -15.915993, 23.721993 ], [ -15.916006, 23.7238 ], [ -15.917968, 23.723788 ], [ -15.917955, 23.721982 ], [ -15.915993, 23.721993 ] ] ] } },
{ "type": "Feature", "properties": { "urban_density": 0.028740255046209921, "temperature_proxy": 26.186811657800366 }, "geometry": { "type": "Polygon", "coordinates": [ [ [ -15.916006, 23.7238 ], [ -15.916018, 23.725606 ], [ -15.91798, 23.725594 ], [ -15.917968, 23.723788 ], [ -15.916006, 23.7238 ] ] ] } },
{ "type": "Feature", "properties": { "urban_density": 0.0973402562951, "temperature_proxy": 26.632711665918151 }, "geometry": { "type": "Polygon", "coordinates": [ [ [ -15.916018, 23.725606 ], [ -15.916031, 23.727412 ], [ -15.917993, 23.7274 ], [ -15.91798, 23.725594 ], [ -15.916018, 23.725606 ] ] ] } },
{ "type": "Feature", "properties": { "urban_density": 0.034671304978431627, "temperature_proxy": 26.225363482359807 }, "geometry": { "type": "Polygon", "coordinates": [ [ [ -15.916031, 23.727412 ], [ -15.916044, 23.729218 ], [ -15.918006, 23.729207 ], [ -15.917993, 23.7274 ], [ -15.916031, 23.727412 ] ] ] } },
{ "type": "Feature", "properties": { "urban_density": 0.048342213635189021, "temperature_proxy": 26.31422438862873 }, "geometry": { "type": "Polygon", "coordinates": [ [ [ -15.916044, 23.729218 ], [ -15.916056, 23.731025 ], [ -15.918018, 23.731013 ], [ -15.918006, 23.729207 ], [ -15.916044, 23.729218 ] ] ] } },
{ "type": "Feature", "properties": { "urban_density": 0.065998394197594332, "temperature_proxy": 26.428989562284364 }, "geometry": { "type": "Polygon", "coordinates": [ [ [ -15.916056, 23.731025 ], [ -15.916069, 23.732831 ], [ -15.918031, 23.732819 ], [ -15.918018, 23.731013 ], [ -15.916056, 23.731025 ] ] ] } },
{ "type": "Feature", "properties": { "urban_density": 0.31629136868633495, "temperature_proxy": 28.055893896461178 }, "geometry": { "type": "Polygon", "coordinates": [ [ [ -15.916069, 23.732831 ], [ -15.916082, 23.734637 ], [ -15.918044, 23.734626 ], [ -15.918031, 23.732819 ], [ -15.916069, 23.732831 ] ] ] } },
{ "type": "Feature", "properties": { "urban_density": 0.40855866111970934, "temperature_proxy": 28.655631297278109 }, "geometry": { "type": "Polygon", "coordinates": [ [ [ -15.916082, 23.734637 ], [ -15.916094, 23.736444 ], [ -15.918056, 23.736432 ], [ -15.918044, 23.734626 ], [ -15.916082, 23.734637 ] ] ] } },
{ "type": "Feature", "properties": { "urban_density": 0.099181870614592924, "temperature_proxy": 26.644682158994854 }, "geometry": { "type": "Polygon", "coordinates": [ [ [ -15.916094, 23.736444 ], [ -15.916107, 23.73825 ], [ -15.918069, 23.738238 ], [ -15.918056, 23.736432 ], [ -15.916094, 23.736444 ] ] ] } },
{ "type": "Feature", "properties": { "urban_density": 0.043908026517112848, "temperature_proxy": 26.285402172361234 }, "geometry": { "type": "Polygon", "coordinates": [ [ [ -15.914094, 23.731036 ], [ -15.914107, 23.732843 ], [ -15.916069, 23.732831 ], [ -15.916056, 23.731025 ], [ -15.914094, 23.731036 ] ] ] } },
{ "type": "Feature", "properties": { "urban_density": 0.17881149717384673, "temperature_proxy": 27.162274731630003 }, "geometry": { "type": "Polygon", "coordinates": [ [ [ -15.914107, 23.732843 ], [ -15.914119, 23.734649 ], [ -15.916082, 23.734637 ], [ -15.916069, 23.732831 ], [ -15.914107, 23.732843 ] ] ] } },
{ "type": "Feature", "properties": { "urban_density": 0.14624297236856237, "temperature_proxy": 26.950579320395654 }, "geometry": { "type": "Polygon", "coordinates": [ [ [ -15.914119, 23.734649 ], [ -15.914132, 23.736455 ], [ -15.916094, 23.736444 ], [ -15.916082, 23.734637 ], [ -15.914119, 23.734649 ] ] ] } },
{ "type": "Feature", "properties": { "urban_density": 0.030170667428008672, "temperature_proxy": 26.196109338282056 }, "geometry": { "type": "Polygon", "coordinates": [ [ [ -15.914132, 23.736455 ], [ -15.914145, 23.738261 ], [ -15.916107, 23.73825 ], [ -15.916094, 23.736444 ], [ -15.914132, 23.736455 ] ] ] } },
{ "type": "Feature", "properties": { "urban_density": 0.013726151889456707, "temperature_proxy": 26.089219987281467 }, "geometry": { "type": "Polygon", "coordinates": [ [ [ -15.914447, 23.781612 ], [ -15.91446, 23.783418 ], [ -15.916423, 23.783407 ], [ -15.91641, 23.781601 ], [ -15.914447, 23.781612 ] ] ] } },
{ "type": "Feature", "properties": { "urban_density": 0.012797532023930447, "temperature_proxy": 26.083183958155548 }, "geometry": { "type": "Polygon", "coordinates": [ [ [ -15.91217, 23.736467 ], [ -15.912182, 23.738273 ], [ -15.914145, 23.738261 ], [ -15.914132, 23.736455 ], [ -15.91217, 23.736467 ] ] ] } },
{ "type": "Feature", "properties": { "urban_density": 0.042359530971373009, "temperature_proxy": 26.275336951313925 }, "geometry": { "type": "Polygon", "coordinates": [ [ [ -15.912522, 23.787043 ], [ -15.912535, 23.788849 ], [ -15.914498, 23.788837 ], [ -15.914485, 23.787031 ], [ -15.912522, 23.787043 ] ] ] } },
{ "type": "Feature", "properties": { "urban_density": 0.014398965956563533, "temperature_proxy": 26.093593278717663 }, "geometry": { "type": "Polygon", "coordinates": [ [ [ -15.912573, 23.794268 ], [ -15.912586, 23.796074 ], [ -15.914549, 23.796062 ], [ -15.914536, 23.794256 ], [ -15.912573, 23.794268 ] ] ] } },
{ "type": "Feature", "properties": { "urban_density": 0.012869392490479858, "temperature_proxy": 26.08365105118812 }, "geometry": { "type": "Polygon", "coordinates": [ [ [ -15.912586, 23.796074 ], [ -15.912598, 23.79788 ], [ -15.914561, 23.797869 ], [ -15.914549, 23.796062 ], [ -15.912586, 23.796074 ] ] ] } },
{ "type": "Feature", "properties": { "urban_density": 0.087693804962520133, "temperature_proxy": 26.570009732256381 }, "geometry": { "type": "Polygon", "coordinates": [ [ [ -15.910271, 23.74551 ], [ -15.910283, 23.747316 ], [ -15.912245, 23.747304 ], [ -15.912233, 23.745498 ], [ -15.910271, 23.74551 ] ] ] } },
{ "type": "Feature", "properties": { "urban_density": 0.038217091890456245, "temperature_proxy": 26.248411097287967 }, "geometry": { "type": "Polygon", "coordinates": [ [ [ -15.910283, 23.747316 ], [ -15.910296, 23.749122 ], [ -15.912258, 23.749111 ], [ -15.912245, 23.747304 ], [ -15.910283, 23.747316 ] ] ] } },
{ "type": "Feature", "properties": { "urban_density": 0.051894743513148114, "temperature_proxy": 26.337315832835461 }, "geometry": { "type": "Polygon", "coordinates": [ [ [ -15.910333, 23.754541 ], [ -15.910346, 23.756347 ], [ -15.912308, 23.756336 ], [ -15.912296, 23.75453 ], [ -15.910333, 23.754541 ] ] ] } },
{ "type": "Feature", "properties": { "urban_density": 0.011911639028061641, "temperature_proxy": 26.077425653682401 }, "geometry": { "type": "Polygon", "coordinates": [ [ [ -15.910346, 23.756347 ], [ -15.910358, 23.758154 ], [ -15.912321, 23.758142 ], [ -15.912308, 23.756336 ], [ -15.910346, 23.756347 ] ] ] } },
{ "type": "Feature", "properties": { "urban_density": 0.014190104487064736, "temperature_proxy": 26.09223567916592 }, "geometry": { "type": "Polygon", "coordinates": [ [ [ -15.910358, 23.758154 ], [ -15.910371, 23.75996 ], [ -15.912333, 23.759948 ], [ -15.912321, 23.758142 ], [ -15.910358, 23.758154 ] ] ] } },
{ "type": "Feature", "properties": { "urban_density": 0.013836358243292948, "temperature_proxy": 26.089936328581405 }, "geometry": { "type": "Polygon", "coordinates": [ [ [ -15.91061, 23.794279 ], [ -15.910623, 23.796086 ], [ -15.912586, 23.796074 ], [ -15.912573, 23.794268 ], [ -15.91061, 23.794279 ] ] ] } },
{ "type": "Feature", "properties": { "urban_density": 0.029471414999744705, "temperature_proxy": 26.191564197498341 }, "geometry": { "type": "Polygon", "coordinates": [ [ [ -15.908308, 23.745521 ], [ -15.908321, 23.747328 ], [ -15.910283, 23.747316 ], [ -15.910271, 23.74551 ], [ -15.908308, 23.745521 ] ] ] } },
{ "type": "Feature", "properties": { "urban_density": 0.028423344484779831, "temperature_proxy": 26.184751739151068 }, "geometry": { "type": "Polygon", "coordinates": [ [ [ -15.908321, 23.747328 ], [ -15.908333, 23.749134 ], [ -15.910296, 23.749122 ], [ -15.910283, 23.747316 ], [ -15.908321, 23.747328 ] ] ] } },
{ "type": "Feature", "properties": { "urban_density": 0.062359955084418627, "temperature_proxy": 26.405339708048722 }, "geometry": { "type": "Polygon", "coordinates": [ [ [ -15.908371, 23.754553 ], [ -15.908383, 23.756359 ], [ -15.910346, 23.756347 ], [ -15.910333, 23.754541 ], [ -15.908371, 23.754553 ] ] ] } },
{ "type": "Feature", "properties": { "urban_density": 0.024039833813327985, "temperature_proxy": 26.15625891978663 }, "geometry": { "type": "Polygon", "coordinates": [ [ [ -15.908396, 23.758165 ], [ -15.908408, 23.759972 ], [ -15.910371, 23.75996 ], [ -15.910358, 23.758154 ], [ -15.908396, 23.758165 ] ] ] } },
{ "type": "Feature", "properties": { "urban_density": 0.051044068230114599, "temperature_proxy": 26.331786443495744 }, "geometry": { "type": "Polygon", "coordinates": [ [ [ -15.908622, 23.790678 ], [ -15.908634, 23.792485 ], [ -15.910597, 23.792473 ], [ -15.910585, 23.790667 ], [ -15.908622, 23.790678 ] ] ] } },
{ "type": "Feature", "properties": { "urban_density": 0.020759074456800319, "temperature_proxy": 26.134933983969201 }, "geometry": { "type": "Polygon", "coordinates": [ [ [ -15.908634, 23.792485 ], [ -15.908647, 23.794291 ], [ -15.91061, 23.794279 ], [ -15.910597, 23.792473 ], [ -15.908634, 23.792485 ] ] ] } },
{ "type": "Feature", "properties": { "urban_density": 0.011732902352327561, "temperature_proxy": 26.07626386529013 }, "geometry": { "type": "Polygon", "coordinates": [ [ [ -15.908672, 23.797903 ], [ -15.908685, 23.79971 ], [ -15.910648, 23.799698 ], [ -15.910635, 23.797892 ], [ -15.908672, 23.797903 ] ] ] } },
{ "type": "Feature", "properties": { "urban_density": 0.014267010065970743, "temperature_proxy": 26.092735565428811 }, "geometry": { "type": "Polygon", "coordinates": [ [ [ -15.908697, 23.801516 ], [ -15.90871, 23.803322 ], [ -15.910673, 23.803311 ], [ -15.91066, 23.801504 ], [ -15.908697, 23.801516 ] ] ] } },
{ "type": "Feature", "properties": { "urban_density": 0.013307278603572359, "temperature_proxy": 26.086497310923221 }, "geometry": { "type": "Polygon", "coordinates": [ [ [ -15.906471, 23.763596 ], [ -15.906484, 23.765402 ], [ -15.908446, 23.76539 ], [ -15.908434, 23.763584 ], [ -15.906471, 23.763596 ] ] ] } },
{ "type": "Feature", "properties": { "urban_density": 0.025469295100738761, "temperature_proxy": 26.165550418154801 }, "geometry": { "type": "Polygon", "coordinates": [ [ [ -15.906734, 23.801528 ], [ -15.906747, 23.803334 ], [ -15.90871, 23.803322 ], [ -15.908697, 23.801516 ], [ -15.906734, 23.801528 ] ] ] } },
{ "type": "Feature", "properties": { "urban_density": 0.016946529523989933, "temperature_proxy": 26.110152441905935 }, "geometry": { "type": "Polygon", "coordinates": [ [ [ -15.904533, 23.76722 ], [ -15.904546, 23.769026 ], [ -15.906509, 23.769015 ], [ -15.906496, 23.767208 ], [ -15.904533, 23.76722 ] ] ] } },
{ "type": "Feature", "properties": { "urban_density": 0.035304407910841738, "temperature_proxy": 26.229478651420472 }, "geometry": { "type": "Polygon", "coordinates": [ [ [ -15.904583, 23.774445 ], [ -15.904596, 23.776251 ], [ -15.906559, 23.77624 ], [ -15.906546, 23.774433 ], [ -15.904583, 23.774445 ] ] ] } },
{ "type": "Feature", "properties": { "urban_density": 0.092247036838468882, "temperature_proxy": 26.599605739450048 }, "geometry": { "type": "Polygon", "coordinates": [ [ [ -15.904596, 23.776251 ], [ -15.904608, 23.778057 ], [ -15.906571, 23.778046 ], [ -15.906559, 23.77624 ], [ -15.904596, 23.776251 ] ] ] } },
{ "type": "Feature", "properties": { "urban_density": 0.04226619203623494, "temperature_proxy": 26.274730248235528 }, "geometry": { "type": "Polygon", "coordinates": [ [ [ -15.902621, 23.774456 ], [ -15.902633, 23.776263 ], [ -15.904596, 23.776251 ], [ -15.904583, 23.774445 ], [ -15.902621, 23.774456 ] ] ] } },
{ "type": "Feature", "properties": { "urban_density": 0.016264463007571794, "temperature_proxy": 26.105719009549215 }, "geometry": { "type": "Polygon", "coordinates": [ [ [ -15.902633, 23.776263 ], [ -15.902646, 23.778069 ], [ -15.904608, 23.778057 ], [ -15.904596, 23.776251 ], [ -15.902633, 23.776263 ] ] ] } },
{ "type": "Feature", "properties": { "urban_density": 0.021986214699584124, "temperature_proxy": 26.142910395547297 }, "geometry": { "type": "Polygon", "coordinates": [ [ [ -15.902696, 23.785294 ], [ -15.902708, 23.7871 ], [ -15.904671, 23.787089 ], [ -15.904658, 23.785283 ], [ -15.902696, 23.785294 ] ] ] } },
{ "type": "Feature", "properties": { "urban_density": 0.01426567474551803, "temperature_proxy": 26.092726885845867 }, "geometry": { "type": "Polygon", "coordinates": [ [ [ -15.902708, 23.7871 ], [ -15.90272, 23.788907 ], [ -15.904683, 23.788895 ], [ -15.904671, 23.787089 ], [ -15.902708, 23.7871 ] ] ] } },
{ "type": "Feature", "properties": { "urban_density": 0.012451202486730246, "temperature_proxy": 26.080932816163745 }, "geometry": { "type": "Polygon", "coordinates": [ [ [ -15.900658, 23.774468 ], [ -15.90067, 23.776274 ], [ -15.902633, 23.776263 ], [ -15.902621, 23.774456 ], [ -15.900658, 23.774468 ] ] ] } },
{ "type": "Feature", "properties": { "urban_density": 0.012362039228580902, "temperature_proxy": 26.080353254985777 }, "geometry": { "type": "Polygon", "coordinates": [ [ [ -15.90067, 23.776274 ], [ -15.900683, 23.77808 ], [ -15.902646, 23.778069 ], [ -15.902633, 23.776263 ], [ -15.90067, 23.776274 ] ] ] } },
{ "type": "Feature", "properties": { "urban_density": 0.011146102958063458, "temperature_proxy": 26.072449669227414 }, "geometry": { "type": "Polygon", "coordinates": [ [ [ -15.900695, 23.779887 ], [ -15.900708, 23.781693 ], [ -15.902671, 23.781682 ], [ -15.902658, 23.779875 ], [ -15.900695, 23.779887 ] ] ] } },
{ "type": "Feature", "properties": { "urban_density": 0.021328407295664372, "temperature_proxy": 26.138634647421817 }, "geometry": { "type": "Polygon", "coordinates": [ [ [ -15.90072, 23.783499 ], [ -15.900733, 23.785306 ], [ -15.902696, 23.785294 ], [ -15.902683, 23.783488 ], [ -15.90072, 23.783499 ] ] ] } },
{ "type": "Feature", "properties": { "urban_density": 0.022878110974784493, "temperature_proxy": 26.148707721336098 }, "geometry": { "type": "Polygon", "coordinates": [ [ [ -15.898708, 23.776286 ], [ -15.89872, 23.778092 ], [ -15.900683, 23.77808 ], [ -15.90067, 23.776274 ], [ -15.898708, 23.776286 ] ] ] } },
{ "type": "Feature", "properties": { "urban_density": 0.011299559689967294, "temperature_proxy": 26.073447137984786 }, "geometry": { "type": "Polygon", "coordinates": [ [ [ -15.898795, 23.78893 ], [ -15.898807, 23.790736 ], [ -15.90077, 23.790724 ], [ -15.900758, 23.788918 ], [ -15.898795, 23.78893 ] ] ] } },
{ "type": "Feature", "properties": { "urban_density": 0.17332584381084201, "temperature_proxy": 27.126617984770473 }, "geometry": { "type": "Polygon", "coordinates": [ [ [ -15.895017, 23.810628 ], [ -15.89503, 23.812434 ], [ -15.896993, 23.812423 ], [ -15.896981, 23.810616 ], [ -15.895017, 23.810628 ] ] ] } },
{ "type": "Feature", "properties": { "urban_density": 0.13318043199677448, "temperature_proxy": 26.865672807979035 }, "geometry": { "type": "Polygon", "coordinates": [ [ [ -15.893042, 23.808833 ], [ -15.893054, 23.810639 ], [ -15.895017, 23.810628 ], [ -15.895005, 23.808821 ], [ -15.893042, 23.808833 ] ] ] } },
{ "type": "Feature", "properties": { "urban_density": 0.6312733190110027, "temperature_proxy": 30.103276573571517 }, "geometry": { "type": "Polygon", "coordinates": [ [ [ -15.893054, 23.810639 ], [ -15.893066, 23.812445 ], [ -15.89503, 23.812434 ], [ -15.895017, 23.810628 ], [ -15.893054, 23.810639 ] ] ] } },
{ "type": "Feature", "properties": { "urban_density": 0.10164497206340657, "temperature_proxy": 26.660692318412142 }, "geometry": { "type": "Polygon", "coordinates": [ [ [ -15.893066, 23.812445 ], [ -15.893079, 23.814252 ], [ -15.895042, 23.81424 ], [ -15.89503, 23.812434 ], [ -15.893066, 23.812445 ] ] ] } },
{ "type": "Feature", "properties": { "urban_density": 0.075773815457386623, "temperature_proxy": 26.492529800473012 }, "geometry": { "type": "Polygon", "coordinates": [ [ [ -15.893079, 23.814252 ], [ -15.893091, 23.816058 ], [ -15.895054, 23.816047 ], [ -15.895042, 23.81424 ], [ -15.893079, 23.814252 ] ] ] } },
{ "type": "Feature", "properties": { "urban_density": 0.59114040805426138, "temperature_proxy": 29.842412652352699 }, "geometry": { "type": "Polygon", "coordinates": [ [ [ -15.891078, 23.808844 ], [ -15.891091, 23.810651 ], [ -15.893054, 23.810639 ], [ -15.893042, 23.808833 ], [ -15.891078, 23.808844 ] ] ] } },
{ "type": "Feature", "properties": { "urban_density": 0.30795907068344985, "temperature_proxy": 28.001733959442426 }, "geometry": { "type": "Polygon", "coordinates": [ [ [ -15.891091, 23.810651 ], [ -15.891103, 23.812457 ], [ -15.893066, 23.812445 ], [ -15.893054, 23.810639 ], [ -15.891091, 23.810651 ] ] ] } },
{ "type": "Feature", "properties": { "urban_density": 0.047560784280344215, "temperature_proxy": 26.309145097822238 }, "geometry": { "type": "Polygon", "coordinates": [ [ [ -15.891103, 23.812457 ], [ -15.891115, 23.814263 ], [ -15.893079, 23.814252 ], [ -15.893066, 23.812445 ], [ -15.891103, 23.812457 ] ] ] } },
{ "type": "Feature", "properties": { "urban_density": 0.8978468886344857, "temperature_proxy": 31.836004776124156 }, "geometry": { "type": "Polygon", "coordinates": [ [ [ -15.891115, 23.814263 ], [ -15.891128, 23.816069 ], [ -15.893091, 23.816058 ], [ -15.893079, 23.814252 ], [ -15.891115, 23.814263 ] ] ] } },
{ "type": "Feature", "properties": { "urban_density": 0.2084234847586296, "temperature_proxy": 27.354752650931093 }, "geometry": { "type": "Polygon", "coordinates": [ [ [ -15.891128, 23.816069 ], [ -15.89114, 23.817876 ], [ -15.893103, 23.817864 ], [ -15.893091, 23.816058 ], [ -15.891128, 23.816069 ] ] ] } },
{ "type": "Feature", "properties": { "urban_density": 0.25222010357625951, "temperature_proxy": 27.639430673245688 }, "geometry": { "type": "Polygon", "coordinates": [ [ [ -15.889103, 23.807049 ], [ -15.889115, 23.808856 ], [ -15.891078, 23.808844 ], [ -15.891066, 23.807038 ], [ -15.889103, 23.807049 ] ] ] } },
{ "type": "Feature", "properties": { "urban_density": 0.73708889508120512, "temperature_proxy": 30.791077818027834 }, "geometry": { "type": "Polygon", "coordinates": [ [ [ -15.889115, 23.808856 ], [ -15.889128, 23.810662 ], [ -15.891091, 23.810651 ], [ -15.891078, 23.808844 ], [ -15.889115, 23.808856 ] ] ] } },
{ "type": "Feature", "properties": { "urban_density": 0.31805249141539238, "temperature_proxy": 28.067341194200051 }, "geometry": { "type": "Polygon", "coordinates": [ [ [ -15.889128, 23.810662 ], [ -15.88914, 23.812468 ], [ -15.891103, 23.812457 ], [ -15.891091, 23.810651 ], [ -15.889128, 23.810662 ] ] ] } },
{ "type": "Feature", "properties": { "urban_density": 0.43800326248327154, "temperature_proxy": 28.847021206141264 }, "geometry": { "type": "Polygon", "coordinates": [ [ [ -15.889152, 23.814274 ], [ -15.889164, 23.816081 ], [ -15.891128, 23.816069 ], [ -15.891115, 23.814263 ], [ -15.889152, 23.814274 ] ] ] } },
{ "type": "Feature", "properties": { "urban_density": 0.071721411153777337, "temperature_proxy": 26.466189172499554 }, "geometry": { "type": "Polygon", "coordinates": [ [ [ -15.889164, 23.816081 ], [ -15.889177, 23.817887 ], [ -15.89114, 23.817876 ], [ -15.891128, 23.816069 ], [ -15.889164, 23.816081 ] ] ] } },
{ "type": "Feature", "properties": { "urban_density": 0.029746757228536438, "temperature_proxy": 26.193353921985487 }, "geometry": { "type": "Polygon", "coordinates": [ [ [ -15.88714, 23.807061 ], [ -15.887152, 23.808867 ], [ -15.889115, 23.808856 ], [ -15.889103, 23.807049 ], [ -15.88714, 23.807061 ] ] ] } },
{ "type": "Feature", "properties": { "urban_density": 0.35324934369857802, "temperature_proxy": 28.296120734040755 }, "geometry": { "type": "Polygon", "coordinates": [ [ [ -15.887152, 23.808867 ], [ -15.887164, 23.810673 ], [ -15.889128, 23.810662 ], [ -15.889115, 23.808856 ], [ -15.887152, 23.808867 ] ] ] } },
{ "type": "Feature", "properties": { "urban_density": 0.51972825056698013, "temperature_proxy": 29.378233628685372 }, "geometry": { "type": "Polygon", "coordinates": [ [ [ -15.887164, 23.810673 ], [ -15.887177, 23.812479 ], [ -15.88914, 23.812468 ], [ -15.889128, 23.810662 ], [ -15.887164, 23.810673 ] ] ] } },
{ "type": "Feature", "properties": { "urban_density": 0.2155563598294245, "temperature_proxy": 27.40111633889126 }, "geometry": { "type": "Polygon", "coordinates": [ [ [ -15.887177, 23.812479 ], [ -15.887189, 23.814286 ], [ -15.889152, 23.814274 ], [ -15.88914, 23.812468 ], [ -15.887177, 23.812479 ] ] ] } },
{ "type": "Feature", "properties": { "urban_density": 0.6274221020909434, "temperature_proxy": 30.078243663591131 }, "geometry": { "type": "Polygon", "coordinates": [ [ [ -15.887189, 23.814286 ], [ -15.887201, 23.816092 ], [ -15.889164, 23.816081 ], [ -15.889152, 23.814274 ], [ -15.887189, 23.814286 ] ] ] } },
{ "type": "Feature", "properties": { "urban_density": 0.062644968813698076, "temperature_proxy": 26.407192297289036 }, "geometry": { "type": "Polygon", "coordinates": [ [ [ -15.887201, 23.816092 ], [ -15.887213, 23.817898 ], [ -15.889177, 23.817887 ], [ -15.889164, 23.816081 ], [ -15.887201, 23.816092 ] ] ] } },
{ "type": "Feature", "properties": { "urban_density": 0.011981801339768519, "temperature_proxy": 26.077881708708496 }, "geometry": { "type": "Polygon", "coordinates": [ [ [ -15.885201, 23.810684 ], [ -15.885213, 23.812491 ], [ -15.887177, 23.812479 ], [ -15.887164, 23.810673 ], [ -15.885201, 23.810684 ] ] ] } },
{ "type": "Feature", "properties": { "urban_density": 0.27570992866633848, "temperature_proxy": 27.792114536331201 }, "geometry": { "type": "Polygon", "coordinates": [ [ [ -15.885213, 23.812491 ], [ -15.885226, 23.814297 ], [ -15.887189, 23.814286 ], [ -15.887177, 23.812479 ], [ -15.885213, 23.812491 ] ] ] } },
{ "type": "Feature", "properties": { "urban_density": 0.020571606979102184, "temperature_proxy": 26.133715445364164 }, "geometry": { "type": "Polygon", "coordinates": [ [ [ -15.885226, 23.814297 ], [ -15.885238, 23.816103 ], [ -15.887201, 23.816092 ], [ -15.887189, 23.814286 ], [ -15.885226, 23.814297 ] ] ] } },
{ "type": "Feature", "properties": { "urban_density": 0.019647697510214585, "temperature_proxy": 26.127710033816395 }, "geometry": { "type": "Polygon", "coordinates": [ [ [ -15.859857, 23.837923 ], [ -15.859869, 23.839729 ], [ -15.861833, 23.839719 ], [ -15.861821, 23.837912 ], [ -15.859857, 23.837923 ] ] ] } },
{ "type": "Feature", "properties": { "urban_density": 0.052605119225948134, "temperature_proxy": 26.341933274968664 }, "geometry": { "type": "Polygon", "coordinates": [ [ [ -15.859869, 23.839729 ], [ -15.859881, 23.841536 ], [ -15.861845, 23.841525 ], [ -15.861833, 23.839719 ], [ -15.859869, 23.839729 ] ] ] } },
{ "type": "Feature", "properties": { "urban_density": 0.074003465617200642, "temperature_proxy": 26.481022526511804 }, "geometry": { "type": "Polygon", "coordinates": [ [ [ -15.846685, 23.623036 ], [ -15.846697, 23.624842 ], [ -15.848657, 23.624832 ], [ -15.848646, 23.623025 ], [ -15.846685, 23.623036 ] ] ] } },
{ "type": "Feature", "properties": { "urban_density": 0.47738414574941923, "temperature_proxy": 29.102996947371224 }, "geometry": { "type": "Polygon", "coordinates": [ [ [ -15.844725, 23.623047 ], [ -15.844736, 23.624853 ], [ -15.846697, 23.624842 ], [ -15.846685, 23.623036 ], [ -15.844725, 23.623047 ] ] ] } },
{ "type": "Feature", "properties": { "urban_density": 0.54032086901738507, "temperature_proxy": 29.512085648613002 }, "geometry": { "type": "Polygon", "coordinates": [ [ [ -15.844736, 23.624853 ], [ -15.844748, 23.62666 ], [ -15.846708, 23.626649 ], [ -15.846697, 23.624842 ], [ -15.844736, 23.624853 ] ] ] } },
{ "type": "Feature", "properties": { "urban_density": 0.81176892334761119, "temperature_proxy": 31.276498001759471 }, "geometry": { "type": "Polygon", "coordinates": [ [ [ -15.842776, 23.624864 ], [ -15.842787, 23.62667 ], [ -15.844748, 23.62666 ], [ -15.844736, 23.624853 ], [ -15.842776, 23.624864 ] ] ] } },
{ "type": "Feature", "properties": { "urban_density": 0.59207282156744623, "temperature_proxy": 29.848473340188399 }, "geometry": { "type": "Polygon", "coordinates": [ [ [ -15.842787, 23.62667 ], [ -15.842799, 23.628477 ], [ -15.84476, 23.628466 ], [ -15.844748, 23.62666 ], [ -15.842787, 23.62667 ] ] ] } },
{ "type": "Feature", "properties": { "urban_density": 0.34208222842958386, "temperature_proxy": 28.223534484792296 }, "geometry": { "type": "Polygon", "coordinates": [ [ [ -15.842799, 23.628477 ], [ -15.842811, 23.630283 ], [ -15.844771, 23.630272 ], [ -15.84476, 23.628466 ], [ -15.842799, 23.628477 ] ] ] } },
{ "type": "Feature", "properties": { "urban_density": 0.019358066327918911, "temperature_proxy": 26.125827431131473 }, "geometry": { "type": "Polygon", "coordinates": [ [ [ -15.842811, 23.630283 ], [ -15.842822, 23.632089 ], [ -15.844783, 23.632079 ], [ -15.844771, 23.630272 ], [ -15.842811, 23.630283 ] ] ] } },
{ "type": "Feature", "properties": { "urban_density": 0.020540078167937511, "temperature_proxy": 26.133510508091593 }, "geometry": { "type": "Polygon", "coordinates": [ [ [ -15.840815, 23.624874 ], [ -15.840827, 23.626681 ], [ -15.842787, 23.62667 ], [ -15.842776, 23.624864 ], [ -15.840815, 23.624874 ] ] ] } },
{ "type": "Feature", "properties": { "urban_density": 0.63365352624246907, "temperature_proxy": 30.118747920576048 }, "geometry": { "type": "Polygon", "coordinates": [ [ [ -15.840827, 23.626681 ], [ -15.840838, 23.628487 ], [ -15.842799, 23.628477 ], [ -15.842787, 23.62667 ], [ -15.840827, 23.626681 ] ] ] } },
{ "type": "Feature", "properties": { "urban_density": 0.81473151934044841, "temperature_proxy": 31.295754875712916 }, "geometry": { "type": "Polygon", "coordinates": [ [ [ -15.840838, 23.628487 ], [ -15.84085, 23.630294 ], [ -15.842811, 23.630283 ], [ -15.842799, 23.628477 ], [ -15.840838, 23.628487 ] ] ] } },
{ "type": "Feature", "properties": { "urban_density": 0.4992964771078886, "temperature_proxy": 29.245427101201276 }, "geometry": { "type": "Polygon", "coordinates": [ [ [ -15.84085, 23.630294 ], [ -15.840861, 23.6321 ], [ -15.842822, 23.632089 ], [ -15.842811, 23.630283 ], [ -15.84085, 23.630294 ] ] ] } },
{ "type": "Feature", "properties": { "urban_density": 0.50669831267934284, "temperature_proxy": 29.29353903241573 }, "geometry": { "type": "Polygon", "coordinates": [ [ [ -15.838855, 23.624885 ], [ -15.838866, 23.626691 ], [ -15.840827, 23.626681 ], [ -15.840815, 23.624874 ], [ -15.838855, 23.624885 ] ] ] } },
{ "type": "Feature", "properties": { "urban_density": 0.15182087122299581, "temperature_proxy": 26.986835662949474 }, "geometry": { "type": "Polygon", "coordinates": [ [ [ -15.838866, 23.626691 ], [ -15.838878, 23.628498 ], [ -15.840838, 23.628487 ], [ -15.840827, 23.626681 ], [ -15.838866, 23.626691 ] ] ] } },
{ "type": "Feature", "properties": { "urban_density": 0.14992871057434576, "temperature_proxy": 26.974536618733246 }, "geometry": { "type": "Polygon", "coordinates": [ [ [ -15.838878, 23.628498 ], [ -15.838889, 23.630304 ], [ -15.84085, 23.630294 ], [ -15.840838, 23.628487 ], [ -15.838878, 23.628498 ] ] ] } },
{ "type": "Feature", "properties": { "urban_density": 0.16513576825431583, "temperature_proxy": 27.073382493653053 }, "geometry": { "type": "Polygon", "coordinates": [ [ [ -15.838889, 23.630304 ], [ -15.838901, 23.63211 ], [ -15.840861, 23.6321 ], [ -15.84085, 23.630294 ], [ -15.838889, 23.630304 ] ] ] } },
{ "type": "Feature", "properties": { "urban_density": 0.012346143292847658, "temperature_proxy": 26.080249931403511 }, "geometry": { "type": "Polygon", "coordinates": [ [ [ -15.838912, 23.633917 ], [ -15.838924, 23.635723 ], [ -15.840885, 23.635713 ], [ -15.840873, 23.633906 ], [ -15.838912, 23.633917 ] ] ] } },
{ "type": "Feature", "properties": { "urban_density": 0.075926010913330205, "temperature_proxy": 26.493519070936646 }, "geometry": { "type": "Polygon", "coordinates": [ [ [ -15.836894, 23.624896 ], [ -15.836906, 23.626702 ], [ -15.838866, 23.626691 ], [ -15.838855, 23.624885 ], [ -15.836894, 23.624896 ] ] ] } },
{ "type": "Feature", "properties": { "urban_density": 0.55466186425280828, "temperature_proxy": 29.605302117643255 }, "geometry": { "type": "Polygon", "coordinates": [ [ [ -15.836906, 23.626702 ], [ -15.836917, 23.628508 ], [ -15.838878, 23.628498 ], [ -15.838866, 23.626691 ], [ -15.836906, 23.626702 ] ] ] } },
{ "type": "Feature", "properties": { "urban_density": 0.92645728112517189, "temperature_proxy": 32.02197232731362 }, "geometry": { "type": "Polygon", "coordinates": [ [ [ -15.836917, 23.628508 ], [ -15.836929, 23.630315 ], [ -15.838889, 23.630304 ], [ -15.838878, 23.628498 ], [ -15.836917, 23.628508 ] ] ] } },
{ "type": "Feature", "properties": { "urban_density": 0.59517581829592492, "temperature_proxy": 29.868642818923512 }, "geometry": { "type": "Polygon", "coordinates": [ [ [ -15.836929, 23.630315 ], [ -15.83694, 23.632121 ], [ -15.838901, 23.63211 ], [ -15.838889, 23.630304 ], [ -15.836929, 23.630315 ] ] ] } },
{ "type": "Feature", "properties": { "urban_density": 0.14820730523459644, "temperature_proxy": 26.963347484024876 }, "geometry": { "type": "Polygon", "coordinates": [ [ [ -15.834957, 23.628519 ], [ -15.834968, 23.630325 ], [ -15.836929, 23.630315 ], [ -15.836917, 23.628508 ], [ -15.834957, 23.628519 ] ] ] } },
{ "type": "Feature", "properties": { "urban_density": 0.14307600771175927, "temperature_proxy": 26.929994050126435 }, "geometry": { "type": "Polygon", "coordinates": [ [ [ -15.834968, 23.630325 ], [ -15.83498, 23.632132 ], [ -15.83694, 23.632121 ], [ -15.836929, 23.630315 ], [ -15.834968, 23.630325 ] ] ] } },
{ "type": "Feature", "properties": { "urban_density": 0.020796263396494825, "temperature_proxy": 26.135175712077217 }, "geometry": { "type": "Polygon", "coordinates": [ [ [ -15.835014, 23.637551 ], [ -15.835025, 23.639357 ], [ -15.836986, 23.639346 ], [ -15.836975, 23.63754 ], [ -15.835014, 23.637551 ] ] ] } },
{ "type": "Feature", "properties": { "urban_density": 0.013663393776466177, "temperature_proxy": 26.088812059547031 }, "geometry": { "type": "Polygon", "coordinates": [ [ [ -15.835025, 23.639357 ], [ -15.835037, 23.641163 ], [ -15.836998, 23.641153 ], [ -15.836986, 23.639346 ], [ -15.835025, 23.639357 ] ] ] } },
{ "type": "Feature", "properties": { "urban_density": 0.026050688261813202, "temperature_proxy": 26.169329473701787 }, "geometry": { "type": "Polygon", "coordinates": [ [ [ -15.780554, 23.711898 ], [ -15.780565, 23.713704 ], [ -15.782527, 23.713694 ], [ -15.782516, 23.711888 ], [ -15.780554, 23.711898 ] ] ] } },
{ "type": "Feature", "properties": { "urban_density": 0.083573378451439168, "temperature_proxy": 26.543226959934355 }, "geometry": { "type": "Polygon", "coordinates": [ [ [ -15.780565, 23.713704 ], [ -15.780575, 23.71551 ], [ -15.782537, 23.7155 ], [ -15.782527, 23.713694 ], [ -15.780565, 23.713704 ] ] ] } },
{ "type": "Feature", "properties": { "urban_density": 0.24339607617660722, "temperature_proxy": 27.582074495147946 }, "geometry": { "type": "Polygon", "coordinates": [ [ [ -15.780575, 23.71551 ], [ -15.780586, 23.717317 ], [ -15.782548, 23.717307 ], [ -15.782537, 23.7155 ], [ -15.780575, 23.71551 ] ] ] } },
{ "type": "Feature", "properties": { "urban_density": 0.015523462095639073, "temperature_proxy": 26.100902503621654 }, "geometry": { "type": "Polygon", "coordinates": [ [ [ -15.780586, 23.717317 ], [ -15.780597, 23.719123 ], [ -15.782559, 23.719113 ], [ -15.782548, 23.717307 ], [ -15.780586, 23.717317 ] ] ] } },
{ "type": "Feature", "properties": { "urban_density": 0.39722818493266787, "temperature_proxy": 28.581983202062339 }, "geometry": { "type": "Polygon", "coordinates": [ [ [ -15.778592, 23.711907 ], [ -15.778603, 23.713714 ], [ -15.780565, 23.713704 ], [ -15.780554, 23.711898 ], [ -15.778592, 23.711907 ] ] ] } },
{ "type": "Feature", "properties": { "urban_density": 0.95768072149435102, "temperature_proxy": 32.224924689713283 }, "geometry": { "type": "Polygon", "coordinates": [ [ [ -15.778603, 23.713714 ], [ -15.778614, 23.71552 ], [ -15.780575, 23.71551 ], [ -15.780565, 23.713704 ], [ -15.778603, 23.713714 ] ] ] } },
{ "type": "Feature", "properties": { "urban_density": 0.84643926353830556, "temperature_proxy": 31.501855212998986 }, "geometry": { "type": "Polygon", "coordinates": [ [ [ -15.778614, 23.71552 ], [ -15.778624, 23.717326 ], [ -15.780586, 23.717317 ], [ -15.780575, 23.71551 ], [ -15.778614, 23.71552 ] ] ] } },
{ "type": "Feature", "properties": { "urban_density": 0.033070151215861293, "temperature_proxy": 26.214955982903099 }, "geometry": { "type": "Polygon", "coordinates": [ [ [ -15.778624, 23.717326 ], [ -15.778635, 23.719133 ], [ -15.780597, 23.719123 ], [ -15.780586, 23.717317 ], [ -15.778624, 23.717326 ] ] ] } },
{ "type": "Feature", "properties": { "urban_density": 0.045525494797727863, "temperature_proxy": 26.295915716185231 }, "geometry": { "type": "Polygon", "coordinates": [ [ [ -15.77663, 23.711917 ], [ -15.776641, 23.713724 ], [ -15.778603, 23.713714 ], [ -15.778592, 23.711907 ], [ -15.77663, 23.711917 ] ] ] } },
{ "type": "Feature", "properties": { "urban_density": 0.4621238307093154, "temperature_proxy": 29.00380489961055 }, "geometry": { "type": "Polygon", "coordinates": [ [ [ -15.776641, 23.713724 ], [ -15.776652, 23.71553 ], [ -15.778614, 23.71552 ], [ -15.778603, 23.713714 ], [ -15.776641, 23.713724 ] ] ] } },
{ "type": "Feature", "properties": { "urban_density": 0.38624333417450923, "temperature_proxy": 28.510581672134311 }, "geometry": { "type": "Polygon", "coordinates": [ [ [ -15.776652, 23.71553 ], [ -15.776662, 23.717336 ], [ -15.778624, 23.717326 ], [ -15.778614, 23.71552 ], [ -15.776652, 23.71553 ] ] ] } },
{ "type": "Feature", "properties": { "urban_density": 0.1074845773000502, "temperature_proxy": 26.698649752450326 }, "geometry": { "type": "Polygon", "coordinates": [ [ [ -15.77276, 23.720969 ], [ -15.772771, 23.722775 ], [ -15.774733, 23.722765 ], [ -15.774722, 23.720959 ], [ -15.77276, 23.720969 ] ] ] } },
{ "type": "Feature", "properties": { "urban_density": 0.056508330601201182, "temperature_proxy": 26.367304148907806 }, "geometry": { "type": "Polygon", "coordinates": [ [ [ -15.772771, 23.722775 ], [ -15.772781, 23.724581 ], [ -15.774743, 23.724572 ], [ -15.774733, 23.722765 ], [ -15.772771, 23.722775 ] ] ] } },
{ "type": "Feature", "properties": { "urban_density": 0.019770835319120411, "temperature_proxy": 26.128510429574284 }, "geometry": { "type": "Polygon", "coordinates": [ [ [ -15.770787, 23.719172 ], [ -15.770798, 23.720978 ], [ -15.77276, 23.720969 ], [ -15.772749, 23.719162 ], [ -15.770787, 23.719172 ] ] ] } },
{ "type": "Feature", "properties": { "urban_density": 0.79108277956620909, "temperature_proxy": 31.142038067180358 }, "geometry": { "type": "Polygon", "coordinates": [ [ [ -15.770798, 23.720978 ], [ -15.770809, 23.722785 ], [ -15.772771, 23.722775 ], [ -15.77276, 23.720969 ], [ -15.770798, 23.720978 ] ] ] } },
{ "type": "Feature", "properties": { "urban_density": 0.82253387877361839, "temperature_proxy": 31.346470212028521 }, "geometry": { "type": "Polygon", "coordinates": [ [ [ -15.770809, 23.722785 ], [ -15.770819, 23.724591 ], [ -15.772781, 23.724581 ], [ -15.772771, 23.722775 ], [ -15.770809, 23.722785 ] ] ] } },
{ "type": "Feature", "properties": { "urban_density": 0.5395145603771021, "temperature_proxy": 29.506844642451163 }, "geometry": { "type": "Polygon", "coordinates": [ [ [ -15.770819, 23.724591 ], [ -15.77083, 23.726398 ], [ -15.772792, 23.726388 ], [ -15.772781, 23.724581 ], [ -15.770819, 23.724591 ] ] ] } },
{ "type": "Feature", "properties": { "urban_density": 0.12425355073767073, "temperature_proxy": 26.807648079794859 }, "geometry": { "type": "Polygon", "coordinates": [ [ [ -15.77083, 23.726398 ], [ -15.77084, 23.728204 ], [ -15.772802, 23.728194 ], [ -15.772792, 23.726388 ], [ -15.77083, 23.726398 ] ] ] } },
{ "type": "Feature", "properties": { "urban_density": 0.031272695641433139, "temperature_proxy": 26.203272521669316 }, "geometry": { "type": "Polygon", "coordinates": [ [ [ -15.77084, 23.728204 ], [ -15.770851, 23.73001 ], [ -15.772813, 23.73 ], [ -15.772802, 23.728194 ], [ -15.77084, 23.728204 ] ] ] } },
{ "type": "Feature", "properties": { "urban_density": 0.01171204239491319, "temperature_proxy": 26.076128275566937 }, "geometry": { "type": "Polygon", "coordinates": [ [ [ -15.770851, 23.73001 ], [ -15.770862, 23.731817 ], [ -15.772824, 23.731807 ], [ -15.772813, 23.73 ], [ -15.770851, 23.73001 ] ] ] } },
{ "type": "Feature", "properties": { "urban_density": 0.41972270020254654, "temperature_proxy": 28.728197551316551 }, "geometry": { "type": "Polygon", "coordinates": [ [ [ -15.768836, 23.720988 ], [ -15.768847, 23.722795 ], [ -15.770809, 23.722785 ], [ -15.770798, 23.720978 ], [ -15.768836, 23.720988 ] ] ] } },
{ "type": "Feature", "properties": { "urban_density": 0.8305184048158637, "temperature_proxy": 31.398369631303115 }, "geometry": { "type": "Polygon", "coordinates": [ [ [ -15.768847, 23.722795 ], [ -15.768857, 23.724601 ], [ -15.770819, 23.724591 ], [ -15.770809, 23.722785 ], [ -15.768847, 23.722795 ] ] ] } },
{ "type": "Feature", "properties": { "urban_density": 0.86715374470044171, "temperature_proxy": 31.63649934055287 }, "geometry": { "type": "Polygon", "coordinates": [ [ [ -15.768857, 23.724601 ], [ -15.768868, 23.726407 ], [ -15.77083, 23.726398 ], [ -15.770819, 23.724591 ], [ -15.768857, 23.724601 ] ] ] } },
{ "type": "Feature", "properties": { "urban_density": 0.838142264157968, "temperature_proxy": 31.447924717026794 }, "geometry": { "type": "Polygon", "coordinates": [ [ [ -15.768868, 23.726407 ], [ -15.768878, 23.728214 ], [ -15.77084, 23.728204 ], [ -15.77083, 23.726398 ], [ -15.768868, 23.726407 ] ] ] } },
{ "type": "Feature", "properties": { "urban_density": 0.32314549661701258, "temperature_proxy": 28.10044572801058 }, "geometry": { "type": "Polygon", "coordinates": [ [ [ -15.768878, 23.728214 ], [ -15.768889, 23.73002 ], [ -15.770851, 23.73001 ], [ -15.77084, 23.728204 ], [ -15.768878, 23.728214 ] ] ] } },
{ "type": "Feature", "properties": { "urban_density": 0.031412016957192632, "temperature_proxy": 26.204178110221751 }, "geometry": { "type": "Polygon", "coordinates": [ [ [ -15.768889, 23.73002 ], [ -15.7689, 23.731826 ], [ -15.770862, 23.731817 ], [ -15.770851, 23.73001 ], [ -15.768889, 23.73002 ] ] ] } },
{ "type": "Feature", "properties": { "urban_density": 0.036309538243211176, "temperature_proxy": 26.236011998580871 }, "geometry": { "type": "Polygon", "coordinates": [ [ [ -15.769847, 23.89259 ], [ -15.769858, 23.894397 ], [ -15.771822, 23.894387 ], [ -15.771811, 23.892581 ], [ -15.769847, 23.89259 ] ] ] } },
{ "type": "Feature", "properties": { "urban_density": 0.016047111265314423, "temperature_proxy": 26.104306223224544 }, "geometry": { "type": "Polygon", "coordinates": [ [ [ -15.769868, 23.896203 ], [ -15.769879, 23.898009 ], [ -15.771844, 23.898 ], [ -15.771833, 23.896193 ], [ -15.769868, 23.896203 ] ] ] } },
{ "type": "Feature", "properties": { "urban_density": 0.011075380628015351, "temperature_proxy": 26.071989974082101 }, "geometry": { "type": "Polygon", "coordinates": [ [ [ -15.769879, 23.898009 ], [ -15.76989, 23.899816 ], [ -15.771854, 23.899806 ], [ -15.771844, 23.898 ], [ -15.769879, 23.898009 ] ] ] } },
{ "type": "Feature", "properties": { "urban_density": 0.25057256467375666, "temperature_proxy": 27.62872167037942 }, "geometry": { "type": "Polygon", "coordinates": [ [ [ -15.766885, 23.722804 ], [ -15.766895, 23.724611 ], [ -15.768857, 23.724601 ], [ -15.768847, 23.722795 ], [ -15.766885, 23.722804 ] ] ] } },
{ "type": "Feature", "properties": { "urban_density": 0.88131721309973399, "temperature_proxy": 31.72856188514827 }, "geometry": { "type": "Polygon", "coordinates": [ [ [ -15.766895, 23.724611 ], [ -15.766906, 23.726417 ], [ -15.768868, 23.726407 ], [ -15.768857, 23.724601 ], [ -15.766895, 23.724611 ] ] ] } },
{ "type": "Feature", "properties": { "urban_density": 0.83441849119208733, "temperature_proxy": 31.423720192748569 }, "geometry": { "type": "Polygon", "coordinates": [ [ [ -15.766906, 23.726417 ], [ -15.766916, 23.728223 ], [ -15.768878, 23.728214 ], [ -15.768868, 23.726407 ], [ -15.766906, 23.726417 ] ] ] } },
{ "type": "Feature", "properties": { "urban_density": 0.99871811294045998, "temperature_proxy": 32.491667734112987 }, "geometry": { "type": "Polygon", "coordinates": [ [ [ -15.766916, 23.728223 ], [ -15.766927, 23.73003 ], [ -15.768889, 23.73002 ], [ -15.768878, 23.728214 ], [ -15.766916, 23.728223 ] ] ] } },
{ "type": "Feature", "properties": { "urban_density": 0.53172524289440548, "temperature_proxy": 29.456214078813638 }, "geometry": { "type": "Polygon", "coordinates": [ [ [ -15.766927, 23.73003 ], [ -15.766937, 23.731836 ], [ -15.7689, 23.731826 ], [ -15.768889, 23.73002 ], [ -15.766927, 23.73003 ] ] ] } },
{ "type": "Feature", "properties": { "urban_density": 0.011682423547004186, "temperature_proxy": 26.075935753055528 }, "geometry": { "type": "Polygon", "coordinates": [ [ [ -15.767914, 23.898019 ], [ -15.767925, 23.899826 ], [ -15.76989, 23.899816 ], [ -15.769879, 23.898009 ], [ -15.767914, 23.898019 ] ] ] } },
{ "type": "Feature", "properties": { "urban_density": 0.028137649837648018, "temperature_proxy": 26.182894723944713 }, "geometry": { "type": "Polygon", "coordinates": [ [ [ -15.764407, 23.634302 ], [ -15.764418, 23.636108 ], [ -15.766379, 23.636099 ], [ -15.766368, 23.634292 ], [ -15.764407, 23.634302 ] ] ] } },
{ "type": "Feature", "properties": { "urban_density": 0.095542297271881835, "temperature_proxy": 26.621024932267233 }, "geometry": { "type": "Polygon", "coordinates": [ [ [ -15.764418, 23.636108 ], [ -15.764428, 23.637915 ], [ -15.766389, 23.637905 ], [ -15.766379, 23.636099 ], [ -15.764418, 23.636108 ] ] ] } },
{ "type": "Feature", "properties": { "urban_density": 0.22122406930305213, "temperature_proxy": 27.437956450469837 }, "geometry": { "type": "Polygon", "coordinates": [ [ [ -15.764923, 23.722814 ], [ -15.764933, 23.72462 ], [ -15.766895, 23.724611 ], [ -15.766885, 23.722804 ], [ -15.764923, 23.722814 ] ] ] } },
{ "type": "Feature", "properties": { "urban_density": 0.77713157109365349, "temperature_proxy": 31.051355212108746 }, "geometry": { "type": "Polygon", "coordinates": [ [ [ -15.764933, 23.72462 ], [ -15.764944, 23.726427 ], [ -15.766906, 23.726417 ], [ -15.766895, 23.724611 ], [ -15.764933, 23.72462 ] ] ] } },
{ "type": "Feature", "properties": { "urban_density": 0.9475218180927808, "temperature_proxy": 32.158891817603077 }, "geometry": { "type": "Polygon", "coordinates": [ [ [ -15.764944, 23.726427 ], [ -15.764954, 23.728233 ], [ -15.766916, 23.728223 ], [ -15.766906, 23.726417 ], [ -15.764944, 23.726427 ] ] ] } },
{ "type": "Feature", "properties": { "urban_density": 0.99954711973912003, "temperature_proxy": 32.497056278304278 }, "geometry": { "type": "Polygon", "coordinates": [ [ [ -15.764954, 23.728233 ], [ -15.764965, 23.73004 ], [ -15.766927, 23.73003 ], [ -15.766916, 23.728223 ], [ -15.764954, 23.728233 ] ] ] } },
{ "type": "Feature", "properties": { "urban_density": 0.35241559325670735, "temperature_proxy": 28.290701356168597 }, "geometry": { "type": "Polygon", "coordinates": [ [ [ -15.764965, 23.73004 ], [ -15.764975, 23.731846 ], [ -15.766937, 23.731836 ], [ -15.766927, 23.73003 ], [ -15.764965, 23.73004 ] ] ] } },
{ "type": "Feature", "properties": { "urban_density": 0.26499771837959996, "temperature_proxy": 27.722485169467401 }, "geometry": { "type": "Polygon", "coordinates": [ [ [ -15.762447, 23.634312 ], [ -15.762457, 23.636118 ], [ -15.764418, 23.636108 ], [ -15.764407, 23.634302 ], [ -15.762447, 23.634312 ] ] ] } },
{ "type": "Feature", "properties": { "urban_density": 0.95806695007512932, "temperature_proxy": 32.227435175488338 }, "geometry": { "type": "Polygon", "coordinates": [ [ [ -15.762457, 23.636118 ], [ -15.762468, 23.637924 ], [ -15.764428, 23.637915 ], [ -15.764418, 23.636108 ], [ -15.762457, 23.636118 ] ] ] } },
{ "type": "Feature", "properties": { "urban_density": 0.86652671064485653, "temperature_proxy": 31.632423619191567 }, "geometry": { "type": "Polygon", "coordinates": [ [ [ -15.762468, 23.637924 ], [ -15.762478, 23.639731 ], [ -15.764439, 23.639721 ], [ -15.764428, 23.637915 ], [ -15.762468, 23.637924 ] ] ] } },
{ "type": "Feature", "properties": { "urban_density": 0.6261977054415363, "temperature_proxy": 30.070285085369985 }, "geometry": { "type": "Polygon", "coordinates": [ [ [ -15.762478, 23.639731 ], [ -15.762489, 23.641537 ], [ -15.764449, 23.641527 ], [ -15.764439, 23.639721 ], [ -15.762478, 23.639731 ] ] ] } },
{ "type": "Feature", "properties": { "urban_density": 0.4237639821407731, "temperature_proxy": 28.754465883915024 }, "geometry": { "type": "Polygon", "coordinates": [ [ [ -15.762489, 23.641537 ], [ -15.762499, 23.643343 ], [ -15.76446, 23.643334 ], [ -15.764449, 23.641527 ], [ -15.762489, 23.641537 ] ] ] } },
{ "type": "Feature", "properties": { "urban_density": 0.22265851443882784, "temperature_proxy": 27.44728034385238 }, "geometry": { "type": "Polygon", "coordinates": [ [ [ -15.762499, 23.643343 ], [ -15.76251, 23.64515 ], [ -15.76447, 23.64514 ], [ -15.76446, 23.643334 ], [ -15.762499, 23.643343 ] ] ] } },
{ "type": "Feature", "properties": { "urban_density": 0.031419416336398782, "temperature_proxy": 26.204226206186593 }, "geometry": { "type": "Polygon", "coordinates": [ [ [ -15.76251, 23.64515 ], [ -15.76252, 23.646956 ], [ -15.764481, 23.646947 ], [ -15.76447, 23.64514 ], [ -15.76251, 23.64515 ] ] ] } },
{ "type": "Feature", "properties": { "urban_density": 0.12151924857350968, "temperature_proxy": 26.789875115727813 }, "geometry": { "type": "Polygon", "coordinates": [ [ [ -15.762971, 23.72463 ], [ -15.762982, 23.726436 ], [ -15.764944, 23.726427 ], [ -15.764933, 23.72462 ], [ -15.762971, 23.72463 ] ] ] } },
{ "type": "Feature", "properties": { "urban_density": 0.78102674011212581, "temperature_proxy": 31.076673810728817 }, "geometry": { "type": "Polygon", "coordinates": [ [ [ -15.762982, 23.726436 ], [ -15.762992, 23.728243 ], [ -15.764954, 23.728233 ], [ -15.764944, 23.726427 ], [ -15.762982, 23.726436 ] ] ] } },
{ "type": "Feature", "properties": { "urban_density": 0.56720834878908077, "temperature_proxy": 29.686854267129025 }, "geometry": { "type": "Polygon", "coordinates": [ [ [ -15.762992, 23.728243 ], [ -15.763003, 23.730049 ], [ -15.764965, 23.73004 ], [ -15.764954, 23.728233 ], [ -15.762992, 23.728243 ] ] ] } },
{ "type": "Feature", "properties": { "urban_density": 0.33814693482330249, "temperature_proxy": 28.197955076351466 }, "geometry": { "type": "Polygon", "coordinates": [ [ [ -15.760486, 23.634321 ], [ -15.760496, 23.636128 ], [ -15.762457, 23.636118 ], [ -15.762447, 23.634312 ], [ -15.760486, 23.634321 ] ] ] } },
{ "type": "Feature", "properties": { "urban_density": 0.93770549817254234, "temperature_proxy": 32.095085738121526 }, "geometry": { "type": "Polygon", "coordinates": [ [ [ -15.760496, 23.636128 ], [ -15.760507, 23.637934 ], [ -15.762468, 23.637924 ], [ -15.762457, 23.636118 ], [ -15.760496, 23.636128 ] ] ] } },
{ "type": "Feature", "properties": { "urban_density": 0.87645367426309606, "temperature_proxy": 31.696948882710124 }, "geometry": { "type": "Polygon", "coordinates": [ [ [ -15.760507, 23.637934 ], [ -15.760517, 23.63974 ], [ -15.762478, 23.639731 ], [ -15.762468, 23.637924 ], [ -15.760507, 23.637934 ] ] ] } },
{ "type": "Feature", "properties": { "urban_density": 0.92010549126271413, "temperature_proxy": 31.98068569320764 }, "geometry": { "type": "Polygon", "coordinates": [ [ [ -15.760517, 23.63974 ], [ -15.760528, 23.641547 ], [ -15.762489, 23.641537 ], [ -15.762478, 23.639731 ], [ -15.760517, 23.63974 ] ] ] } },
{ "type": "Feature", "properties": { "urban_density": 0.9511402489745524, "temperature_proxy": 32.182411618334591 }, "geometry": { "type": "Polygon", "coordinates": [ [ [ -15.760528, 23.641547 ], [ -15.760538, 23.643353 ], [ -15.762499, 23.643343 ], [ -15.762489, 23.641537 ], [ -15.760528, 23.641547 ] ] ] } },
{ "type": "Feature", "properties": { "urban_density": 0.96025427982443945, "temperature_proxy": 32.241652818858853 }, "geometry": { "type": "Polygon", "coordinates": [ [ [ -15.760538, 23.643353 ], [ -15.760549, 23.645159 ], [ -15.76251, 23.64515 ], [ -15.762499, 23.643343 ], [ -15.760538, 23.643353 ] ] ] } },
{ "type": "Feature", "properties": { "urban_density": 0.93946344056549591, "temperature_proxy": 32.106512363675726 }, "geometry": { "type": "Polygon", "coordinates": [ [ [ -15.760549, 23.645159 ], [ -15.760559, 23.646966 ], [ -15.76252, 23.646956 ], [ -15.76251, 23.64515 ], [ -15.760549, 23.645159 ] ] ] } },
{ "type": "Feature", "properties": { "urban_density": 0.75056381476438305, "temperature_proxy": 30.87866479596849 }, "geometry": { "type": "Polygon", "coordinates": [ [ [ -15.760559, 23.646966 ], [ -15.76057, 23.648772 ], [ -15.76253, 23.648763 ], [ -15.76252, 23.646956 ], [ -15.760559, 23.646966 ] ] ] } },
{ "type": "Feature", "properties": { "urban_density": 0.53701864567420998, "temperature_proxy": 29.490621196882365 }, "geometry": { "type": "Polygon", "coordinates": [ [ [ -15.76057, 23.648772 ], [ -15.76058, 23.650579 ], [ -15.762541, 23.650569 ], [ -15.76253, 23.648763 ], [ -15.76057, 23.648772 ] ] ] } },
{ "type": "Feature", "properties": { "urban_density": 0.33607889162509624, "temperature_proxy": 28.184512795563126 }, "geometry": { "type": "Polygon", "coordinates": [ [ [ -15.76058, 23.650579 ], [ -15.76059, 23.652385 ], [ -15.762551, 23.652375 ], [ -15.762541, 23.650569 ], [ -15.76058, 23.650579 ] ] ] } },
{ "type": "Feature", "properties": { "urban_density": 0.11701202279159542, "temperature_proxy": 26.76057814814537 }, "geometry": { "type": "Polygon", "coordinates": [ [ [ -15.76059, 23.652385 ], [ -15.760601, 23.654191 ], [ -15.762562, 23.654182 ], [ -15.762551, 23.652375 ], [ -15.76059, 23.652385 ] ] ] } },
{ "type": "Feature", "properties": { "urban_density": 0.024524744176669954, "temperature_proxy": 26.159410837148354 }, "geometry": { "type": "Polygon", "coordinates": [ [ [ -15.76102, 23.726446 ], [ -15.76103, 23.728253 ], [ -15.762992, 23.728243 ], [ -15.762982, 23.726436 ], [ -15.76102, 23.726446 ] ] ] } },
{ "type": "Feature", "properties": { "urban_density": 0.028938055371365824, "temperature_proxy": 26.188097359913879 }, "geometry": { "type": "Polygon", "coordinates": [ [ [ -15.76103, 23.728253 ], [ -15.76104, 23.730059 ], [ -15.763003, 23.730049 ], [ -15.762992, 23.728243 ], [ -15.76103, 23.728253 ] ] ] } },
{ "type": "Feature", "properties": { "urban_density": 0.030543829799668038, "temperature_proxy": 26.198534893697843 }, "geometry": { "type": "Polygon", "coordinates": [ [ [ -15.758536, 23.636137 ], [ -15.758546, 23.637944 ], [ -15.760507, 23.637934 ], [ -15.760496, 23.636128 ], [ -15.758536, 23.636137 ] ] ] } },
{ "type": "Feature", "properties": { "urban_density": 0.12295223365638334, "temperature_proxy": 26.799189518766493 }, "geometry": { "type": "Polygon", "coordinates": [ [ [ -15.758546, 23.637944 ], [ -15.758557, 23.63975 ], [ -15.760517, 23.63974 ], [ -15.760507, 23.637934 ], [ -15.758546, 23.637944 ] ] ] } },
{ "type": "Feature", "properties": { "urban_density": 0.40047963352298044, "temperature_proxy": 28.603117617899372 }, "geometry": { "type": "Polygon", "coordinates": [ [ [ -15.758557, 23.63975 ], [ -15.758567, 23.641556 ], [ -15.760528, 23.641547 ], [ -15.760517, 23.63974 ], [ -15.758557, 23.63975 ] ] ] } },
{ "type": "Feature", "properties": { "urban_density": 0.63284650221580796, "temperature_proxy": 30.113502264402751 }, "geometry": { "type": "Polygon", "coordinates": [ [ [ -15.758567, 23.641556 ], [ -15.758577, 23.643363 ], [ -15.760538, 23.643353 ], [ -15.760528, 23.641547 ], [ -15.758567, 23.641556 ] ] ] } },
{ "type": "Feature", "properties": { "urban_density": 0.83860751190763183, "temperature_proxy": 31.450948827399607 }, "geometry": { "type": "Polygon", "coordinates": [ [ [ -15.758577, 23.643363 ], [ -15.758588, 23.645169 ], [ -15.760549, 23.645159 ], [ -15.760538, 23.643353 ], [ -15.758577, 23.643363 ] ] ] } },
{ "type": "Feature", "properties": { "urban_density": 0.96110304792377832, "temperature_proxy": 32.247169811504563 }, "geometry": { "type": "Polygon", "coordinates": [ [ [ -15.758588, 23.645169 ], [ -15.758598, 23.646975 ], [ -15.760559, 23.646966 ], [ -15.760549, 23.645159 ], [ -15.758588, 23.645169 ] ] ] } },
{ "type": "Feature", "properties": { "urban_density": 0.83682336429193616, "temperature_proxy": 31.439351867897585 }, "geometry": { "type": "Polygon", "coordinates": [ [ [ -15.758598, 23.646975 ], [ -15.758609, 23.648782 ], [ -15.76057, 23.648772 ], [ -15.760559, 23.646966 ], [ -15.758598, 23.646975 ] ] ] } },
{ "type": "Feature", "properties": { "urban_density": 0.97354500644238051, "temperature_proxy": 32.328042541875476 }, "geometry": { "type": "Polygon", "coordinates": [ [ [ -15.758609, 23.648782 ], [ -15.758619, 23.650588 ], [ -15.76058, 23.650579 ], [ -15.76057, 23.648772 ], [ -15.758609, 23.648782 ] ] ] } },
{ "type": "Feature", "properties": { "urban_density": 0.96158419662155215, "temperature_proxy": 32.250297278040087 }, "geometry": { "type": "Polygon", "coordinates": [ [ [ -15.758619, 23.650588 ], [ -15.758629, 23.652395 ], [ -15.76059, 23.652385 ], [ -15.76058, 23.650579 ], [ -15.758619, 23.650588 ] ] ] } },
{ "type": "Feature", "properties": { "urban_density": 0.95930967628216746, "temperature_proxy": 32.235512895834091 }, "geometry": { "type": "Polygon", "coordinates": [ [ [ -15.758629, 23.652395 ], [ -15.75864, 23.654201 ], [ -15.760601, 23.654191 ], [ -15.76059, 23.652385 ], [ -15.758629, 23.652395 ] ] ] } },
{ "type": "Feature", "properties": { "urban_density": 0.31906266061308813, "temperature_proxy": 28.073907293985073 }, "geometry": { "type": "Polygon", "coordinates": [ [ [ -15.75864, 23.654201 ], [ -15.75865, 23.656007 ], [ -15.760611, 23.655998 ], [ -15.760601, 23.654191 ], [ -15.75864, 23.654201 ] ] ] } },
{ "type": "Feature", "properties": { "urban_density": 0.032515760080223048, "temperature_proxy": 26.211352440521448 }, "geometry": { "type": "Polygon", "coordinates": [ [ [ -15.756596, 23.639759 ], [ -15.756606, 23.641566 ], [ -15.758567, 23.641556 ], [ -15.758557, 23.63975 ], [ -15.756596, 23.639759 ] ] ] } },
{ "type": "Feature", "properties": { "urban_density": 0.022553625247168533, "temperature_proxy": 26.146598564106597 }, "geometry": { "type": "Polygon", "coordinates": [ [ [ -15.756606, 23.641566 ], [ -15.756617, 23.643372 ], [ -15.758577, 23.643363 ], [ -15.758567, 23.641556 ], [ -15.756606, 23.641566 ] ] ] } },
{ "type": "Feature", "properties": { "urban_density": 0.0890332434353963, "temperature_proxy": 26.578716082330075 }, "geometry": { "type": "Polygon", "coordinates": [ [ [ -15.756627, 23.645179 ], [ -15.756637, 23.646985 ], [ -15.758598, 23.646975 ], [ -15.758588, 23.645169 ], [ -15.756627, 23.645179 ] ] ] } },
{ "type": "Feature", "properties": { "urban_density": 0.20513466396538216, "temperature_proxy": 27.333375315774983 }, "geometry": { "type": "Polygon", "coordinates": [ [ [ -15.756637, 23.646985 ], [ -15.756648, 23.648791 ], [ -15.758609, 23.648782 ], [ -15.758598, 23.646975 ], [ -15.756637, 23.646985 ] ] ] } },
{ "type": "Feature", "properties": { "urban_density": 0.51367514682443249, "temperature_proxy": 29.338888454358813 }, "geometry": { "type": "Polygon", "coordinates": [ [ [ -15.756648, 23.648791 ], [ -15.756658, 23.650598 ], [ -15.758619, 23.650588 ], [ -15.758609, 23.648782 ], [ -15.756648, 23.648791 ] ] ] } },
{ "type": "Feature", "properties": { "urban_density": 0.72086790086064212, "temperature_proxy": 30.685641355594175 }, "geometry": { "type": "Polygon", "coordinates": [ [ [ -15.756658, 23.650598 ], [ -15.756669, 23.652404 ], [ -15.758629, 23.652395 ], [ -15.758619, 23.650588 ], [ -15.756658, 23.650598 ] ] ] } },
{ "type": "Feature", "properties": { "urban_density": 0.89323614610334623, "temperature_proxy": 31.806034949671751 }, "geometry": { "type": "Polygon", "coordinates": [ [ [ -15.756669, 23.652404 ], [ -15.756679, 23.654211 ], [ -15.75864, 23.654201 ], [ -15.758629, 23.652395 ], [ -15.756669, 23.652404 ] ] ] } },
{ "type": "Feature", "properties": { "urban_density": 0.12395268388442607, "temperature_proxy": 26.80569244524877 }, "geometry": { "type": "Polygon", "coordinates": [ [ [ -15.756679, 23.654211 ], [ -15.756689, 23.656017 ], [ -15.75865, 23.656007 ], [ -15.75864, 23.654201 ], [ -15.756679, 23.654211 ] ] ] } },
{ "type": "Feature", "properties": { "urban_density": 0.08912806523338615, "temperature_proxy": 26.579332424017011 }, "geometry": { "type": "Polygon", "coordinates": [ [ [ -15.754801, 23.668671 ], [ -15.754811, 23.670478 ], [ -15.756772, 23.670468 ], [ -15.756762, 23.668662 ], [ -15.754801, 23.668671 ] ] ] } },
{ "type": "Feature", "properties": { "urban_density": 0.087429058300999174, "temperature_proxy": 26.568288878956494 }, "geometry": { "type": "Polygon", "coordinates": [ [ [ -15.754832, 23.67409 ], [ -15.754842, 23.675897 ], [ -15.756804, 23.675887 ], [ -15.756793, 23.674081 ], [ -15.754832, 23.67409 ] ] ] } },
{ "type": "Feature", "properties": { "urban_density": 0.25749820067538759, "temperature_proxy": 27.673738304390021 }, "geometry": { "type": "Polygon", "coordinates": [ [ [ -15.752829, 23.666874 ], [ -15.75284, 23.668681 ], [ -15.754801, 23.668671 ], [ -15.754791, 23.666865 ], [ -15.752829, 23.666874 ] ] ] } },
{ "type": "Feature", "properties": { "urban_density": 0.9366334859043165, "temperature_proxy": 32.08811765837806 }, "geometry": { "type": "Polygon", "coordinates": [ [ [ -15.75284, 23.668681 ], [ -15.75285, 23.670487 ], [ -15.754811, 23.670478 ], [ -15.754801, 23.668671 ], [ -15.75284, 23.668681 ] ] ] } },
{ "type": "Feature", "properties": { "urban_density": 0.29748990769337658, "temperature_proxy": 27.933684400006946 }, "geometry": { "type": "Polygon", "coordinates": [ [ [ -15.75285, 23.670487 ], [ -15.75286, 23.672293 ], [ -15.754822, 23.672284 ], [ -15.754811, 23.670478 ], [ -15.75285, 23.670487 ] ] ] } },
{ "type": "Feature", "properties": { "urban_density": 0.067126367479191956, "temperature_proxy": 26.436321388614747 }, "geometry": { "type": "Polygon", "coordinates": [ [ [ -15.75286, 23.672293 ], [ -15.752871, 23.6741 ], [ -15.754832, 23.67409 ], [ -15.754822, 23.672284 ], [ -15.75286, 23.672293 ] ] ] } },
{ "type": "Feature", "properties": { "urban_density": 0.89794806803962424, "temperature_proxy": 31.836662442257555 }, "geometry": { "type": "Polygon", "coordinates": [ [ [ -15.752871, 23.6741 ], [ -15.752881, 23.675906 ], [ -15.754842, 23.675897 ], [ -15.754832, 23.67409 ], [ -15.752871, 23.6741 ] ] ] } },
{ "type": "Feature", "properties": { "urban_density": 0.63906250455823588, "temperature_proxy": 30.153906279628533 }, "geometry": { "type": "Polygon", "coordinates": [ [ [ -15.752881, 23.675906 ], [ -15.752891, 23.677713 ], [ -15.754853, 23.677703 ], [ -15.754842, 23.675897 ], [ -15.752881, 23.675906 ] ] ] } },
{ "type": "Feature", "properties": { "urban_density": 0.70738632475007346, "temperature_proxy": 30.598011110875476 }, "geometry": { "type": "Polygon", "coordinates": [ [ [ -15.750868, 23.666884 ], [ -15.750879, 23.66869 ], [ -15.75284, 23.668681 ], [ -15.752829, 23.666874 ], [ -15.750868, 23.666884 ] ] ] } },
{ "type": "Feature", "properties": { "urban_density": 0.49319826386536841, "temperature_proxy": 29.205788715124896 }, "geometry": { "type": "Polygon", "coordinates": [ [ [ -15.750879, 23.66869 ], [ -15.750889, 23.670497 ], [ -15.75285, 23.670487 ], [ -15.75284, 23.668681 ], [ -15.750879, 23.66869 ] ] ] } },
{ "type": "Feature", "properties": { "urban_density": 0.31173826069239857, "temperature_proxy": 28.026298694500589 }, "geometry": { "type": "Polygon", "coordinates": [ [ [ -15.750889, 23.670497 ], [ -15.750899, 23.672303 ], [ -15.75286, 23.672293 ], [ -15.75285, 23.670487 ], [ -15.750889, 23.670497 ] ] ] } },
{ "type": "Feature", "properties": { "urban_density": 0.87913870897363122, "temperature_proxy": 31.714401608328604 }, "geometry": { "type": "Polygon", "coordinates": [ [ [ -15.750899, 23.672303 ], [ -15.750909, 23.674109 ], [ -15.752871, 23.6741 ], [ -15.75286, 23.672293 ], [ -15.750899, 23.672303 ] ] ] } },
{ "type": "Feature", "properties": { "urban_density": 0.93572808471972035, "temperature_proxy": 32.082232550678185 }, "geometry": { "type": "Polygon", "coordinates": [ [ [ -15.750909, 23.674109 ], [ -15.75092, 23.675916 ], [ -15.752881, 23.675906 ], [ -15.752871, 23.6741 ], [ -15.750909, 23.674109 ] ] ] } },
{ "type": "Feature", "properties": { "urban_density": 0.9191442949517965, "temperature_proxy": 31.974437917186677 }, "geometry": { "type": "Polygon", "coordinates": [ [ [ -15.75092, 23.675916 ], [ -15.75093, 23.677722 ], [ -15.752891, 23.677713 ], [ -15.752881, 23.675906 ], [ -15.75092, 23.675916 ] ] ] } },
{ "type": "Feature", "properties": { "urban_density": 0.46066559973758303, "temperature_proxy": 28.994326398294291 }, "geometry": { "type": "Polygon", "coordinates": [ [ [ -15.75093, 23.677722 ], [ -15.75094, 23.679528 ], [ -15.752902, 23.679519 ], [ -15.752891, 23.677713 ], [ -15.75093, 23.677722 ] ] ] } },
{ "type": "Feature", "properties": { "urban_density": 0.26129348756745457, "temperature_proxy": 27.698407669188455 }, "geometry": { "type": "Polygon", "coordinates": [ [ [ -15.748897, 23.665087 ], [ -15.748907, 23.666893 ], [ -15.750868, 23.666884 ], [ -15.750858, 23.665077 ], [ -15.748897, 23.665087 ] ] ] } },
{ "type": "Feature", "properties": { "urban_density": 0.95623601506136147, "temperature_proxy": 32.215534097898853 }, "geometry": { "type": "Polygon", "coordinates": [ [ [ -15.748907, 23.666893 ], [ -15.748917, 23.6687 ], [ -15.750879, 23.66869 ], [ -15.750868, 23.666884 ], [ -15.748907, 23.666893 ] ] ] } },
{ "type": "Feature", "properties": { "urban_density": 0.82987803713653052, "temperature_proxy": 31.394207241387448 }, "geometry": { "type": "Polygon", "coordinates": [ [ [ -15.748917, 23.6687 ], [ -15.748928, 23.670506 ], [ -15.750889, 23.670497 ], [ -15.750879, 23.66869 ], [ -15.748917, 23.6687 ] ] ] } },
{ "type": "Feature", "properties": { "urban_density": 0.7156559361299919, "temperature_proxy": 30.651763584844947 }, "geometry": { "type": "Polygon", "coordinates": [ [ [ -15.748928, 23.670506 ], [ -15.748938, 23.672312 ], [ -15.750899, 23.672303 ], [ -15.750889, 23.670497 ], [ -15.748928, 23.670506 ] ] ] } },
{ "type": "Feature", "properties": { "urban_density": 0.81330213172058685, "temperature_proxy": 31.286463856183815 }, "geometry": { "type": "Polygon", "coordinates": [ [ [ -15.748938, 23.672312 ], [ -15.748948, 23.674119 ], [ -15.750909, 23.674109 ], [ -15.750899, 23.672303 ], [ -15.748938, 23.672312 ] ] ] } },
{ "type": "Feature", "properties": { "urban_density": 0.74999954152504156, "temperature_proxy": 30.874997019912769 }, "geometry": { "type": "Polygon", "coordinates": [ [ [ -15.748948, 23.674119 ], [ -15.748958, 23.675925 ], [ -15.75092, 23.675916 ], [ -15.750909, 23.674109 ], [ -15.748948, 23.674119 ] ] ] } },
{ "type": "Feature", "properties": { "urban_density": 0.96699970350905839, "temperature_proxy": 32.285498072808878 }, "geometry": { "type": "Polygon", "coordinates": [ [ [ -15.748958, 23.675925 ], [ -15.748969, 23.677732 ], [ -15.75093, 23.677722 ], [ -15.75092, 23.675916 ], [ -15.748958, 23.675925 ] ] ] } },
{ "type": "Feature", "properties": { "urban_density": 0.60229852634638925, "temperature_proxy": 29.914940421251529 }, "geometry": { "type": "Polygon", "coordinates": [ [ [ -15.748969, 23.677732 ], [ -15.748979, 23.679538 ], [ -15.75094, 23.679528 ], [ -15.75093, 23.677722 ], [ -15.748969, 23.677732 ] ] ] } },
{ "type": "Feature", "properties": { "urban_density": 0.1357212435440158, "temperature_proxy": 26.882188083036102 }, "geometry": { "type": "Polygon", "coordinates": [ [ [ -15.746936, 23.665096 ], [ -15.746946, 23.666903 ], [ -15.748907, 23.666893 ], [ -15.748897, 23.665087 ], [ -15.746936, 23.665096 ] ] ] } },
{ "type": "Feature", "properties": { "urban_density": 0.8263419305910702, "temperature_proxy": 31.371222548841956 }, "geometry": { "type": "Polygon", "coordinates": [ [ [ -15.746946, 23.666903 ], [ -15.746956, 23.668709 ], [ -15.748917, 23.6687 ], [ -15.748907, 23.666893 ], [ -15.746946, 23.666903 ] ] ] } },
{ "type": "Feature", "properties": { "urban_density": 0.92093803654791007, "temperature_proxy": 31.986097237561417 }, "geometry": { "type": "Polygon", "coordinates": [ [ [ -15.746956, 23.668709 ], [ -15.746966, 23.670516 ], [ -15.748928, 23.670506 ], [ -15.748917, 23.6687 ], [ -15.746956, 23.668709 ] ] ] } },
{ "type": "Feature", "properties": { "urban_density": 0.9489302000686195, "temperature_proxy": 32.168046300446029 }, "geometry": { "type": "Polygon", "coordinates": [ [ [ -15.746966, 23.670516 ], [ -15.746977, 23.672322 ], [ -15.748938, 23.672312 ], [ -15.748928, 23.670506 ], [ -15.746966, 23.670516 ] ] ] } },
{ "type": "Feature", "properties": { "urban_density": 0.88993283374565602, "temperature_proxy": 31.784563419346764 }, "geometry": { "type": "Polygon", "coordinates": [ [ [ -15.746977, 23.672322 ], [ -15.746987, 23.674128 ], [ -15.748948, 23.674119 ], [ -15.748938, 23.672312 ], [ -15.746977, 23.672322 ] ] ] } },
{ "type": "Feature", "properties": { "urban_density": 0.57552827844949761, "temperature_proxy": 29.740933809921735 }, "geometry": { "type": "Polygon", "coordinates": [ [ [ -15.746987, 23.674128 ], [ -15.746997, 23.675935 ], [ -15.748958, 23.675925 ], [ -15.748948, 23.674119 ], [ -15.746987, 23.674128 ] ] ] } },
{ "type": "Feature", "properties": { "urban_density": 0.96345683956885608, "temperature_proxy": 32.262469457197568 }, "geometry": { "type": "Polygon", "coordinates": [ [ [ -15.746997, 23.675935 ], [ -15.747007, 23.677741 ], [ -15.748969, 23.677732 ], [ -15.748958, 23.675925 ], [ -15.746997, 23.675935 ] ] ] } },
{ "type": "Feature", "properties": { "urban_density": 0.93439965662224478, "temperature_proxy": 32.073597768044593 }, "geometry": { "type": "Polygon", "coordinates": [ [ [ -15.747007, 23.677741 ], [ -15.747018, 23.679547 ], [ -15.748979, 23.679538 ], [ -15.748969, 23.677732 ], [ -15.747007, 23.677741 ] ] ] } },
{ "type": "Feature", "properties": { "urban_density": 0.11939090338563513, "temperature_proxy": 26.776040872006629 }, "geometry": { "type": "Polygon", "coordinates": [ [ [ -15.747018, 23.679547 ], [ -15.747028, 23.681354 ], [ -15.748989, 23.681344 ], [ -15.748979, 23.679538 ], [ -15.747018, 23.679547 ] ] ] } },
{ "type": "Feature", "properties": { "urban_density": 0.39412245297479265, "temperature_proxy": 28.561795944336154 }, "geometry": { "type": "Polygon", "coordinates": [ [ [ -15.744985, 23.666912 ], [ -15.744995, 23.668719 ], [ -15.746956, 23.668709 ], [ -15.746946, 23.666903 ], [ -15.744985, 23.666912 ] ] ] } },
{ "type": "Feature", "properties": { "urban_density": 0.83569547379721265, "temperature_proxy": 31.432020579681883 }, "geometry": { "type": "Polygon", "coordinates": [ [ [ -15.744995, 23.668719 ], [ -15.745005, 23.670525 ], [ -15.746966, 23.670516 ], [ -15.746956, 23.668709 ], [ -15.744995, 23.668719 ] ] ] } },
{ "type": "Feature", "properties": { "urban_density": 0.97273347669562737, "temperature_proxy": 32.32276759852158 }, "geometry": { "type": "Polygon", "coordinates": [ [ [ -15.745005, 23.670525 ], [ -15.745015, 23.672331 ], [ -15.746977, 23.672322 ], [ -15.746966, 23.670516 ], [ -15.745005, 23.670525 ] ] ] } },
{ "type": "Feature", "properties": { "urban_density": 0.95153338137431998, "temperature_proxy": 32.184966978933076 }, "geometry": { "type": "Polygon", "coordinates": [ [ [ -15.745015, 23.672331 ], [ -15.745026, 23.674138 ], [ -15.746987, 23.674128 ], [ -15.746977, 23.672322 ], [ -15.745015, 23.672331 ] ] ] } },
{ "type": "Feature", "properties": { "urban_density": 0.97359489367223873, "temperature_proxy": 32.328366808869553 }, "geometry": { "type": "Polygon", "coordinates": [ [ [ -15.745026, 23.674138 ], [ -15.745036, 23.675944 ], [ -15.746997, 23.675935 ], [ -15.746987, 23.674128 ], [ -15.745026, 23.674138 ] ] ] } },
{ "type": "Feature", "properties": { "urban_density": 0.86741827737554156, "temperature_proxy": 31.638218802941019 }, "geometry": { "type": "Polygon", "coordinates": [ [ [ -15.745036, 23.675944 ], [ -15.745046, 23.67775 ], [ -15.747007, 23.677741 ], [ -15.746997, 23.675935 ], [ -15.745036, 23.675944 ] ] ] } },
{ "type": "Feature", "properties": { "urban_density": 1.0, "temperature_proxy": 32.5 }, "geometry": { "type": "Polygon", "coordinates": [ [ [ -15.745046, 23.67775 ], [ -15.745056, 23.679557 ], [ -15.747018, 23.679547 ], [ -15.747007, 23.677741 ], [ -15.745046, 23.67775 ] ] ] } },
{ "type": "Feature", "properties": { "urban_density": 0.37291576160772444, "temperature_proxy": 28.423952450450209 }, "geometry": { "type": "Polygon", "coordinates": [ [ [ -15.745056, 23.679557 ], [ -15.745067, 23.681363 ], [ -15.747028, 23.681354 ], [ -15.747018, 23.679547 ], [ -15.745056, 23.679557 ] ] ] } },
{ "type": "Feature", "properties": { "urban_density": 0.027009333267356214, "temperature_proxy": 26.175560666237814 }, "geometry": { "type": "Polygon", "coordinates": [ [ [ -15.743034, 23.668728 ], [ -15.743044, 23.670534 ], [ -15.745005, 23.670525 ], [ -15.744995, 23.668719 ], [ -15.743034, 23.668728 ] ] ] } },
{ "type": "Feature", "properties": { "urban_density": 0.40714175342358705, "temperature_proxy": 28.646421397253317 }, "geometry": { "type": "Polygon", "coordinates": [ [ [ -15.743044, 23.670534 ], [ -15.743054, 23.672341 ], [ -15.745015, 23.672331 ], [ -15.745005, 23.670525 ], [ -15.743044, 23.670534 ] ] ] } },
{ "type": "Feature", "properties": { "urban_density": 0.75229707884304942, "temperature_proxy": 30.889931012479821 }, "geometry": { "type": "Polygon", "coordinates": [ [ [ -15.743054, 23.672341 ], [ -15.743064, 23.674147 ], [ -15.745026, 23.674138 ], [ -15.745015, 23.672331 ], [ -15.743054, 23.672341 ] ] ] } },
{ "type": "Feature", "properties": { "urban_density": 0.89014933160368237, "temperature_proxy": 31.785970655423935 }, "geometry": { "type": "Polygon", "coordinates": [ [ [ -15.743064, 23.674147 ], [ -15.743075, 23.675954 ], [ -15.745036, 23.675944 ], [ -15.745026, 23.674138 ], [ -15.743064, 23.674147 ] ] ] } },
{ "type": "Feature", "properties": { "urban_density": 0.11624397282054379, "temperature_proxy": 26.755585823333533 }, "geometry": { "type": "Polygon", "coordinates": [ [ [ -15.743075, 23.675954 ], [ -15.743085, 23.67776 ], [ -15.745046, 23.67775 ], [ -15.745036, 23.675944 ], [ -15.743075, 23.675954 ] ] ] } },
{ "type": "Feature", "properties": { "urban_density": 0.40909973051725596, "temperature_proxy": 28.659148248362165 }, "geometry": { "type": "Polygon", "coordinates": [ [ [ -15.743085, 23.67776 ], [ -15.743095, 23.679566 ], [ -15.745056, 23.679557 ], [ -15.745046, 23.67775 ], [ -15.743085, 23.67776 ] ] ] } },
{ "type": "Feature", "properties": { "urban_density": 0.046997884804454111, "temperature_proxy": 26.305486251228952 }, "geometry": { "type": "Polygon", "coordinates": [ [ [ -15.743095, 23.679566 ], [ -15.743105, 23.681373 ], [ -15.745067, 23.681363 ], [ -15.745056, 23.679557 ], [ -15.743095, 23.679566 ] ] ] } },
{ "type": "Feature", "properties": { "urban_density": 0.5749721387055341, "temperature_proxy": 29.737318901585972 }, "geometry": { "type": "Polygon", "coordinates": [ [ [ -15.741103, 23.674157 ], [ -15.741113, 23.675963 ], [ -15.743075, 23.675954 ], [ -15.743064, 23.674147 ], [ -15.741103, 23.674157 ] ] ] } },
{ "type": "Feature", "properties": { "urban_density": 0.70123228450767816, "temperature_proxy": 30.558009849299907 }, "geometry": { "type": "Polygon", "coordinates": [ [ [ -15.741113, 23.675963 ], [ -15.741123, 23.677769 ], [ -15.743085, 23.67776 ], [ -15.743075, 23.675954 ], [ -15.741113, 23.675963 ] ] ] } },
{ "type": "Feature", "properties": { "urban_density": 0.047793412513874249, "temperature_proxy": 26.310657181340183 }, "geometry": { "type": "Polygon", "coordinates": [ [ [ -15.739152, 23.675972 ], [ -15.739162, 23.677779 ], [ -15.741123, 23.677769 ], [ -15.741113, 23.675963 ], [ -15.739152, 23.675972 ] ] ] } },
{ "type": "Feature", "properties": { "urban_density": 0.012775072563620281, "temperature_proxy": 26.083037971663533 }, "geometry": { "type": "Polygon", "coordinates": [ [ [ -15.729315, 23.6706 ], [ -15.729325, 23.672406 ], [ -15.731287, 23.672397 ], [ -15.731277, 23.67059 ], [ -15.729315, 23.6706 ] ] ] } },
{ "type": "Feature", "properties": { "urban_density": 0.048518888467198325, "temperature_proxy": 26.315372775036789 }, "geometry": { "type": "Polygon", "coordinates": [ [ [ -15.729325, 23.672406 ], [ -15.729335, 23.674212 ], [ -15.731297, 23.674203 ], [ -15.731287, 23.672397 ], [ -15.729325, 23.672406 ] ] ] } },
{ "type": "Feature", "properties": { "urban_density": 0.010213283982609843, "temperature_proxy": 26.066386345886965 }, "geometry": { "type": "Polygon", "coordinates": [ [ [ -15.723154, 23.620048 ], [ -15.723164, 23.621855 ], [ -15.725124, 23.621845 ], [ -15.725114, 23.620039 ], [ -15.723154, 23.620048 ] ] ] } }
]
}
