{
"type": "FeatureCollection",
"name": "dakhla_demographics_grid",
"crs": { "type": "name", "properties": { "name": "urn:ogc:def:crs:OGC:1.3:CRS84" } },
"features": [
{ "type": "Feature", "properties": { "urban_density": 0.017794888695855642, "temperature_proxy": 26.11566677652306, "grid_id": 0, "population_estimate": 44.7 }, "geometry": { "type": "Polygon", "coordinates": [ [ [ -15.998820515491129, 23.638472193679075 ], [ -15.998834222073972, 23.640278459982362 ], [ -16.000794864080738, 23.640265819607535 ], [ -16.000781130603755, 23.638459554385108 ], [ -15.998820515491129, 23.638472193679075 ] ] ] } },
{ "type": "Feature", "properties": { "urban_density": 0.019890695325775181, "temperature_proxy": 26.12928951961754, "grid_id": 1, "population_estimate": 46.6 }, "geometry": { "type": "Polygon", "coordinates": [ [ [ -15.996818868112733, 23.633066003482195 ], [ -15.996832543719737, 23.634872272148101 ], [ -15.998793106415254, 23.634859659788461 ], [ -15.998779403922061, 23.633053392201191 ], [ -15.996818868112733, 23.633066003482195 ] ] ] } },
{ "type": "Feature", "properties": { "urban_density": 0.047385490655774978, "temperature_proxy": 26.308005689262536, "grid_id": 2, "population_estimate": 119.0 }, "geometry": { "type": "Polygon", "coordinates": [ [ [ -15.996846220687198, 23.63667854038609 ], [ -15.996859899015202, 23.6384848081961 ], [ -15.998820515491129, 23.638472193679075 ], [ -15.998806810271583, 23.636665926947764 ], [ -15.996846220687198, 23.63667854038609 ] ] ] } },
{ "type": "Feature", "properties": { "urban_density": 0.14262444769891089, "temperature_proxy": 26.92705891004292, "grid_id": 3, "population_estimate": 358.1 }, "geometry": { "type": "Polygon", "coordinates": [ [ [ -15.996859899015202, 23.6384848081961 ], [ -15.996873578703832, 23.640291075578137 ], [ -15.998834222073972, 23.640278459982362 ], [ -15.998820515491129, 23.638472193679075 ], [ -15.996859899015202, 23.6384848081961 ] ] ] } },
{ "type": "Feature", "properties": { "urban_density": 0.020949644181681996, "temperature_proxy": 26.136172687180935, "grid_id": 4, "population_estimate": 37.4 }, "geometry": { "type": "Polygon", "coordinates": [ [ [ -15.99485833094303, 23.633078589992543 ], [ -15.99487197966376, 23.634884859734985 ], [ -15.996832543719737, 23.634872272148101 ], [ -15.996818868112733, 23.633066003482195 ], [ -15.99485833094303, 23.633078589992543 ] ] ] } },
{ "type": "Feature", "properties": { "urban_density": 0.029474901884817137, "temperature_proxy": 26.191586862251313, "grid_id": 5, "population_estimate": 74.0 }, "geometry": { "type": "Polygon", "coordinates": [ [ [ -15.994899281178652, 23.638497397936149 ], [ -15.994912933972982, 23.640303666394804 ], [ -15.996873578703832, 23.640291075578137 ], [ -15.996859899015202, 23.6384848081961 ], [ -15.994899281178652, 23.638497397936149 ] ] ] } },
{ "type": "Feature", "properties": { "urban_density": 0.015961601621212206, "temperature_proxy": 26.103750410537881, "grid_id": 6, "population_estimate": 40.1 }, "geometry": { "type": "Polygon", "coordinates": [ [ [ -15.994912933972982, 23.640303666394804 ], [ -15.994926588125345, 23.642109934425466 ], [ -15.996887259753169, 23.642097342532146 ], [ -15.996873578703832, 23.640291075578137 ], [ -15.994912933972982, 23.640303666394804 ] ] ] } },
{ "type": "Feature", "properties": { "urban_density": 0.016467046522683586, "temperature_proxy": 26.107035802397444, "grid_id": 7, "population_estimate": 29.4 }, "geometry": { "type": "Polygon", "coordinates": [ [ [ -15.992897792415626, 23.633091151732174 ], [ -15.992911414249997, 23.634897422549034 ], [ -15.99487197966376, 23.634884859734985 ], [ -15.99485833094303, 23.633078589992543 ], [ -15.992897792415626, 23.633091151732174 ] ] ] } },
{ "type": "Feature", "properties": { "urban_density": 0.023849563465578556, "temperature_proxy": 26.155022162526262, "grid_id": 8, "population_estimate": 59.9 }, "geometry": { "type": "Polygon", "coordinates": [ [ [ -15.993061343883506, 23.654766373288986 ], [ -15.993074981984645, 23.656572638969632 ], [ -15.995035870243337, 23.656560063260358 ], [ -15.995022205223737, 23.654753798654461 ], [ -15.993061343883506, 23.654766373288986 ] ] ] } },
{ "type": "Feature", "properties": { "urban_density": 0.033507583310372749, "temperature_proxy": 26.217799291517423, "grid_id": 9, "population_estimate": 84.1 }, "geometry": { "type": "Polygon", "coordinates": [ [ [ -15.990937252533193, 23.63310368870102 ], [ -15.990950847481123, 23.634909960590182 ], [ -15.992911414249997, 23.634897422549034 ], [ -15.992897792415626, 23.633091151732174 ], [ -15.990937252533193, 23.63310368870102 ] ] ] } },
{ "type": "Feature", "properties": { "urban_density": 0.019994209759998178, "temperature_proxy": 26.129962363439986, "grid_id": 10, "population_estimate": 50.2 }, "geometry": { "type": "Polygon", "coordinates": [ [ [ -15.988963144586677, 23.631309927511868 ], [ -15.988976711298404, 23.633116200899021 ], [ -15.990937252533193, 23.63310368870102 ], [ -15.990923658937618, 23.631297416384026 ], [ -15.988963144586677, 23.631309927511868 ] ] ] } },
{ "type": "Feature", "properties": { "urban_density": 0.058968537079167535, "temperature_proxy": 26.383295491014589, "grid_id": 11, "population_estimate": 148.0 }, "geometry": { "type": "Polygon", "coordinates": [ [ [ -15.988976711298404, 23.633116200899021 ], [ -15.988990279359815, 23.634922473858353 ], [ -15.990950847481123, 23.634909960590182 ], [ -15.990937252533193, 23.63310368870102 ], [ -15.988976711298404, 23.633116200899021 ] ] ] } },
{ "type": "Feature", "properties": { "urban_density": 0.20979937491755157, "temperature_proxy": 27.363695936964085, "grid_id": 12, "population_estimate": 526.7 }, "geometry": { "type": "Polygon", "coordinates": [ [ [ -15.989207551965826, 23.663822783006864 ], [ -15.989221142984357, 23.665629048689794 ], [ -15.991182168585841, 23.665616517224219 ], [ -15.991168550635301, 23.663810252611945 ], [ -15.989207551965826, 23.663822783006864 ] ] ] } },
{ "type": "Feature", "properties": { "urban_density": 0.3534369462786357, "temperature_proxy": 28.297340150811131, "grid_id": 13, "population_estimate": 887.3 }, "geometry": { "type": "Polygon", "coordinates": [ [ [ -15.989221142984357, 23.665629048689794 ], [ -15.989234735354051, 23.667435313944477 ], [ -15.991195787890218, 23.667422781408199 ], [ -15.991182168585841, 23.665616517224219 ], [ -15.989221142984357, 23.665629048689794 ] ] ] } },
{ "type": "Feature", "properties": { "urban_density": 0.054541498067533646, "temperature_proxy": 26.35451973743897, "grid_id": 14, "population_estimate": 136.9 }, "geometry": { "type": "Polygon", "coordinates": [ [ [ -15.987205867776009, 23.658416485771319 ], [ -15.987219427817502, 23.660222753807318 ], [ -15.989180373981906, 23.660210250356347 ], [ -15.989166787016355, 23.658403983388808 ], [ -15.987205867776009, 23.658416485771319 ] ] ] } },
{ "type": "Feature", "properties": { "urban_density": 0.048937701527976489, "temperature_proxy": 26.318095059931846, "grid_id": 15, "population_estimate": 122.9 }, "geometry": { "type": "Polygon", "coordinates": [ [ [ -15.987246551945271, 23.663835288594843 ], [ -15.987260116031717, 23.665641555346308 ], [ -15.989221142984357, 23.665629048689794 ], [ -15.989207551965826, 23.663822783006864 ], [ -15.987246551945271, 23.663835288594843 ] ] ] } },
{ "type": "Feature", "properties": { "urban_density": 0.167023097004112, "temperature_proxy": 27.085650130526727, "grid_id": 16, "population_estimate": 419.3 }, "geometry": { "type": "Polygon", "coordinates": [ [ [ -15.987260116031717, 23.665641555346308 ], [ -15.987273681466641, 23.667447821669565 ], [ -15.989234735354051, 23.667435313944477 ], [ -15.989221142984357, 23.665629048689794 ], [ -15.987260116031717, 23.665641555346308 ] ] ] } },
{ "type": "Feature", "properties": { "urban_density": 0.025706498051171776, "temperature_proxy": 26.167092237332618, "grid_id": 17, "population_estimate": 64.5 }, "geometry": { "type": "Polygon", "coordinates": [ [ [ -15.985326166076634, 23.669266571544906 ], [ -15.985339707268569, 23.671072838078164 ], [ -15.987300816382268, 23.671060353031322 ], [ -15.987287248250132, 23.669254087564582 ], [ -15.985326166076634, 23.669266571544906 ] ] ] } },
{ "type": "Feature", "properties": { "urban_density": 0.011504968820522038, "temperature_proxy": 26.074782297333392, "grid_id": 18, "population_estimate": 28.9 }, "geometry": { "type": "Polygon", "coordinates": [ [ [ -15.979456371861875, 23.671110144325041 ], [ -15.979469833570725, 23.67291641361691 ], [ -15.981430973657671, 23.672904001956766 ], [ -15.981417485005693, 23.67109773372508 ], [ -15.979456371861875, 23.671110144325041 ] ] ] } },
{ "type": "Feature", "properties": { "urban_density": 0.062559014629993762, "temperature_proxy": 26.406633595094959, "grid_id": 19, "population_estimate": 157.1 }, "geometry": { "type": "Polygon", "coordinates": [ [ [ -15.97753556568332, 23.676541339874472 ], [ -15.977549004455472, 23.678347608939792 ], [ -15.979510226726203, 23.678335218923184 ], [ -15.97949676100281, 23.676528950916019 ], [ -15.97753556568332, 23.676541339874472 ] ] ] } },
{ "type": "Feature", "properties": { "urban_density": 0.020128470490069758, "temperature_proxy": 26.130835058185454, "grid_id": 20, "population_estimate": 50.5 }, "geometry": { "type": "Polygon", "coordinates": [ [ [ -15.977562444563292, 23.680153877576853 ], [ -15.977575886006859, 23.681960145785638 ], [ -15.979537162188107, 23.681947753652651 ], [ -15.979523693787943, 23.680141486502077 ], [ -15.977562444563292, 23.680153877576853 ] ] ] } },
{ "type": "Feature", "properties": { "urban_density": 0.021968095818129234, "temperature_proxy": 26.14279262281784, "grid_id": 21, "population_estimate": 55.2 }, "geometry": { "type": "Polygon", "coordinates": [ [ [ -15.975574369028243, 23.67655370401075 ], [ -15.975587780849075, 23.678359974132089 ], [ -15.977549004455472, 23.678347608939792 ], [ -15.97753556568332, 23.676541339874472 ], [ -15.975574369028243, 23.67655370401075 ] ] ] } },
{ "type": "Feature", "properties": { "urban_density": 0.01936361909525262, "temperature_proxy": 26.125863524119143, "grid_id": 22, "population_estimate": 48.6 }, "geometry": { "type": "Polygon", "coordinates": [ [ [ -15.975587780849075, 23.678359974132089 ], [ -15.975601194002893, 23.680166243825202 ], [ -15.977562444563292, 23.680153877576853 ], [ -15.977549004455472, 23.678347608939792 ], [ -15.975587780849075, 23.678359974132089 ] ] ] } },
{ "type": "Feature", "properties": { "urban_density": 0.016958002106630791, "temperature_proxy": 26.110227013693102, "grid_id": 23, "population_estimate": 42.6 }, "geometry": { "type": "Polygon", "coordinates": [ [ [ -15.973532889755647, 23.665728407282479 ], [ -15.973546266644922, 23.667534681026392 ], [ -15.975507329916056, 23.667522346981492 ], [ -15.975493926091444, 23.665716074291304 ], [ -15.973532889755647, 23.665728407282479 ] ] ] } },
{ "type": "Feature", "properties": { "urban_density": 0.0241798499329221, "temperature_proxy": 26.157169024563995, "grid_id": 24, "population_estimate": 60.7 }, "geometry": { "type": "Polygon", "coordinates": [ [ [ -15.973546266644922, 23.667534681026392 ], [ -15.97355964486402, 23.669340954342275 ], [ -15.975520735073166, 23.669328619243597 ], [ -15.975507329916056, 23.667522346981492 ], [ -15.973546266644922, 23.667534681026392 ] ] ] } },
{ "type": "Feature", "properties": { "urban_density": 0.014160227809614588, "temperature_proxy": 26.092041480762497, "grid_id": 25, "population_estimate": 35.5 }, "geometry": { "type": "Polygon", "coordinates": [ [ [ -15.973626555909689, 23.678372314499999 ], [ -15.973639942109429, 23.680178585247056 ], [ -15.975601194002893, 23.680166243825202 ], [ -15.975587780849075, 23.678359974132089 ], [ -15.973626555909689, 23.678372314499999 ] ] ] } },
{ "type": "Feature", "properties": { "urban_density": 0.03647742756074978, "temperature_proxy": 26.237103279144872, "grid_id": 26, "population_estimate": 91.6 }, "geometry": { "type": "Polygon", "coordinates": [ [ [ -15.965848047986425, 23.687452798153078 ], [ -15.965861332968212, 23.689259070953835 ], [ -15.967822724979371, 23.689246823610954 ], [ -15.967809413029785, 23.687440551855797 ], [ -15.965848047986425, 23.687452798153078 ] ] ] } },
{ "type": "Feature", "properties": { "urban_density": 0.080768625899052066, "temperature_proxy": 26.524996068343839, "grid_id": 27, "population_estimate": 202.8 }, "geometry": { "type": "Polygon", "coordinates": [ [ [ -15.963807161200494, 23.67662736755862 ], [ -15.963820411311694, 23.678433643971587 ], [ -15.965781642875841, 23.678421427726565 ], [ -15.965768365812835, 23.676615152356902 ], [ -15.963807161200494, 23.67662736755862 ] ] ] } },
{ "type": "Feature", "properties": { "urban_density": 0.25333078364835143, "temperature_proxy": 27.646650093714285, "grid_id": 28, "population_estimate": 636.0 }, "geometry": { "type": "Polygon", "coordinates": [ [ [ -15.963820411311694, 23.678433643971587 ], [ -15.963833662739813, 23.680239919956492 ], [ -15.965794921258444, 23.680227702668144 ], [ -15.965781642875841, 23.678421427726565 ], [ -15.963820411311694, 23.678433643971587 ] ] ] } },
{ "type": "Feature", "properties": { "urban_density": 0.14284300821941778, "temperature_proxy": 26.928479553426214, "grid_id": 29, "population_estimate": 358.6 }, "geometry": { "type": "Polygon", "coordinates": [ [ [ -15.963873424926474, 23.685658745342629 ], [ -15.963886681623064, 23.68746501961505 ], [ -15.965848047986425, 23.687452798153078 ], [ -15.965834764324631, 23.685646524924103 ], [ -15.963873424926474, 23.685658745342629 ] ] ] } },
{ "type": "Feature", "properties": { "urban_density": 0.032284186291686091, "temperature_proxy": 26.209847210895958, "grid_id": 30, "population_estimate": 81.1 }, "geometry": { "type": "Polygon", "coordinates": [ [ [ -15.963886681623064, 23.68746501961505 ], [ -15.963899939636976, 23.689271293459282 ], [ -15.965861332968212, 23.689259070953835 ], [ -15.965848047986425, 23.687452798153078 ], [ -15.963886681623064, 23.68746501961505 ] ] ] } },
{ "type": "Feature", "properties": { "urban_density": 0.06496256468552189, "temperature_proxy": 26.422256670455891, "grid_id": 31, "population_estimate": 163.1 }, "geometry": { "type": "Polygon", "coordinates": [ [ [ -15.963899939636976, 23.689271293459282 ], [ -15.963913198968282, 23.691077566875308 ], [ -15.965874619270078, 23.691065343326361 ], [ -15.965861332968212, 23.689259070953835 ], [ -15.963899939636976, 23.689271293459282 ] ] ] } },
{ "type": "Feature", "properties": { "urban_density": 0.11968697461817954, "temperature_proxy": 26.777965335018166, "grid_id": 32, "population_estimate": 300.5 }, "geometry": { "type": "Polygon", "coordinates": [ [ [ -15.961845955271315, 23.676639557937676 ], [ -15.961859178430629, 23.67844583539183 ], [ -15.963820411311694, 23.678433643971587 ], [ -15.963807161200494, 23.67662736755862 ], [ -15.961845955271315, 23.676639557937676 ] ] ] } },
{ "type": "Feature", "properties": { "urban_density": 0.15704130523932411, "temperature_proxy": 27.020768484055608, "grid_id": 33, "population_estimate": 394.3 }, "geometry": { "type": "Polygon", "coordinates": [ [ [ -15.961912084211075, 23.685670940927896 ], [ -15.961925313942388, 23.687477216241639 ], [ -15.963886681623064, 23.68746501961505 ], [ -15.963873424926474, 23.685658745342629 ], [ -15.961912084211075, 23.685670940927896 ] ] ] } },
{ "type": "Feature", "properties": { "urban_density": 0.22155263247080065, "temperature_proxy": 27.440092111060203, "grid_id": 34, "population_estimate": 556.2 }, "geometry": { "type": "Polygon", "coordinates": [ [ [ -15.961925313942388, 23.687477216241639 ], [ -15.961938544988337, 23.68928349112722 ], [ -15.963899939636976, 23.689271293459282 ], [ -15.963886681623064, 23.68746501961505 ], [ -15.961925313942388, 23.687477216241639 ] ] ] } },
{ "type": "Feature", "properties": { "urban_density": 0.041785145662704595, "temperature_proxy": 26.271603446807578, "grid_id": 35, "population_estimate": 104.9 }, "geometry": { "type": "Polygon", "coordinates": [ [ [ -15.961938544988337, 23.68928349112722 ], [ -15.961951777349009, 23.691089765584632 ], [ -15.963913198968282, 23.691077566875308 ], [ -15.963899939636976, 23.689271293459282 ], [ -15.961938544988337, 23.68928349112722 ] ] ] } },
{ "type": "Feature", "properties": { "urban_density": 0.027687019762960806, "temperature_proxy": 26.179965628459247, "grid_id": 36, "population_estimate": 69.5 }, "geometry": { "type": "Polygon", "coordinates": [ [ [ -15.961951777349009, 23.691089765584632 ], [ -15.961965011024478, 23.692896039613828 ], [ -15.96392645961707, 23.692883839863082 ], [ -15.963913198968282, 23.691077566875308 ], [ -15.961951777349009, 23.691089765584632 ] ] ] } },
{ "type": "Feature", "properties": { "urban_density": 0.011854515140600591, "temperature_proxy": 26.077054348413903, "grid_id": 37, "population_estimate": 29.8 }, "geometry": { "type": "Polygon", "coordinates": [ [ [ -15.961965011024478, 23.692896039613828 ], [ -15.96197824601483, 23.69470231321478 ], [ -15.963939721583419, 23.694690112422617 ], [ -15.96392645961707, 23.692883839863082 ], [ -15.961965011024478, 23.692896039613828 ] ] ] } },
{ "type": "Feature", "properties": { "urban_density": 0.016950925247909629, "temperature_proxy": 26.110181014111411, "grid_id": 38, "population_estimate": 42.6 }, "geometry": { "type": "Polygon", "coordinates": [ [ [ -15.959845167274505, 23.671232885446553 ], [ -15.959858359547649, 23.673039165223635 ], [ -15.961819512895088, 23.673027001745357 ], [ -15.961806293678011, 23.671220723007252 ], [ -15.959845167274505, 23.671232885446553 ] ] ] } },
{ "type": "Feature", "properties": { "urban_density": 0.088244528489112739, "temperature_proxy": 26.573589435179233, "grid_id": 39, "population_estimate": 221.5 }, "geometry": { "type": "Polygon", "coordinates": [ [ [ -15.959884748027978, 23.676651723494015 ], [ -15.959897944235326, 23.678458001987231 ], [ -15.961859178430629, 23.67844583539183 ], [ -15.961845955271315, 23.676639557937676 ], [ -15.959884748027978, 23.676651723494015 ] ] ] } },
{ "type": "Feature", "properties": { "urban_density": 0.013171800832376911, "temperature_proxy": 26.085616705410448, "grid_id": 40, "population_estimate": 33.1 }, "geometry": { "type": "Polygon", "coordinates": [ [ [ -15.959897944235326, 23.678458001987231 ], [ -15.959911141754231, 23.680264280052448 ], [ -15.961872402904183, 23.680252112417961 ], [ -15.961859178430629, 23.67844583539183 ], [ -15.959897944235326, 23.678458001987231 ] ] ] } },
{ "type": "Feature", "properties": { "urban_density": 0.16952785022477987, "temperature_proxy": 27.10193102646107, "grid_id": 41, "population_estimate": 425.6 }, "geometry": { "type": "Polygon", "coordinates": [ [ [ -15.959950742181118, 23.685683111679833 ], [ -15.95996394494707, 23.68748938803277 ], [ -15.961925313942388, 23.687477216241639 ], [ -15.961912084211075, 23.685670940927896 ], [ -15.959950742181118, 23.685683111679833 ] ] ] } },
{ "type": "Feature", "properties": { "urban_density": 0.16128440852391324, "temperature_proxy": 27.048348655405437, "grid_id": 42, "population_estimate": 404.9 }, "geometry": { "type": "Polygon", "coordinates": [ [ [ -15.95996394494707, 23.68748938803277 ], [ -15.959977149024979, 23.689295663957598 ], [ -15.961938544988337, 23.68928349112722 ], [ -15.961925313942388, 23.687477216241639 ], [ -15.95996394494707, 23.68748938803277 ] ] ] } },
{ "type": "Feature", "properties": { "urban_density": 0.094299193383733659, "temperature_proxy": 26.612944756994267, "grid_id": 43, "population_estimate": 236.7 }, "geometry": { "type": "Polygon", "coordinates": [ [ [ -15.959977149024979, 23.689295663957598 ], [ -15.959990354414931, 23.691101939454253 ], [ -15.961951777349009, 23.691089765584632 ], [ -15.961938544988337, 23.68928349112722 ], [ -15.959977149024979, 23.689295663957598 ] ] ] } },
{ "type": "Feature", "properties": { "urban_density": 0.027701682775406685, "temperature_proxy": 26.180060938040143, "grid_id": 44, "population_estimate": 69.5 }, "geometry": { "type": "Polygon", "coordinates": [ [ [ -15.959990354414931, 23.691101939454253 ], [ -15.960003561117006, 23.692908214522731 ], [ -15.961965011024478, 23.692896039613828 ], [ -15.961951777349009, 23.691089765584632 ], [ -15.959990354414931, 23.691101939454253 ] ] ] } },
{ "type": "Feature", "properties": { "urban_density": 0.060011138415174387, "temperature_proxy": 26.390072399698635, "grid_id": 45, "population_estimate": 150.7 }, "geometry": { "type": "Polygon", "coordinates": [ [ [ -15.960003561117006, 23.692908214522731 ], [ -15.960016769131277, 23.694714489163008 ], [ -15.96197824601483, 23.69470231321478 ], [ -15.961965011024478, 23.692896039613828 ], [ -15.960003561117006, 23.692908214522731 ] ] ] } },
{ "type": "Feature", "properties": { "urban_density": 0.17965009003138016, "temperature_proxy": 27.167725585203971, "grid_id": 46, "population_estimate": 451.0 }, "geometry": { "type": "Polygon", "coordinates": [ [ [ -15.95788403955976, 23.67124502306941 ], [ -15.957897204888889, 23.673051303883362 ], [ -15.959858359547649, 23.673039165223635 ], [ -15.959845167274505, 23.671232885446553 ], [ -15.95788403955976, 23.67124502306941 ] ] ] } },
{ "type": "Feature", "properties": { "urban_density": 0.017477228667920924, "temperature_proxy": 26.113601986341486, "grid_id": 47, "population_estimate": 43.9 }, "geometry": { "type": "Polygon", "coordinates": [ [ [ -15.957923539473159, 23.676663864227546 ], [ -15.957936708728457, 23.678470143757714 ], [ -15.959897944235326, 23.678458001987231 ], [ -15.959884748027978, 23.676651723494015 ], [ -15.957923539473159, 23.676663864227546 ] ] ] } },
{ "type": "Feature", "properties": { "urban_density": 0.018106219363056043, "temperature_proxy": 26.117690425859863, "grid_id": 48, "population_estimate": 45.5 }, "geometry": { "type": "Polygon", "coordinates": [ [ [ -15.957936708728457, 23.678470143757714 ], [ -15.95794987929264, 23.680276422859912 ], [ -15.959911141754231, 23.680264280052448 ], [ -15.959897944235326, 23.678458001987231 ], [ -15.957936708728457, 23.678470143757714 ] ] ] } },
{ "type": "Feature", "properties": { "urban_density": 0.10295677580715548, "temperature_proxy": 26.669219042746512, "grid_id": 49, "population_estimate": 79.3 }, "geometry": { "type": "Polygon", "coordinates": [ [ [ -15.95794987929264, 23.680276422859912 ], [ -15.957963051165786, 23.682082701534096 ], [ -15.959924340584779, 23.682070557689642 ], [ -15.959911141754231, 23.680264280052448 ], [ -15.95794987929264, 23.680276422859912 ] ] ] } },
{ "type": "Feature", "properties": { "urban_density": 0.024791033052858621, "temperature_proxy": 26.161141714843581, "grid_id": 50, "population_estimate": 62.2 }, "geometry": { "type": "Polygon", "coordinates": [ [ [ -15.957989398839279, 23.685695257598375 ], [ -15.95800257463979, 23.687501534988407 ], [ -15.95996394494707, 23.68748938803277 ], [ -15.959950742181118, 23.685683111679833 ], [ -15.957989398839279, 23.685695257598375 ] ] ] } },
{ "type": "Feature", "properties": { "urban_density": 0.063465844790034379, "temperature_proxy": 26.412527991135224, "grid_id": 51, "population_estimate": 159.3 }, "geometry": { "type": "Polygon", "coordinates": [ [ [ -15.95800257463979, 23.687501534988407 ], [ -15.958015751749581, 23.689307811950325 ], [ -15.959977149024979, 23.689295663957598 ], [ -15.95996394494707, 23.68748938803277 ], [ -15.95800257463979, 23.687501534988407 ] ] ] } },
{ "type": "Feature", "properties": { "urban_density": 0.077585207929096969, "temperature_proxy": 26.504303851539131, "grid_id": 52, "population_estimate": 194.8 }, "geometry": { "type": "Polygon", "coordinates": [ [ [ -15.958015751749581, 23.689307811950325 ], [ -15.958028930168735, 23.691114088484134 ], [ -15.959990354414931, 23.691101939454253 ], [ -15.959977149024979, 23.689295663957598 ], [ -15.958015751749581, 23.689307811950325 ] ] ] } },
{ "type": "Feature", "properties": { "urban_density": 0.12537287567614186, "temperature_proxy": 26.814923691894922, "grid_id": 53, "population_estimate": 314.8 }, "geometry": { "type": "Polygon", "coordinates": [ [ [ -15.958028930168735, 23.691114088484134 ], [ -15.958042109897329, 23.692920364589792 ], [ -15.960003561117006, 23.692908214522731 ], [ -15.959990354414931, 23.691101939454253 ], [ -15.958028930168735, 23.691114088484134 ] ] ] } },
{ "type": "Feature", "properties": { "urban_density": 0.047768506428806291, "temperature_proxy": 26.310495291787241, "grid_id": 54, "population_estimate": 119.9 }, "geometry": { "type": "Polygon", "coordinates": [ [ [ -15.958042109897329, 23.692920364589792 ], [ -15.958055290935448, 23.694726640267252 ], [ -15.960016769131277, 23.694714489163008 ], [ -15.960003561117006, 23.692908214522731 ], [ -15.958042109897329, 23.692920364589792 ] ] ] } },
{ "type": "Feature", "properties": { "urban_density": 0.012292110928203729, "temperature_proxy": 26.079898721033324, "grid_id": 55, "population_estimate": 30.9 }, "geometry": { "type": "Polygon", "coordinates": [ [ [ -15.955975471912708, 23.678482260703213 ], [ -15.955988615522086, 23.680288540840262 ], [ -15.95794987929264, 23.680276422859912 ], [ -15.957936708728457, 23.678470143757714 ], [ -15.955975471912708, 23.678482260703213 ] ] ] } },
{ "type": "Feature", "properties": { "urban_density": 0.09144112678285439, "temperature_proxy": 26.594367324088555, "grid_id": 56, "population_estimate": 229.6 }, "geometry": { "type": "Polygon", "coordinates": [ [ [ -15.956041203023231, 23.687513657108454 ], [ -15.956054353164824, 23.689319935105363 ], [ -15.958015751749581, 23.689307811950325 ], [ -15.95800257463979, 23.687501534988407 ], [ -15.956041203023231, 23.687513657108454 ] ] ] } },
{ "type": "Feature", "properties": { "urban_density": 0.15428478773159388, "temperature_proxy": 27.002851120255361, "grid_id": 57, "population_estimate": 387.3 }, "geometry": { "type": "Polygon", "coordinates": [ [ [ -15.956054353164824, 23.689319935105363 ], [ -15.956067504613099, 23.691126212674192 ], [ -15.958028930168735, 23.691114088484134 ], [ -15.958015751749581, 23.689307811950325 ], [ -15.956054353164824, 23.689319935105363 ] ] ] } },
{ "type": "Feature", "properties": { "urban_density": 0.044639201147404807, "temperature_proxy": 26.29015480745813, "grid_id": 58, "population_estimate": 112.1 }, "geometry": { "type": "Polygon", "coordinates": [ [ [ -15.956067504613099, 23.691126212674192 ], [ -15.956080657368137, 23.692932489814893 ], [ -15.958042109897329, 23.692920364589792 ], [ -15.958028930168735, 23.691114088484134 ], [ -15.956067504613099, 23.691126212674192 ] ] ] } },
{ "type": "Feature", "properties": { "urban_density": 0.024509704687822081, "temperature_proxy": 26.159313080470845, "grid_id": 59, "population_estimate": 61.5 }, "geometry": { "type": "Polygon", "coordinates": [ [ [ -15.956080657368137, 23.692932489814893 ], [ -15.956093811430014, 23.694738766527433 ], [ -15.958055290935448, 23.694726640267252 ], [ -15.958042109897329, 23.692920364589792 ], [ -15.956080657368137, 23.692932489814893 ] ] ] } },
{ "type": "Feature", "properties": { "urban_density": 0.17223594281050103, "temperature_proxy": 27.119533628268258, "grid_id": 60, "population_estimate": 610.2 }, "geometry": { "type": "Polygon", "coordinates": [ [ [ -15.956093811430014, 23.694738766527433 ], [ -15.956106966798814, 23.696545042811795 ], [ -15.958068473283161, 23.696532915516524 ], [ -15.958055290935448, 23.694726640267252 ], [ -15.956093811430014, 23.694738766527433 ] ] ] } },
{ "type": "Feature", "properties": { "urban_density": 0.13325741212482906, "temperature_proxy": 26.86617317881139, "grid_id": 61, "population_estimate": 457.3 }, "geometry": { "type": "Polygon", "coordinates": [ [ [ -15.956106966798814, 23.696545042811795 ], [ -15.95612012347461, 23.698351318667971 ], [ -15.958081656940559, 23.69833919033756 ], [ -15.958068473283161, 23.696532915516524 ], [ -15.956106966798814, 23.696545042811795 ] ] ] } },
{ "type": "Feature", "properties": { "urban_density": 0.015050340898222063, "temperature_proxy": 26.097827215838443, "grid_id": 62, "population_estimate": 37.8 }, "geometry": { "type": "Polygon", "coordinates": [ [ [ -15.95402735044525, 23.680300633993458 ], [ -15.954040468403345, 23.682106914735286 ], [ -15.956001760437749, 23.682094820549338 ], [ -15.955988615522086, 23.680288540840262 ], [ -15.95402735044525, 23.680300633993458 ] ] ] } },
{ "type": "Feature", "properties": { "urban_density": 0.094238937144632773, "temperature_proxy": 26.612553091440112, "grid_id": 63, "population_estimate": 236.6 }, "geometry": { "type": "Polygon", "coordinates": [ [ [ -15.954079830100069, 23.687525754392851 ], [ -15.954092953273385, 23.689332033422637 ], [ -15.956054353164824, 23.689319935105363 ], [ -15.956041203023231, 23.687513657108454 ], [ -15.954079830100069, 23.687525754392851 ] ] ] } },
{ "type": "Feature", "properties": { "urban_density": 0.10899109597530598, "temperature_proxy": 26.70844212383949, "grid_id": 64, "population_estimate": 273.6 }, "geometry": { "type": "Polygon", "coordinates": [ [ [ -15.954092953273385, 23.689332033422637 ], [ -15.954106077750703, 23.691138312024361 ], [ -15.956067504613099, 23.691126212674192 ], [ -15.956054353164824, 23.689319935105363 ], [ -15.954092953273385, 23.689332033422637 ] ] ] } },
{ "type": "Feature", "properties": { "urban_density": 0.052848539345143948, "temperature_proxy": 26.343515505743436, "grid_id": 65, "population_estimate": 132.7 }, "geometry": { "type": "Polygon", "coordinates": [ [ [ -15.954106077750703, 23.691138312024361 ], [ -15.9541192035321, 23.692944590197985 ], [ -15.956080657368137, 23.692932489814893 ], [ -15.956067504613099, 23.691126212674192 ], [ -15.954106077750703, 23.691138312024361 ] ] ] } },
{ "type": "Feature", "properties": { "urban_density": 0.014117962489670738, "temperature_proxy": 26.09176675618286, "grid_id": 66, "population_estimate": 36.5 }, "geometry": { "type": "Polygon", "coordinates": [ [ [ -15.9541192035321, 23.692944590197985 ], [ -15.954132330617661, 23.694750867943483 ], [ -15.956093811430014, 23.694738766527433 ], [ -15.956080657368137, 23.692932489814893 ], [ -15.9541192035321, 23.692944590197985 ] ] ] } },
{ "type": "Feature", "properties": { "urban_density": 0.22661652477842553, "temperature_proxy": 27.473007411059765, "grid_id": 67, "population_estimate": 807.9 }, "geometry": { "type": "Polygon", "coordinates": [ [ [ -15.954132330617661, 23.694750867943483 ], [ -15.954145459007464, 23.696557145260829 ], [ -15.956106966798814, 23.696545042811795 ], [ -15.956093811430014, 23.694738766527433 ], [ -15.954132330617661, 23.694750867943483 ] ] ] } },
{ "type": "Feature", "properties": { "urban_density": 0.49360159024354072, "temperature_proxy": 29.208410336583015, "grid_id": 68, "population_estimate": 1759.0 }, "geometry": { "type": "Polygon", "coordinates": [ [ [ -15.954145459007464, 23.696557145260829 ], [ -15.954158588701585, 23.69836342215001 ], [ -15.95612012347461, 23.698351318667971 ], [ -15.956106966798814, 23.696545042811795 ], [ -15.954145459007464, 23.696557145260829 ] ] ] } },
{ "type": "Feature", "properties": { "urban_density": 0.32644703798162511, "temperature_proxy": 28.121905746880564, "grid_id": 69, "population_estimate": 1112.6 }, "geometry": { "type": "Polygon", "coordinates": [ [ [ -15.954158588701585, 23.69836342215001 ], [ -15.954171719700106, 23.700169698610988 ], [ -15.956133281457491, 23.700157594095909 ], [ -15.95612012347461, 23.698351318667971 ], [ -15.954158588701585, 23.69836342215001 ] ] ] } },
{ "type": "Feature", "properties": { "urban_density": 0.20251016440190714, "temperature_proxy": 27.316316068612398, "grid_id": 70, "population_estimate": 721.6 }, "geometry": { "type": "Polygon", "coordinates": [ [ [ -15.954171719700106, 23.700169698610988 ], [ -15.95418485200311, 23.701975974643744 ], [ -15.95614644074753, 23.701963869095607 ], [ -15.956133281457491, 23.700157594095909 ], [ -15.954171719700106, 23.700169698610988 ] ] ] } },
{ "type": "Feature", "properties": { "urban_density": 0.011684452078859117, "temperature_proxy": 26.075948938512585, "grid_id": 71, "population_estimate": 39.9 }, "geometry": { "type": "Polygon", "coordinates": [ [ [ -15.95418485200311, 23.701975974643744 ], [ -15.954197985610667, 23.703782250248263 ], [ -15.956159601344808, 23.703770143667022 ], [ -15.95614644074753, 23.701963869095607 ], [ -15.95418485200311, 23.701975974643744 ] ] ] } },
{ "type": "Feature", "properties": { "urban_density": 0.032024436429631216, "temperature_proxy": 26.208158836792602, "grid_id": 72, "population_estimate": 80.4 }, "geometry": { "type": "Polygon", "coordinates": [ [ [ -15.95430310144482, 23.718232439664373 ], [ -15.95431624679699, 23.720038711413515 ], [ -15.956278105559237, 23.720026595533213 ], [ -15.956264933193218, 23.718220324817409 ], [ -15.95430310144482, 23.718232439664373 ] ] ] } },
{ "type": "Feature", "properties": { "urban_density": 0.11204031005313635, "temperature_proxy": 26.728262015345386, "grid_id": 73, "population_estimate": 386.8 }, "geometry": { "type": "Polygon", "coordinates": [ [ [ -15.952118455872984, 23.687537826841535 ], [ -15.95213155207794, 23.68934410690208 ], [ -15.954092953273385, 23.689332033422637 ], [ -15.954079830100069, 23.687525754392851 ], [ -15.952118455872984, 23.687537826841535 ] ] ] } },
{ "type": "Feature", "properties": { "urban_density": 0.41087384360637791, "temperature_proxy": 28.670679983441456, "grid_id": 74, "population_estimate": 1425.3 }, "geometry": { "type": "Polygon", "coordinates": [ [ [ -15.95213155207794, 23.68934410690208 ], [ -15.952144649584222, 23.691150386534577 ], [ -15.954106077750703, 23.691138312024361 ], [ -15.954092953273385, 23.689332033422637 ], [ -15.95213155207794, 23.68934410690208 ] ] ] } },
{ "type": "Feature", "properties": { "urban_density": 0.45583779629017046, "temperature_proxy": 28.962945675886107, "grid_id": 75, "population_estimate": 1626.8 }, "geometry": { "type": "Polygon", "coordinates": [ [ [ -15.952144649584222, 23.691150386534577 ], [ -15.952157748391905, 23.692956665738997 ], [ -15.9541192035321, 23.692944590197985 ], [ -15.954106077750703, 23.691138312024361 ], [ -15.952144649584222, 23.691150386534577 ] ] ] } },
{ "type": "Feature", "properties": { "urban_density": 0.23657523998319852, "temperature_proxy": 27.537739059890789, "grid_id": 76, "population_estimate": 799.8 }, "geometry": { "type": "Polygon", "coordinates": [ [ [ -15.952157748391905, 23.692956665738997 ], [ -15.952170848501069, 23.694762944515332 ], [ -15.954132330617661, 23.694750867943483 ], [ -15.9541192035321, 23.692944590197985 ], [ -15.952157748391905, 23.692956665738997 ] ] ] } },
{ "type": "Feature", "properties": { "urban_density": 0.30775028988786979, "temperature_proxy": 28.000376884271155, "grid_id": 77, "population_estimate": 1090.4 }, "geometry": { "type": "Polygon", "coordinates": [ [ [ -15.952170848501069, 23.694762944515332 ], [ -15.952183949911792, 23.696569222863545 ], [ -15.954145459007464, 23.696557145260829 ], [ -15.954132330617661, 23.694750867943483 ], [ -15.952170848501069, 23.694762944515332 ] ] ] } },
{ "type": "Feature", "properties": { "urban_density": 0.28310403827186104, "temperature_proxy": 27.840176248767097, "grid_id": 78, "population_estimate": 995.2 }, "geometry": { "type": "Polygon", "coordinates": [ [ [ -15.952183949911792, 23.696569222863545 ], [ -15.952197052624157, 23.698375500783612 ], [ -15.954158588701585, 23.69836342215001 ], [ -15.954145459007464, 23.696557145260829 ], [ -15.952183949911792, 23.696569222863545 ] ] ] } },
{ "type": "Feature", "properties": { "urban_density": 0.22501073190753354, "temperature_proxy": 27.462569757398967, "grid_id": 79, "population_estimate": 678.0 }, "geometry": { "type": "Polygon", "coordinates": [ [ [ -15.952197052624157, 23.698375500783612 ], [ -15.952210156638245, 23.70018177827551 ], [ -15.954171719700106, 23.700169698610988 ], [ -15.954158588701585, 23.69836342215001 ], [ -15.952197052624157, 23.698375500783612 ] ] ] } },
{ "type": "Feature", "properties": { "urban_density": 0.53134196931907818, "temperature_proxy": 29.453722800574006, "grid_id": 80, "population_estimate": 1873.2 }, "geometry": { "type": "Polygon", "coordinates": [ [ [ -15.952210156638245, 23.70018177827551 ], [ -15.952223261954128, 23.701988055339207 ], [ -15.95418485200311, 23.701975974643744 ], [ -15.954171719700106, 23.700169698610988 ], [ -15.952210156638245, 23.70018177827551 ] ] ] } },
{ "type": "Feature", "properties": { "urban_density": 0.48810155011757206, "temperature_proxy": 29.17266007576422, "grid_id": 81, "population_estimate": 1732.0 }, "geometry": { "type": "Polygon", "coordinates": [ [ [ -15.952223261954128, 23.701988055339207 ], [ -15.952236368571894, 23.703794331974688 ], [ -15.954197985610667, 23.703782250248263 ], [ -15.95418485200311, 23.701975974643744 ], [ -15.952223261954128, 23.701988055339207 ] ] ] } },
{ "type": "Feature", "properties": { "urban_density": 0.27146809881647121, "temperature_proxy": 27.764542642307063, "grid_id": 82, "population_estimate": 968.8 }, "geometry": { "type": "Polygon", "coordinates": [ [ [ -15.952236368571894, 23.703794331974688 ], [ -15.952249476491613, 23.705600608181914 ], [ -15.954211120522867, 23.705588525424485 ], [ -15.954197985610667, 23.703782250248263 ], [ -15.952236368571894, 23.703794331974688 ] ] ] } },
{ "type": "Feature", "properties": { "urban_density": 0.061932736510265207, "temperature_proxy": 26.402562787316725, "grid_id": 83, "population_estimate": 221.1 }, "geometry": { "type": "Polygon", "coordinates": [ [ [ -15.952249476491613, 23.705600608181914 ], [ -15.952262585713372, 23.707406883960886 ], [ -15.954224256739785, 23.707394800172423 ], [ -15.954211120522867, 23.705588525424485 ], [ -15.952249476491613, 23.705600608181914 ] ] ] } },
{ "type": "Feature", "properties": { "urban_density": 0.045978198388264564, "temperature_proxy": 26.298858289523718, "grid_id": 84, "population_estimate": 115.4 }, "geometry": { "type": "Polygon", "coordinates": [ [ [ -15.952328151355498, 23.716438256430752 ], [ -15.952341268391146, 23.718244529639566 ], [ -15.95430310144482, 23.718232439664373 ], [ -15.954289957397924, 23.716426167486748 ], [ -15.952328151355498, 23.716438256430752 ] ] ] } },
{ "type": "Feature", "properties": { "urban_density": 0.010173954483302231, "temperature_proxy": 26.066130704141464, "grid_id": 85, "population_estimate": 25.5 }, "geometry": { "type": "Polygon", "coordinates": [ [ [ -15.952341268391146, 23.718244529639566 ], [ -15.95235438672939, 23.72005080241993 ], [ -15.95431624679699, 23.720038711413515 ], [ -15.95430310144482, 23.718232439664373 ], [ -15.952341268391146, 23.718244529639566 ] ] ] } },
{ "type": "Feature", "properties": { "urban_density": 0.092731469141020831, "temperature_proxy": 26.602754549416634, "grid_id": 86, "population_estimate": 323.1 }, "geometry": { "type": "Polygon", "coordinates": [ [ [ -15.950130945767233, 23.683937310992142 ], [ -15.950144012406701, 23.685743592937278 ], [ -15.952105360969274, 23.685731546352976 ], [ -15.952092267366726, 23.683925265436415 ], [ -15.950130945767233, 23.683937310992142 ] ] ] } },
{ "type": "Feature", "properties": { "urban_density": 0.28628597784319176, "temperature_proxy": 27.860858855980748, "grid_id": 87, "population_estimate": 959.0 }, "geometry": { "type": "Polygon", "coordinates": [ [ [ -15.950144012406701, 23.685743592937278 ], [ -15.950157080344658, 23.68754987445444 ], [ -15.952118455872984, 23.687537826841535 ], [ -15.952105360969274, 23.685731546352976 ], [ -15.950144012406701, 23.685743592937278 ] ] ] } },
{ "type": "Feature", "properties": { "urban_density": 0.53813867819244654, "temperature_proxy": 29.497901408250904, "grid_id": 88, "population_estimate": 1875.8 }, "geometry": { "type": "Polygon", "coordinates": [ [ [ -15.950157080344658, 23.68754987445444 ], [ -15.950170149581176, 23.689356155543614 ], [ -15.95213155207794, 23.68934410690208 ], [ -15.952118455872984, 23.687537826841535 ], [ -15.950157080344658, 23.68754987445444 ] ] ] } },
{ "type": "Feature", "properties": { "urban_density": 0.51207651474774341, "temperature_proxy": 29.328497345860331, "grid_id": 89, "population_estimate": 1944.5 }, "geometry": { "type": "Polygon", "coordinates": [ [ [ -15.950170149581176, 23.689356155543614 ], [ -15.950183220116338, 23.69116243620477 ], [ -15.952144649584222, 23.691150386534577 ], [ -15.95213155207794, 23.68934410690208 ], [ -15.950170149581176, 23.689356155543614 ] ] ] } },
{ "type": "Feature", "properties": { "urban_density": 0.37316504392979466, "temperature_proxy": 28.425572785543665, "grid_id": 90, "population_estimate": 1303.4 }, "geometry": { "type": "Polygon", "coordinates": [ [ [ -15.950183220116338, 23.69116243620477 ], [ -15.950196291950226, 23.692968716437885 ], [ -15.952157748391905, 23.692956665738997 ], [ -15.952144649584222, 23.691150386534577 ], [ -15.950183220116338, 23.69116243620477 ] ] ] } },
{ "type": "Feature", "properties": { "urban_density": 0.39614640062295664, "temperature_proxy": 28.574951604049218, "grid_id": 91, "population_estimate": 1388.5 }, "geometry": { "type": "Polygon", "coordinates": [ [ [ -15.950196291950226, 23.692968716437885 ], [ -15.950209365082914, 23.694774996242923 ], [ -15.952170848501069, 23.694762944515332 ], [ -15.952157748391905, 23.692956665738997 ], [ -15.950196291950226, 23.692968716437885 ] ] ] } },
{ "type": "Feature", "properties": { "urban_density": 0.3640290466049651, "temperature_proxy": 28.366188802932275, "grid_id": 92, "population_estimate": 1238.0 }, "geometry": { "type": "Polygon", "coordinates": [ [ [ -15.950209365082914, 23.694774996242923 ], [ -15.950222439514484, 23.696581275619877 ], [ -15.952183949911792, 23.696569222863545 ], [ -15.952170848501069, 23.694762944515332 ], [ -15.950209365082914, 23.694774996242923 ] ] ] } },
{ "type": "Feature", "properties": { "urban_density": 0.35349087078801134, "temperature_proxy": 28.297690660122072, "grid_id": 93, "population_estimate": 1139.6 }, "geometry": { "type": "Polygon", "coordinates": [ [ [ -15.950222439514484, 23.696581275619877 ], [ -15.950235515245012, 23.698387554568715 ], [ -15.952197052624157, 23.698375500783612 ], [ -15.952183949911792, 23.696569222863545 ], [ -15.950222439514484, 23.696581275619877 ] ] ] } },
{ "type": "Feature", "properties": { "urban_density": 0.39432828310068696, "temperature_proxy": 28.563133840154464, "grid_id": 94, "population_estimate": 1244.2 }, "geometry": { "type": "Polygon", "coordinates": [ [ [ -15.950235515245012, 23.698387554568715 ], [ -15.950248592274583, 23.700193833089411 ], [ -15.952210156638245, 23.70018177827551 ], [ -15.952197052624157, 23.698375500783612 ], [ -15.950235515245012, 23.698387554568715 ] ] ] } },
{ "type": "Feature", "properties": { "urban_density": 0.33898989167022042, "temperature_proxy": 28.203434295856432, "grid_id": 95, "population_estimate": 1174.9 }, "geometry": { "type": "Polygon", "coordinates": [ [ [ -15.950248592274583, 23.700193833089411 ], [ -15.950261670603272, 23.702000111181928 ], [ -15.952223261954128, 23.701988055339207 ], [ -15.952210156638245, 23.70018177827551 ], [ -15.950248592274583, 23.700193833089411 ] ] ] } },
{ "type": "Feature", "properties": { "urban_density": 0.24480682501054263, "temperature_proxy": 27.591244362568528, "grid_id": 96, "population_estimate": 826.3 }, "geometry": { "type": "Polygon", "coordinates": [ [ [ -15.950261670603272, 23.702000111181928 ], [ -15.950274750231157, 23.70380638884626 ], [ -15.952236368571894, 23.703794331974688 ], [ -15.952223261954128, 23.701988055339207 ], [ -15.950261670603272, 23.702000111181928 ] ] ] } },
{ "type": "Feature", "properties": { "urban_density": 0.32908220678852856, "temperature_proxy": 28.139034344125434, "grid_id": 97, "population_estimate": 1173.2 }, "geometry": { "type": "Polygon", "coordinates": [ [ [ -15.950274750231157, 23.70380638884626 ], [ -15.950287831158322, 23.705612666082367 ], [ -15.952249476491613, 23.705600608181914 ], [ -15.952236368571894, 23.703794331974688 ], [ -15.950274750231157, 23.70380638884626 ] ] ] } },
{ "type": "Feature", "properties": { "urban_density": 0.29340848161013799, "temperature_proxy": 27.907155130465895, "grid_id": 98, "population_estimate": 1014.5 }, "geometry": { "type": "Polygon", "coordinates": [ [ [ -15.950287831158322, 23.705612666082367 ], [ -15.95030091338484, 23.707418942890239 ], [ -15.952262585713372, 23.707406883960886 ], [ -15.952249476491613, 23.705600608181914 ], [ -15.950287831158322, 23.705612666082367 ] ] ] } },
{ "type": "Feature", "properties": { "urban_density": 0.025049729910104162, "temperature_proxy": 26.162823244415677, "grid_id": 99, "population_estimate": 62.9 }, "geometry": { "type": "Polygon", "coordinates": [ [ [ -15.95030091338484, 23.707418942890239 ], [ -15.950313996910795, 23.709225219269843 ], [ -15.952275696237246, 23.709213159311552 ], [ -15.952262585713372, 23.707406883960886 ], [ -15.95030091338484, 23.707418942890239 ] ] ] } },
{ "type": "Feature", "properties": { "urban_density": 0.19829399229663314, "temperature_proxy": 27.288910949928116, "grid_id": 100, "population_estimate": 694.5 }, "geometry": { "type": "Polygon", "coordinates": [ [ [ -15.948169622869335, 23.683949331716267 ], [ -15.948182662545646, 23.685755614687857 ], [ -15.950144012406701, 23.685743592937278 ], [ -15.950130945767233, 23.683937310992142 ], [ -15.948169622869335, 23.683949331716267 ] ] ] } },
{ "type": "Feature", "properties": { "urban_density": 0.46752898123845454, "temperature_proxy": 29.038938378049956, "grid_id": 101, "population_estimate": 1669.3 }, "geometry": { "type": "Polygon", "coordinates": [ [ [ -15.948182662545646, 23.685755614687857 ], [ -15.948195703517762, 23.6875618972315 ], [ -15.950157080344658, 23.68754987445444 ], [ -15.950144012406701, 23.685743592937278 ], [ -15.948182662545646, 23.685755614687857 ] ] ] } },
{ "type": "Feature", "properties": { "urban_density": 0.33586548246590958, "temperature_proxy": 28.183125636028411, "grid_id": 102, "population_estimate": 1599.2 }, "geometry": { "type": "Polygon", "coordinates": [ [ [ -15.948195703517762, 23.6875618972315 ], [ -15.948208745785765, 23.689368179347177 ], [ -15.950170149581176, 23.689356155543614 ], [ -15.950157080344658, 23.68754987445444 ], [ -15.948195703517762, 23.6875618972315 ] ] ] } },
{ "type": "Feature", "properties": { "urban_density": 0.32359286649902935, "temperature_proxy": 28.103353632243692, "grid_id": 103, "population_estimate": 1251.2 }, "geometry": { "type": "Polygon", "coordinates": [ [ [ -15.948208745785765, 23.689368179347177 ], [ -15.948221789349731, 23.691174461034876 ], [ -15.950183220116338, 23.69116243620477 ], [ -15.950170149581176, 23.689356155543614 ], [ -15.948208745785765, 23.689368179347177 ] ] ] } },
{ "type": "Feature", "properties": { "urban_density": 0.39735173513164129, "temperature_proxy": 28.58278627835567, "grid_id": 104, "population_estimate": 1362.0 }, "geometry": { "type": "Polygon", "coordinates": [ [ [ -15.948221789349731, 23.691174461034876 ], [ -15.948234834209744, 23.692980742294559 ], [ -15.950196291950226, 23.692968716437885 ], [ -15.950183220116338, 23.69116243620477 ], [ -15.948221789349731, 23.691174461034876 ] ] ] } },
{ "type": "Feature", "properties": { "urban_density": 0.44657997791844989, "temperature_proxy": 28.902769856469924, "grid_id": 105, "population_estimate": 1446.4 }, "geometry": { "type": "Polygon", "coordinates": [ [ [ -15.948234834209744, 23.692980742294559 ], [ -15.948247880365878, 23.694787023126196 ], [ -15.950209365082914, 23.694774996242923 ], [ -15.950196291950226, 23.692968716437885 ], [ -15.948234834209744, 23.692980742294559 ] ] ] } },
{ "type": "Feature", "properties": { "urban_density": 0.45550865120602985, "temperature_proxy": 28.960806232839193, "grid_id": 106, "population_estimate": 1548.1 }, "geometry": { "type": "Polygon", "coordinates": [ [ [ -15.948247880365878, 23.694787023126196 ], [ -15.948260927818213, 23.69659330352976 ], [ -15.950222439514484, 23.696581275619877 ], [ -15.950209365082914, 23.694774996242923 ], [ -15.948247880365878, 23.694787023126196 ] ] ] } },
{ "type": "Feature", "properties": { "urban_density": 0.49129254344915579, "temperature_proxy": 29.193401532419514, "grid_id": 107, "population_estimate": 1754.2 }, "geometry": { "type": "Polygon", "coordinates": [ [ [ -15.948260927818213, 23.69659330352976 ], [ -15.948273976566826, 23.698399583505243 ], [ -15.950235515245012, 23.698387554568715 ], [ -15.950222439514484, 23.696581275619877 ], [ -15.948260927818213, 23.69659330352976 ] ] ] } },
{ "type": "Feature", "properties": { "urban_density": 0.40641208668799056, "temperature_proxy": 28.641678563471938, "grid_id": 108, "population_estimate": 1397.0 }, "geometry": { "type": "Polygon", "coordinates": [ [ [ -15.948273976566826, 23.698399583505243 ], [ -15.948287026611801, 23.700205863052606 ], [ -15.950248592274583, 23.700193833089411 ], [ -15.950235515245012, 23.698387554568715 ], [ -15.948273976566826, 23.698399583505243 ] ] ] } },
{ "type": "Feature", "properties": { "urban_density": 0.28576957848384998, "temperature_proxy": 27.857502260145026, "grid_id": 109, "population_estimate": 1018.9 }, "geometry": { "type": "Polygon", "coordinates": [ [ [ -15.948287026611801, 23.700205863052606 ], [ -15.948300077953215, 23.702012142171839 ], [ -15.950261670603272, 23.702000111181928 ], [ -15.950248592274583, 23.700193833089411 ], [ -15.948287026611801, 23.700205863052606 ] ] ] } },
{ "type": "Feature", "properties": { "urban_density": 0.32801528993554019, "temperature_proxy": 28.132099384581011, "grid_id": 110, "population_estimate": 1162.9 }, "geometry": { "type": "Polygon", "coordinates": [ [ [ -15.948300077953215, 23.702012142171839 ], [ -15.948313130591144, 23.703818420862902 ], [ -15.950274750231157, 23.70380638884626 ], [ -15.950261670603272, 23.702000111181928 ], [ -15.948300077953215, 23.702012142171839 ] ] ] } },
{ "type": "Feature", "properties": { "urban_density": 0.071579067269309973, "temperature_proxy": 26.465263937250516, "grid_id": 111, "population_estimate": 254.5 }, "geometry": { "type": "Polygon", "coordinates": [ [ [ -15.948313130591144, 23.703818420862902 ], [ -15.948326184525671, 23.70562469912576 ], [ -15.950287831158322, 23.705612666082367 ], [ -15.950274750231157, 23.70380638884626 ], [ -15.948313130591144, 23.703818420862902 ] ] ] } },
{ "type": "Feature", "properties": { "urban_density": 0.098675244351602798, "temperature_proxy": 26.641389088285418, "grid_id": 112, "population_estimate": 264.5 }, "geometry": { "type": "Polygon", "coordinates": [ [ [ -15.948326184525671, 23.70562469912576 ], [ -15.948339239756876, 23.707430976960417 ], [ -15.95030091338484, 23.707418942890239 ], [ -15.950287831158322, 23.705612666082367 ], [ -15.948326184525671, 23.70562469912576 ] ] ] } },
{ "type": "Feature", "properties": { "urban_density": 0.017815977486907556, "temperature_proxy": 26.1158038536649, "grid_id": 113, "population_estimate": 44.7 }, "geometry": { "type": "Polygon", "coordinates": [ [ [ -15.948378413231326, 23.712849807894827 ], [ -15.948391473650021, 23.714656084016369 ], [ -15.950353255286069, 23.71464404583876 ], [ -15.950340167861333, 23.712837770744127 ], [ -15.948378413231326, 23.712849807894827 ] ] ] } },
{ "type": "Feature", "properties": { "urban_density": 0.020380797766193545, "temperature_proxy": 26.132475185480256, "grid_id": 114, "population_estimate": 51.2 }, "geometry": { "type": "Polygon", "coordinates": [ [ [ -15.946013263101378, 23.656867016337351 ], [ -15.946026256426984, 23.658673306748955 ], [ -15.947987203416499, 23.658661325194331 ], [ -15.947974183167821, 23.656855035806643 ], [ -15.946013263101378, 23.656867016337351 ] ] ] } },
{ "type": "Feature", "properties": { "urban_density": 0.027155218941145132, "temperature_proxy": 26.176508923117442, "grid_id": 115, "population_estimate": 68.2 }, "geometry": { "type": "Polygon", "coordinates": [ [ [ -15.946039251044535, 23.66047959673303 ], [ -15.946052246954117, 23.662285886289538 ], [ -15.948013247797803, 23.662273902686973 ], [ -15.948000224959799, 23.660467614154452 ], [ -15.946039251044535, 23.66047959673303 ] ] ] } },
{ "type": "Feature", "properties": { "urban_density": 0.11815239372073104, "temperature_proxy": 26.767990559184753, "grid_id": 116, "population_estimate": 384.2 }, "geometry": { "type": "Polygon", "coordinates": [ [ [ -15.946208298675709, 23.683961327608717 ], [ -15.946221311388781, 23.685767611604646 ], [ -15.948182662545646, 23.685755614687857 ], [ -15.948169622869335, 23.683949331716267 ], [ -15.946208298675709, 23.683961327608717 ] ] ] } },
{ "type": "Feature", "properties": { "urban_density": 0.30699025707622796, "temperature_proxy": 27.995436670995481, "grid_id": 117, "population_estimate": 1082.1 }, "geometry": { "type": "Polygon", "coordinates": [ [ [ -15.946221311388781, 23.685767611604646 ], [ -15.946234325394984, 23.687573895172658 ], [ -15.948195703517762, 23.6875618972315 ], [ -15.948182662545646, 23.685755614687857 ], [ -15.946221311388781, 23.685767611604646 ] ] ] } },
{ "type": "Feature", "properties": { "urban_density": 0.42316327312559471, "temperature_proxy": 28.750561275316365, "grid_id": 118, "population_estimate": 1540.7 }, "geometry": { "type": "Polygon", "coordinates": [ [ [ -15.946234325394984, 23.687573895172658 ], [ -15.94624734069439, 23.689380178312717 ], [ -15.948208745785765, 23.689368179347177 ], [ -15.948195703517762, 23.6875618972315 ], [ -15.946234325394984, 23.687573895172658 ] ] ] } },
{ "type": "Feature", "properties": { "urban_density": 0.22065193021345822, "temperature_proxy": 27.434237546387479, "grid_id": 119, "population_estimate": 733.3 }, "geometry": { "type": "Polygon", "coordinates": [ [ [ -15.94624734069439, 23.689380178312717 ], [ -15.946260357287084, 23.691186461024838 ], [ -15.948221789349731, 23.691174461034876 ], [ -15.948208745785765, 23.689368179347177 ], [ -15.94624734069439, 23.689380178312717 ] ] ] } },
{ "type": "Feature", "properties": { "urban_density": 0.4015985591873148, "temperature_proxy": 28.610390634717547, "grid_id": 120, "population_estimate": 1210.9 }, "geometry": { "type": "Polygon", "coordinates": [ [ [ -15.946260357287084, 23.691186461024838 ], [ -15.94627337517314, 23.692992743308963 ], [ -15.948234834209744, 23.692980742294559 ], [ -15.948221789349731, 23.691174461034876 ], [ -15.946260357287084, 23.691186461024838 ] ] ] } },
{ "type": "Feature", "properties": { "urban_density": 0.25418591979466049, "temperature_proxy": 27.652208478665294, "grid_id": 121, "population_estimate": 796.5 }, "geometry": { "type": "Polygon", "coordinates": [ [ [ -15.94627337517314, 23.692992743308963 ], [ -15.94628639435264, 23.694799025165068 ], [ -15.948247880365878, 23.694787023126196 ], [ -15.948234834209744, 23.692980742294559 ], [ -15.94627337517314, 23.692992743308963 ] ] ] } },
{ "type": "Feature", "properties": { "urban_density": 0.5835629170562574, "temperature_proxy": 29.793158960865675, "grid_id": 122, "population_estimate": 2040.2 }, "geometry": { "type": "Polygon", "coordinates": [ [ [ -15.94628639435264, 23.694799025165068 ], [ -15.94629941482566, 23.696605306593142 ], [ -15.948260927818213, 23.69659330352976 ], [ -15.948247880365878, 23.694787023126196 ], [ -15.94628639435264, 23.694799025165068 ] ] ] } },
{ "type": "Feature", "properties": { "urban_density": 0.45685083968329293, "temperature_proxy": 28.969530457941403, "grid_id": 123, "population_estimate": 1413.7 }, "geometry": { "type": "Polygon", "coordinates": [ [ [ -15.94629941482566, 23.696605306593142 ], [ -15.946312436592283, 23.698411587593153 ], [ -15.948273976566826, 23.698399583505243 ], [ -15.948260927818213, 23.69659330352976 ], [ -15.94629941482566, 23.696605306593142 ] ] ] } },
{ "type": "Feature", "properties": { "urban_density": 0.50143565530740442, "temperature_proxy": 29.259331759498128, "grid_id": 124, "population_estimate": 1779.5 }, "geometry": { "type": "Polygon", "coordinates": [ [ [ -15.946312436592283, 23.698411587593153 ], [ -15.946325459652584, 23.700217868165058 ], [ -15.948287026611801, 23.700205863052606 ], [ -15.948273976566826, 23.698399583505243 ], [ -15.946312436592283, 23.698411587593153 ] ] ] } },
{ "type": "Feature", "properties": { "urban_density": 0.48185665940702854, "temperature_proxy": 29.132068286145685, "grid_id": 125, "population_estimate": 1551.5 }, "geometry": { "type": "Polygon", "coordinates": [ [ [ -15.946325459652584, 23.700217868165058 ], [ -15.946338484006642, 23.702024148308876 ], [ -15.948300077953215, 23.702012142171839 ], [ -15.948287026611801, 23.700205863052606 ], [ -15.946325459652584, 23.700217868165058 ] ] ] } },
{ "type": "Feature", "properties": { "urban_density": 0.40996336359946861, "temperature_proxy": 28.664761863396546, "grid_id": 126, "population_estimate": 1436.4 }, "geometry": { "type": "Polygon", "coordinates": [ [ [ -15.946338484006642, 23.702024148308876 ], [ -15.946351509654537, 23.703830428024546 ], [ -15.948313130591144, 23.703818420862902 ], [ -15.948300077953215, 23.702012142171839 ], [ -15.946338484006642, 23.702024148308876 ] ] ] } },
{ "type": "Feature", "properties": { "urban_density": 0.28334567136172434, "temperature_proxy": 27.84174686385121, "grid_id": 127, "population_estimate": 961.6 }, "geometry": { "type": "Polygon", "coordinates": [ [ [ -15.946351509654537, 23.703830428024546 ], [ -15.946364536596349, 23.705636707312038 ], [ -15.948326184525671, 23.70562469912576 ], [ -15.948313130591144, 23.703818420862902 ], [ -15.946351509654537, 23.703830428024546 ] ] ] } },
{ "type": "Feature", "properties": { "urban_density": 0.079752444621186538, "temperature_proxy": 26.518390890037711, "grid_id": 128, "population_estimate": 200.2 }, "geometry": { "type": "Polygon", "coordinates": [ [ [ -15.946364536596349, 23.705636707312038 ], [ -15.946377564832154, 23.707442986171362 ], [ -15.948339239756876, 23.707430976960417 ], [ -15.948326184525671, 23.70562469912576 ], [ -15.946364536596349, 23.705636707312038 ] ] ] } },
{ "type": "Feature", "properties": { "urban_density": 0.10558022620016452, "temperature_proxy": 26.686271470301069, "grid_id": 129, "population_estimate": 265.1 }, "geometry": { "type": "Polygon", "coordinates": [ [ [ -15.946377564832154, 23.707442986171362 ], [ -15.946390594362034, 23.70924926460247 ], [ -15.948352296284833, 23.709237254366826 ], [ -15.948339239756876, 23.707430976960417 ], [ -15.946377564832154, 23.707442986171362 ] ] ] } },
{ "type": "Feature", "properties": { "urban_density": 0.024003795972619223, "temperature_proxy": 26.156024673822024, "grid_id": 130, "population_estimate": 60.3 }, "geometry": { "type": "Polygon", "coordinates": [ [ [ -15.946403625186067, 23.711055542605319 ], [ -15.946416657304331, 23.712861820179921 ], [ -15.948378413231326, 23.712849807894827 ], [ -15.948365354109624, 23.71104353134497 ], [ -15.946403625186067, 23.711055542605319 ] ] ] } },
{ "type": "Feature", "properties": { "urban_density": 0.012589951426428212, "temperature_proxy": 26.081834684271783, "grid_id": 131, "population_estimate": 31.6 }, "geometry": { "type": "Polygon", "coordinates": [ [ [ -15.946429690716906, 23.714668097326239 ], [ -15.94644272542387, 23.716474374044228 ], [ -15.948404535365789, 23.71646235970956 ], [ -15.948391473650021, 23.714656084016369 ], [ -15.946429690716906, 23.714668097326239 ] ] ] } },
{ "type": "Feature", "properties": { "urban_density": 0.031074559210721837, "temperature_proxy": 26.201984634869692, "grid_id": 132, "population_estimate": 78.0 }, "geometry": { "type": "Polygon", "coordinates": [ [ [ -15.94406530814552, 23.658685263501525 ], [ -15.944078275837249, 23.660491554507431 ], [ -15.946039251044535, 23.66047959673303 ], [ -15.946026256426984, 23.658673306748955 ], [ -15.94406530814552, 23.658685263501525 ] ] ] } },
{ "type": "Feature", "properties": { "urban_density": 0.051603150009481701, "temperature_proxy": 26.335420475061632, "grid_id": 133, "population_estimate": 129.6 }, "geometry": { "type": "Polygon", "coordinates": [ [ [ -15.94422100556055, 23.680360727349591 ], [ -15.944233988729646, 23.682167013223427 ], [ -15.946195287255685, 23.682155043184896 ], [ -15.94618227712863, 23.680348758333235 ], [ -15.94422100556055, 23.680360727349591 ] ] ] } },
{ "type": "Feature", "properties": { "urban_density": 0.13062500321042225, "temperature_proxy": 26.849062520867744, "grid_id": 134, "population_estimate": 466.3 }, "geometry": { "type": "Polygon", "coordinates": [ [ [ -15.944246973189035, 23.683973298669432 ], [ -15.944259958938792, 23.685779583687573 ], [ -15.946221311388781, 23.685767611604646 ], [ -15.946208298675709, 23.683961327608717 ], [ -15.944246973189035, 23.683973298669432 ] ] ] } },
{ "type": "Feature", "properties": { "urban_density": 0.5074309382902038, "temperature_proxy": 29.298301098886324, "grid_id": 135, "population_estimate": 1685.3 }, "geometry": { "type": "Polygon", "coordinates": [ [ [ -15.944259958938792, 23.685779583687573 ], [ -15.944272945978998, 23.687585868277822 ], [ -15.946234325394984, 23.687573895172658 ], [ -15.946221311388781, 23.685767611604646 ], [ -15.944259958938792, 23.685779583687573 ] ] ] } },
{ "type": "Feature", "properties": { "urban_density": 0.48051292758737063, "temperature_proxy": 29.12333402931791, "grid_id": 136, "population_estimate": 1552.3 }, "geometry": { "type": "Polygon", "coordinates": [ [ [ -15.944272945978998, 23.687585868277822 ], [ -15.944285934309733, 23.68939215244017 ], [ -15.94624734069439, 23.689380178312717 ], [ -15.946234325394984, 23.687573895172658 ], [ -15.944272945978998, 23.687585868277822 ] ] ] } },
{ "type": "Feature", "properties": { "urban_density": 0.29868378385448513, "temperature_proxy": 27.941444595054154, "grid_id": 137, "population_estimate": 878.0 }, "geometry": { "type": "Polygon", "coordinates": [ [ [ -15.944285934309733, 23.68939215244017 ], [ -15.94429892393107, 23.69119843617457 ], [ -15.946260357287084, 23.691186461024838 ], [ -15.94624734069439, 23.689380178312717 ], [ -15.944285934309733, 23.68939215244017 ] ] ] } },
{ "type": "Feature", "properties": { "urban_density": 0.021035579055696672, "temperature_proxy": 26.136731263862028, "grid_id": 138, "population_estimate": 60.1 }, "geometry": { "type": "Polygon", "coordinates": [ [ [ -15.94429892393107, 23.69119843617457 ], [ -15.944311914843095, 23.693004719481017 ], [ -15.94627337517314, 23.692992743308963 ], [ -15.946260357287084, 23.691186461024838 ], [ -15.94429892393107, 23.69119843617457 ] ] ] } },
{ "type": "Feature", "properties": { "urban_density": 0.018786521457073904, "temperature_proxy": 26.122112389470981, "grid_id": 139, "population_estimate": 48.4 }, "geometry": { "type": "Polygon", "coordinates": [ [ [ -15.944311914843095, 23.693004719481017 ], [ -15.944324907045882, 23.694811002359483 ], [ -15.94628639435264, 23.694799025165068 ], [ -15.94627337517314, 23.692992743308963 ], [ -15.944311914843095, 23.693004719481017 ] ] ] } },
{ "type": "Feature", "properties": { "urban_density": 0.35792155169051199, "temperature_proxy": 28.326490085988329, "grid_id": 140, "population_estimate": 1084.1 }, "geometry": { "type": "Polygon", "coordinates": [ [ [ -15.944324907045882, 23.694811002359483 ], [ -15.944337900539507, 23.696617284809928 ], [ -15.94629941482566, 23.696605306593142 ], [ -15.94628639435264, 23.694799025165068 ], [ -15.944324907045882, 23.694811002359483 ] ] ] } },
{ "type": "Feature", "properties": { "urban_density": 0.39819241350818679, "temperature_proxy": 28.588250687803214, "grid_id": 141, "population_estimate": 1293.5 }, "geometry": { "type": "Polygon", "coordinates": [ [ [ -15.944337900539507, 23.696617284809928 ], [ -15.944350895324057, 23.698423566832354 ], [ -15.946312436592283, 23.698411587593153 ], [ -15.94629941482566, 23.696605306593142 ], [ -15.944337900539507, 23.696617284809928 ] ] ] } },
{ "type": "Feature", "properties": { "urban_density": 0.47505251866830406, "temperature_proxy": 29.087841371343977, "grid_id": 142, "population_estimate": 1611.9 }, "geometry": { "type": "Polygon", "coordinates": [ [ [ -15.944350895324057, 23.698423566832354 ], [ -15.944363891399606, 23.700229848426698 ], [ -15.946325459652584, 23.700217868165058 ], [ -15.946312436592283, 23.698411587593153 ], [ -15.944350895324057, 23.698423566832354 ] ] ] } },
{ "type": "Feature", "properties": { "urban_density": 0.60486385278839339, "temperature_proxy": 29.931615043124559, "grid_id": 143, "population_estimate": 1717.3 }, "geometry": { "type": "Polygon", "coordinates": [ [ [ -15.944363891399606, 23.700229848426698 ], [ -15.94437688876623, 23.702036129592962 ], [ -15.946338484006642, 23.702024148308876 ], [ -15.946325459652584, 23.700217868165058 ], [ -15.944363891399606, 23.700229848426698 ] ] ] } },
{ "type": "Feature", "properties": { "urban_density": 0.16065275050414254, "temperature_proxy": 27.044242878276926, "grid_id": 144, "population_estimate": 469.4 }, "geometry": { "type": "Polygon", "coordinates": [ [ [ -15.94437688876623, 23.702036129592962 ], [ -15.944389887424013, 23.703842410331127 ], [ -15.946351509654537, 23.703830428024546 ], [ -15.946338484006642, 23.702024148308876 ], [ -15.94437688876623, 23.702036129592962 ] ] ] } },
{ "type": "Feature", "properties": { "urban_density": 0.26418676624367982, "temperature_proxy": 27.717213980583917, "grid_id": 145, "population_estimate": 892.9 }, "geometry": { "type": "Polygon", "coordinates": [ [ [ -15.944389887424013, 23.703842410331127 ], [ -15.944402887373029, 23.705648690641141 ], [ -15.946364536596349, 23.705636707312038 ], [ -15.946351509654537, 23.703830428024546 ], [ -15.944389887424013, 23.703842410331127 ] ] ] } },
{ "type": "Feature", "properties": { "urban_density": 0.038492564969635816, "temperature_proxy": 26.250201672302634, "grid_id": 146, "population_estimate": 96.6 }, "geometry": { "type": "Polygon", "coordinates": [ [ [ -15.944402887373029, 23.705648690641141 ], [ -15.94441588861336, 23.707454970522996 ], [ -15.946377564832154, 23.707442986171362 ], [ -15.946364536596349, 23.705636707312038 ], [ -15.944402887373029, 23.705648690641141 ] ] ] } },
{ "type": "Feature", "properties": { "urban_density": 0.10688347756594346, "temperature_proxy": 26.694742604178632, "grid_id": 147, "population_estimate": 268.3 }, "geometry": { "type": "Polygon", "coordinates": [ [ [ -15.94441588861336, 23.707454970522996 ], [ -15.944428891145085, 23.709261249976674 ], [ -15.946390594362034, 23.70924926460247 ], [ -15.946377564832154, 23.707442986171362 ], [ -15.94441588861336, 23.707454970522996 ] ] ] } },
{ "type": "Feature", "properties": { "urban_density": 0.086453362179932602, "temperature_proxy": 26.561946854169562, "grid_id": 148, "population_estimate": 217.0 }, "geometry": { "type": "Polygon", "coordinates": [ [ [ -15.944428891145085, 23.709261249976674 ], [ -15.94444189496828, 23.711067529002136 ], [ -15.946403625186067, 23.711055542605319 ], [ -15.946390594362034, 23.70924926460247 ], [ -15.944428891145085, 23.709261249976674 ] ] ] } },
{ "type": "Feature", "properties": { "urban_density": 0.020670111738105464, "temperature_proxy": 26.134355726297684, "grid_id": 149, "population_estimate": 51.9 }, "geometry": { "type": "Polygon", "coordinates": [ [ [ -15.94444189496828, 23.711067529002136 ], [ -15.944454900083024, 23.712873807599358 ], [ -15.946416657304331, 23.712861820179921 ], [ -15.946403625186067, 23.711055542605319 ], [ -15.94444189496828, 23.711067529002136 ] ] ] } },
{ "type": "Feature", "properties": { "urban_density": 0.024860654291609045, "temperature_proxy": 26.161594252895458, "grid_id": 150, "population_estimate": 62.4 }, "geometry": { "type": "Polygon", "coordinates": [ [ [ -15.944454900083024, 23.712873807599358 ], [ -15.944467906489399, 23.714680085768315 ], [ -15.946429690716906, 23.714668097326239 ], [ -15.946416657304331, 23.712861820179921 ], [ -15.944454900083024, 23.712873807599358 ] ] ] } },
{ "type": "Feature", "properties": { "urban_density": 0.061652427776421076, "temperature_proxy": 26.400740780546737, "grid_id": 151, "population_estimate": 154.8 }, "geometry": { "type": "Polygon", "coordinates": [ [ [ -15.944467906489399, 23.714680085768315 ], [ -15.94448091418748, 23.716486363508995 ], [ -15.94644272542387, 23.716474374044228 ], [ -15.946429690716906, 23.714668097326239 ], [ -15.944467906489399, 23.714680085768315 ] ] ] } },
{ "type": "Feature", "properties": { "urban_density": 0.018355711051740681, "temperature_proxy": 26.119312121836316, "grid_id": 152, "population_estimate": 46.1 }, "geometry": { "type": "Polygon", "coordinates": [ [ [ -15.942272688913318, 23.682178958432271 ], [ -15.942285646411989, 23.683985244898345 ], [ -15.944246973189035, 23.683973298669432 ], [ -15.944233988729646, 23.682167013223427 ], [ -15.942272688913318, 23.682178958432271 ] ] ] } },
{ "type": "Feature", "properties": { "urban_density": 0.16980732785296085, "temperature_proxy": 27.103747631044246, "grid_id": 153, "population_estimate": 583.3 }, "geometry": { "type": "Polygon", "coordinates": [ [ [ -15.942285646411989, 23.683985244898345 ], [ -15.942298605198353, 23.685791530936573 ], [ -15.944259958938792, 23.685779583687573 ], [ -15.944246973189035, 23.683973298669432 ], [ -15.942285646411989, 23.683985244898345 ] ] ] } },
{ "type": "Feature", "properties": { "urban_density": 0.53357772369710188, "temperature_proxy": 29.468255204031163, "grid_id": 154, "population_estimate": 1891.6 }, "geometry": { "type": "Polygon", "coordinates": [ [ [ -15.942298605198353, 23.685791530936573 ], [ -15.942311565272485, 23.687597816546958 ], [ -15.944272945978998, 23.687585868277822 ], [ -15.944259958938792, 23.685779583687573 ], [ -15.942298605198353, 23.685791530936573 ] ] ] } },
{ "type": "Feature", "properties": { "urban_density": 0.48420130046324322, "temperature_proxy": 29.147308453011082, "grid_id": 155, "population_estimate": 1659.4 }, "geometry": { "type": "Polygon", "coordinates": [ [ [ -15.942311565272485, 23.687597816546958 ], [ -15.942324526634465, 23.689404101729444 ], [ -15.944285934309733, 23.68939215244017 ], [ -15.944272945978998, 23.687585868277822 ], [ -15.942311565272485, 23.687597816546958 ] ] ] } },
{ "type": "Feature", "properties": { "urban_density": 0.14063910159219678, "temperature_proxy": 26.91415416034928, "grid_id": 156, "population_estimate": 473.6 }, "geometry": { "type": "Polygon", "coordinates": [ [ [ -15.942324526634465, 23.689404101729444 ], [ -15.942337489284371, 23.691210386484034 ], [ -15.94429892393107, 23.69119843617457 ], [ -15.944285934309733, 23.68939215244017 ], [ -15.942324526634465, 23.689404101729444 ] ] ] } },
{ "type": "Feature", "properties": { "urban_density": 0.1559375545844808, "temperature_proxy": 27.013594104799125, "grid_id": 157, "population_estimate": 556.8 }, "geometry": { "type": "Polygon", "coordinates": [ [ [ -15.942376384962436, 23.69662923818008 ], [ -15.942389352764833, 23.698435521222784 ], [ -15.944350895324057, 23.698423566832354 ], [ -15.944337900539507, 23.696617284809928 ], [ -15.942376384962436, 23.69662923818008 ] ] ] } },
{ "type": "Feature", "properties": { "urban_density": 0.34968238680931968, "temperature_proxy": 28.272935514260578, "grid_id": 158, "population_estimate": 1138.9 }, "geometry": { "type": "Polygon", "coordinates": [ [ [ -15.942389352764833, 23.698435521222784 ], [ -15.942402321855552, 23.70024180383745 ], [ -15.944363891399606, 23.700229848426698 ], [ -15.944350895324057, 23.698423566832354 ], [ -15.942389352764833, 23.698435521222784 ] ] ] } },
{ "type": "Feature", "properties": { "urban_density": 0.51126643394643323, "temperature_proxy": 29.323231820651817, "grid_id": 159, "population_estimate": 1518.2 }, "geometry": { "type": "Polygon", "coordinates": [ [ [ -15.942402321855552, 23.70024180383745 ], [ -15.942415292234665, 23.702048086024057 ], [ -15.94437688876623, 23.702036129592962 ], [ -15.944363891399606, 23.700229848426698 ], [ -15.942402321855552, 23.70024180383745 ] ] ] } },
{ "type": "Feature", "properties": { "urban_density": 0.01267561339388479, "temperature_proxy": 26.082391487060253, "grid_id": 160, "population_estimate": 41.5 }, "geometry": { "type": "Polygon", "coordinates": [ [ [ -15.942415292234665, 23.702048086024057 ], [ -15.942428263902253, 23.703854367782579 ], [ -15.944389887424013, 23.703842410331127 ], [ -15.94437688876623, 23.702036129592962 ], [ -15.942415292234665, 23.702048086024057 ] ] ] } },
{ "type": "Feature", "properties": { "urban_density": 0.043556969418244024, "temperature_proxy": 26.283120301218585, "grid_id": 161, "population_estimate": 127.0 }, "geometry": { "type": "Polygon", "coordinates": [ [ [ -15.942428263902253, 23.703854367782579 ], [ -15.942441236858397, 23.705660649112986 ], [ -15.944402887373029, 23.705648690641141 ], [ -15.944389887424013, 23.703842410331127 ], [ -15.942428263902253, 23.703854367782579 ] ] ] } },
{ "type": "Feature", "properties": { "urban_density": 0.012258539355214553, "temperature_proxy": 26.079680505808895, "grid_id": 162, "population_estimate": 30.8 }, "geometry": { "type": "Polygon", "coordinates": [ [ [ -15.942441236858397, 23.705660649112986 ], [ -15.942454211103176, 23.707466930015276 ], [ -15.94441588861336, 23.707454970522996 ], [ -15.944402887373029, 23.705648690641141 ], [ -15.942441236858397, 23.705660649112986 ] ] ] } },
{ "type": "Feature", "properties": { "urban_density": 0.088644848220910358, "temperature_proxy": 26.576191513435916, "grid_id": 163, "population_estimate": 222.5 }, "geometry": { "type": "Polygon", "coordinates": [ [ [ -15.942454211103176, 23.707466930015276 ], [ -15.942467186636664, 23.709273210489386 ], [ -15.944428891145085, 23.709261249976674 ], [ -15.94441588861336, 23.707454970522996 ], [ -15.942454211103176, 23.707466930015276 ] ] ] } },
{ "type": "Feature", "properties": { "urban_density": 0.12551401697123249, "temperature_proxy": 26.815841110313013, "grid_id": 164, "population_estimate": 315.1 }, "geometry": { "type": "Polygon", "coordinates": [ [ [ -15.942467186636664, 23.709273210489386 ], [ -15.94248016345894, 23.71107949053534 ], [ -15.94444189496828, 23.711067529002136 ], [ -15.944428891145085, 23.709261249976674 ], [ -15.942467186636664, 23.709273210489386 ] ] ] } },
{ "type": "Feature", "properties": { "urban_density": 0.091082056171786469, "temperature_proxy": 26.592033365116613, "grid_id": 165, "population_estimate": 228.7 }, "geometry": { "type": "Polygon", "coordinates": [ [ [ -15.94248016345894, 23.71107949053534 ], [ -15.942493141570088, 23.712885770153054 ], [ -15.944454900083024, 23.712873807599358 ], [ -15.94444189496828, 23.711067529002136 ], [ -15.94248016345894, 23.71107949053534 ] ] ] } },
{ "type": "Feature", "properties": { "urban_density": 0.013537246238870879, "temperature_proxy": 26.087992100552661, "grid_id": 166, "population_estimate": 34.0 }, "geometry": { "type": "Polygon", "coordinates": [ [ [ -15.942493141570088, 23.712885770153054 ], [ -15.942506120970183, 23.714692049342549 ], [ -15.944467906489399, 23.714680085768315 ], [ -15.944454900083024, 23.712873807599358 ], [ -15.942493141570088, 23.712885770153054 ] ] ] } },
{ "type": "Feature", "properties": { "urban_density": 0.013786923934526069, "temperature_proxy": 26.089615005574419, "grid_id": 167, "population_estimate": 34.6 }, "geometry": { "type": "Polygon", "coordinates": [ [ [ -15.942506120970183, 23.714692049342549 ], [ -15.942519101659306, 23.716498328103778 ], [ -15.94448091418748, 23.716486363508995 ], [ -15.944467906489399, 23.714680085768315 ], [ -15.942506120970183, 23.714692049342549 ] ] ] } },
{ "type": "Feature", "properties": { "urban_density": 0.050580798530357331, "temperature_proxy": 26.328775190447324, "grid_id": 168, "population_estimate": 127.0 }, "geometry": { "type": "Polygon", "coordinates": [ [ [ -15.940324318347253, 23.683997166295391 ], [ -15.940337250170145, 23.685803453351603 ], [ -15.942298605198353, 23.685791530936573 ], [ -15.942285646411989, 23.683985244898345 ], [ -15.940324318347253, 23.683997166295391 ] ] ] } },
{ "type": "Feature", "properties": { "urban_density": 0.43399195204568503, "temperature_proxy": 28.820947688296954, "grid_id": 169, "population_estimate": 1526.9 }, "geometry": { "type": "Polygon", "coordinates": [ [ [ -15.940337250170145, 23.685803453351603 ], [ -15.940350183278126, 23.687609739979987 ], [ -15.942311565272485, 23.687597816546958 ], [ -15.942298605198353, 23.685791530936573 ], [ -15.940337250170145, 23.685803453351603 ] ] ] } },
{ "type": "Feature", "properties": { "urban_density": 0.45015784250084773, "temperature_proxy": 28.926025976255509, "grid_id": 170, "population_estimate": 1598.2 }, "geometry": { "type": "Polygon", "coordinates": [ [ [ -15.940350183278126, 23.687609739979987 ], [ -15.940363117671273, 23.689416026180492 ], [ -15.942324526634465, 23.689404101729444 ], [ -15.942311565272485, 23.687597816546958 ], [ -15.940350183278126, 23.687609739979987 ] ] ] } },
{ "type": "Feature", "properties": { "urban_density": 0.47853407898784606, "temperature_proxy": 29.110471513421, "grid_id": 171, "population_estimate": 1588.1 }, "geometry": { "type": "Polygon", "coordinates": [ [ [ -15.940363117671273, 23.689416026180492 ], [ -15.940376053349668, 23.69122231195314 ], [ -15.942337489284371, 23.691210386484034 ], [ -15.942324526634465, 23.689404101729444 ], [ -15.940363117671273, 23.689416026180492 ] ] ] } },
{ "type": "Feature", "properties": { "urban_density": 0.066559558924142684, "temperature_proxy": 26.432637133006928, "grid_id": 172, "population_estimate": 106.8 }, "geometry": { "type": "Polygon", "coordinates": [ [ [ -15.940376053349668, 23.69122231195314 ], [ -15.940388990313391, 23.693028597297879 ], [ -15.942350453222286, 23.693016670810682 ], [ -15.942337489284371, 23.691210386484034 ], [ -15.940376053349668, 23.69122231195314 ] ] ] } },
{ "type": "Feature", "properties": { "urban_density": 0.10354003888357566, "temperature_proxy": 26.673010252743243, "grid_id": 173, "population_estimate": 414.3 }, "geometry": { "type": "Polygon", "coordinates": [ [ [ -15.940388990313391, 23.693028597297879 ], [ -15.940401928562515, 23.694834882214671 ], [ -15.942363418448281, 23.694822954709373 ], [ -15.942350453222286, 23.693016670810682 ], [ -15.940388990313391, 23.693028597297879 ] ] ] } },
{ "type": "Feature", "properties": { "urban_density": 0.056306724380746541, "temperature_proxy": 26.365993708474853, "grid_id": 174, "population_estimate": 141.4 }, "geometry": { "type": "Polygon", "coordinates": [ [ [ -15.94050548083945, 23.709285146140562 ], [ -15.940518430660733, 23.711091427204845 ], [ -15.94248016345894, 23.71107949053534 ], [ -15.942467186636664, 23.709273210489386 ], [ -15.94050548083945, 23.709285146140562 ] ] ] } },
{ "type": "Feature", "properties": { "urban_density": 0.10042411953840527, "temperature_proxy": 26.652756776999635, "grid_id": 175, "population_estimate": 252.1 }, "geometry": { "type": "Polygon", "coordinates": [ [ [ -15.940518430660733, 23.711091427204845 ], [ -15.940531381768206, 23.712897707840959 ], [ -15.942493141570088, 23.712885770153054 ], [ -15.94248016345894, 23.71107949053534 ], [ -15.940518430660733, 23.711091427204845 ] ] ] } },
{ "type": "Feature", "properties": { "urban_density": 0.095406676483105343, "temperature_proxy": 26.620143397140186, "grid_id": 176, "population_estimate": 239.5 }, "geometry": { "type": "Polygon", "coordinates": [ [ [ -15.940531381768206, 23.712897707840959 ], [ -15.940544334161942, 23.714703988048868 ], [ -15.942506120970183, 23.714692049342549 ], [ -15.942493141570088, 23.712885770153054 ], [ -15.940531381768206, 23.712897707840959 ] ] ] } },
{ "type": "Feature", "properties": { "urban_density": 0.14734763172588428, "temperature_proxy": 26.957759606218247, "grid_id": 177, "population_estimate": 736.6 }, "geometry": { "type": "Polygon", "coordinates": [ [ [ -15.940557287842024, 23.716510267828525 ], [ -15.940570242808528, 23.718316547179946 ], [ -15.942532083637529, 23.718304606436732 ], [ -15.942519101659306, 23.716498328103778 ], [ -15.940557287842024, 23.716510267828525 ] ] ] } },
{ "type": "Feature", "properties": { "urban_density": 0.21428293446196953, "temperature_proxy": 27.392839074002801, "grid_id": 178, "population_estimate": 1071.9 }, "geometry": { "type": "Polygon", "coordinates": [ [ [ -15.940570242808528, 23.718316547179946 ], [ -15.940583199061535, 23.720122826103076 ], [ -15.942545066904938, 23.72011088434137 ], [ -15.942532083637529, 23.718304606436732 ], [ -15.940570242808528, 23.718316547179946 ] ] ] } },
{ "type": "Feature", "properties": { "urban_density": 0.039063108023290043, "temperature_proxy": 26.253910202151385, "grid_id": 179, "population_estimate": 98.1 }, "geometry": { "type": "Polygon", "coordinates": [ [ [ -15.938362988997504, 23.684009062860504 ], [ -15.938375893856845, 23.685815350932572 ], [ -15.940337250170145, 23.685803453351603 ], [ -15.940324318347253, 23.683997166295391 ], [ -15.938362988997504, 23.684009062860504 ] ] ] } },
{ "type": "Feature", "properties": { "urban_density": 0.30532704007143263, "temperature_proxy": 27.984625760464311, "grid_id": 180, "population_estimate": 953.0 }, "geometry": { "type": "Polygon", "coordinates": [ [ [ -15.938375893856845, 23.685815350932572 ], [ -15.938388799998597, 23.687621638576822 ], [ -15.940350183278126, 23.687609739979987 ], [ -15.940337250170145, 23.685803453351603 ], [ -15.938375893856845, 23.685815350932572 ] ] ] } },
{ "type": "Feature", "properties": { "urban_density": 0.49559653143772331, "temperature_proxy": 29.221377454345202, "grid_id": 181, "population_estimate": 1627.9 }, "geometry": { "type": "Polygon", "coordinates": [ [ [ -15.938388799998597, 23.687621638576822 ], [ -15.938401707422834, 23.689427925793265 ], [ -15.940363117671273, 23.689416026180492 ], [ -15.940350183278126, 23.687609739979987 ], [ -15.938388799998597, 23.687621638576822 ] ] ] } },
{ "type": "Feature", "properties": { "urban_density": 0.32030032663632735, "temperature_proxy": 28.081952123136126, "grid_id": 182, "population_estimate": 1035.2 }, "geometry": { "type": "Polygon", "coordinates": [ [ [ -15.938401707422834, 23.689427925793265 ], [ -15.938414616129641, 23.691234212581833 ], [ -15.940376053349668, 23.69122231195314 ], [ -15.940363117671273, 23.689416026180492 ], [ -15.938401707422834, 23.689427925793265 ] ] ] } },
{ "type": "Feature", "properties": { "urban_density": 0.2050916405397939, "temperature_proxy": 27.333095663508661, "grid_id": 183, "population_estimate": 630.3 }, "geometry": { "type": "Polygon", "coordinates": [ [ [ -15.938414616129641, 23.691234212581833 ], [ -15.938427526119094, 23.693040498942533 ], [ -15.940388990313391, 23.693028597297879 ], [ -15.940376053349668, 23.69122231195314 ], [ -15.938414616129641, 23.691234212581833 ] ] ] } },
{ "type": "Feature", "properties": { "urban_density": 0.39993275460351729, "temperature_proxy": 28.599562904922863, "grid_id": 184, "population_estimate": 1533.2 }, "geometry": { "type": "Polygon", "coordinates": [ [ [ -15.938427526119094, 23.693040498942533 ], [ -15.938440437391273, 23.694846784875331 ], [ -15.940401928562515, 23.694834882214671 ], [ -15.940388990313391, 23.693028597297879 ], [ -15.938427526119094, 23.693040498942533 ] ] ] } },
{ "type": "Feature", "properties": { "urban_density": 0.36660829899534247, "temperature_proxy": 28.382953943469726, "grid_id": 185, "population_estimate": 1288.7 }, "geometry": { "type": "Polygon", "coordinates": [ [ [ -15.938440437391273, 23.694846784875331 ], [ -15.938453349946251, 23.696653070380183 ], [ -15.940414868097125, 23.696641166703525 ], [ -15.940401928562515, 23.694834882214671 ], [ -15.938440437391273, 23.694846784875331 ] ] ] } },
{ "type": "Feature", "properties": { "urban_density": 0.14856822752951576, "temperature_proxy": 26.965693478941851, "grid_id": 186, "population_estimate": 743.9 }, "geometry": { "type": "Polygon", "coordinates": [ [ [ -15.938453349946251, 23.696653070380183 ], [ -15.938466263784109, 23.698459355457096 ], [ -15.940427808917292, 23.698447450764395 ], [ -15.940414868097125, 23.696641166703525 ], [ -15.938453349946251, 23.696653070380183 ] ] ] } },
{ "type": "Feature", "properties": { "urban_density": 0.01137932768270496, "temperature_proxy": 26.073965629937582, "grid_id": 187, "population_estimate": 28.6 }, "geometry": { "type": "Polygon", "coordinates": [ [ [ -15.938556696576342, 23.711103339010624 ], [ -15.938569620680056, 23.712909620662995 ], [ -15.940531381768206, 23.712897707840959 ], [ -15.940518430660733, 23.711091427204845 ], [ -15.938556696576342, 23.711103339010624 ] ] ] } },
{ "type": "Feature", "properties": { "urban_density": 0.027028307613760627, "temperature_proxy": 26.175683999489443, "grid_id": 188, "population_estimate": 67.9 }, "geometry": { "type": "Polygon", "coordinates": [ [ [ -15.938569620680056, 23.712909620662995 ], [ -15.938582546067357, 23.714715901887185 ], [ -15.940544334161942, 23.714703988048868 ], [ -15.940531381768206, 23.712897707840959 ], [ -15.938569620680056, 23.712909620662995 ] ] ] } },
{ "type": "Feature", "properties": { "urban_density": 0.10593505102310469, "temperature_proxy": 26.688577831650182, "grid_id": 189, "population_estimate": 270.2 }, "geometry": { "type": "Polygon", "coordinates": [ [ [ -15.936414536261134, 23.685827223679414 ], [ -15.936427415436576, 23.687633512337435 ], [ -15.938388799998597, 23.687621638576822 ], [ -15.938375893856845, 23.685815350932572 ], [ -15.936414536261134, 23.685827223679414 ] ] ] } },
{ "type": "Feature", "properties": { "urban_density": 0.17704531857821304, "temperature_proxy": 27.150794570758386, "grid_id": 190, "population_estimate": 447.7 }, "geometry": { "type": "Polygon", "coordinates": [ [ [ -15.936427415436576, 23.687633512337435 ], [ -15.936440295891829, 23.689439800567651 ], [ -15.938401707422834, 23.689427925793265 ], [ -15.938388799998597, 23.687621638576822 ], [ -15.936427415436576, 23.687633512337435 ] ] ] } },
{ "type": "Feature", "properties": { "urban_density": 0.1814376801406018, "temperature_proxy": 27.179344920913913, "grid_id": 191, "population_estimate": 356.9 }, "geometry": { "type": "Polygon", "coordinates": [ [ [ -15.936440295891829, 23.689439800567651 ], [ -15.936453177626968, 23.69124608837005 ], [ -15.938414616129641, 23.691234212581833 ], [ -15.938401707422834, 23.689427925793265 ], [ -15.936440295891829, 23.689439800567651 ] ] ] } },
{ "type": "Feature", "properties": { "urban_density": 0.30414810176240514, "temperature_proxy": 27.976962661455634, "grid_id": 192, "population_estimate": 1007.7 }, "geometry": { "type": "Polygon", "coordinates": [ [ [ -15.936453177626968, 23.69124608837005 ], [ -15.936466060642074, 23.693052375744578 ], [ -15.938427526119094, 23.693040498942533 ], [ -15.938414616129641, 23.691234212581833 ], [ -15.936453177626968, 23.69124608837005 ] ] ] } },
{ "type": "Feature", "properties": { "urban_density": 0.45455988634704725, "temperature_proxy": 28.954639261255807, "grid_id": 193, "population_estimate": 1582.7 }, "geometry": { "type": "Polygon", "coordinates": [ [ [ -15.936466060642074, 23.693052375744578 ], [ -15.936478944937226, 23.694858662691246 ], [ -15.938440437391273, 23.694846784875331 ], [ -15.938427526119094, 23.693040498942533 ], [ -15.936466060642074, 23.693052375744578 ] ] ] } },
{ "type": "Feature", "properties": { "urban_density": 0.54548567091629196, "temperature_proxy": 29.545656860955898, "grid_id": 194, "population_estimate": 1935.2 }, "geometry": { "type": "Polygon", "coordinates": [ [ [ -15.936478944937226, 23.694858662691246 ], [ -15.936491830512498, 23.69666494921001 ], [ -15.938453349946251, 23.696653070380183 ], [ -15.938440437391273, 23.694846784875331 ], [ -15.936478944937226, 23.694858662691246 ] ] ] } },
{ "type": "Feature", "properties": { "urban_density": 0.49833954043296647, "temperature_proxy": 29.239207012814283, "grid_id": 195, "population_estimate": 2126.9 }, "geometry": { "type": "Polygon", "coordinates": [ [ [ -15.936491830512498, 23.69666494921001 ], [ -15.936504717367971, 23.69847123530084 ], [ -15.938466263784109, 23.698459355457096 ], [ -15.938453349946251, 23.696653070380183 ], [ -15.936491830512498, 23.69666494921001 ] ] ] } },
{ "type": "Feature", "properties": { "urban_density": 0.37969538852715451, "temperature_proxy": 28.468020025426505, "grid_id": 196, "population_estimate": 2014.3 }, "geometry": { "type": "Polygon", "coordinates": [ [ [ -15.936504717367971, 23.69847123530084 ], [ -15.936517605503722, 23.70027752096372 ], [ -15.938479178904927, 23.700265640106018 ], [ -15.938466263784109, 23.698459355457096 ], [ -15.936504717367971, 23.69847123530084 ] ] ] } },
{ "type": "Feature", "properties": { "urban_density": 0.078051588784670375, "temperature_proxy": 26.507335327100357, "grid_id": 197, "population_estimate": 196.0 }, "geometry": { "type": "Polygon", "coordinates": [ [ [ -15.936517605503722, 23.70027752096372 ], [ -15.936530494919831, 23.702083806198623 ], [ -15.938492095308783, 23.702071924326948 ], [ -15.938479178904927, 23.700265640106018 ], [ -15.936517605503722, 23.70027752096372 ] ] ] } },
{ "type": "Feature", "properties": { "urban_density": 0.051048998236068607, "temperature_proxy": 26.331818488534445, "grid_id": 198, "population_estimate": 128.5 }, "geometry": { "type": "Polygon", "coordinates": [ [ [ -15.934478883080935, 23.689451650503628 ], [ -15.934491737844329, 23.691257939317719 ], [ -15.936453177626968, 23.69124608837005 ], [ -15.936440295891829, 23.689439800567651 ], [ -15.934478883080935, 23.689451650503628 ] ] ] } },
{ "type": "Feature", "properties": { "urban_density": 0.15509560621015039, "temperature_proxy": 27.008121440365976, "grid_id": 199, "population_estimate": 470.2 }, "geometry": { "type": "Polygon", "coordinates": [ [ [ -15.934491737844329, 23.691257939317719 ], [ -15.934504593885011, 23.693064227703982 ], [ -15.936466060642074, 23.693052375744578 ], [ -15.936453177626968, 23.69124608837005 ], [ -15.934491737844329, 23.691257939317719 ] ] ] } },
{ "type": "Feature", "properties": { "urban_density": 0.24897590132634409, "temperature_proxy": 27.618343358621235, "grid_id": 200, "population_estimate": 846.6 }, "geometry": { "type": "Polygon", "coordinates": [ [ [ -15.934504593885011, 23.693064227703982 ], [ -15.934517451203057, 23.694870515662387 ], [ -15.936478944937226, 23.694858662691246 ], [ -15.936466060642074, 23.693052375744578 ], [ -15.934504593885011, 23.693064227703982 ] ] ] } },
{ "type": "Feature", "properties": { "urban_density": 0.33116010169348575, "temperature_proxy": 28.152540661007656, "grid_id": 201, "population_estimate": 970.6 }, "geometry": { "type": "Polygon", "coordinates": [ [ [ -15.934517451203057, 23.694870515662387 ], [ -15.934530309798545, 23.696676803192926 ], [ -15.936491830512498, 23.69666494921001 ], [ -15.936478944937226, 23.694858662691246 ], [ -15.934517451203057, 23.694870515662387 ] ] ] } },
{ "type": "Feature", "properties": { "urban_density": 0.50125142506737574, "temperature_proxy": 29.258134262937944, "grid_id": 202, "population_estimate": 1766.3 }, "geometry": { "type": "Polygon", "coordinates": [ [ [ -15.934530309798545, 23.696676803192926 ], [ -15.934543169671553, 23.698483090295557 ], [ -15.936504717367971, 23.69847123530084 ], [ -15.936491830512498, 23.69666494921001 ], [ -15.934530309798545, 23.696676803192926 ] ] ] } },
{ "type": "Feature", "properties": { "urban_density": 0.46038419476350106, "temperature_proxy": 28.992497265962758, "grid_id": 203, "population_estimate": 1582.9 }, "geometry": { "type": "Polygon", "coordinates": [ [ [ -15.934543169671553, 23.698483090295557 ], [ -15.934556030822158, 23.700289376970264 ], [ -15.936517605503722, 23.70027752096372 ], [ -15.936504717367971, 23.69847123530084 ], [ -15.934543169671553, 23.698483090295557 ] ] ] } },
{ "type": "Feature", "properties": { "urban_density": 0.14440739169608804, "temperature_proxy": 26.938648046024571, "grid_id": 204, "population_estimate": 362.5 }, "geometry": { "type": "Polygon", "coordinates": [ [ [ -15.934556030822158, 23.700289376970264 ], [ -15.934568893250441, 23.70209566321703 ], [ -15.936530494919831, 23.702083806198623 ], [ -15.936517605503722, 23.70027752096372 ], [ -15.934556030822158, 23.700289376970264 ] ] ] } },
{ "type": "Feature", "properties": { "urban_density": 0.098510864811691898, "temperature_proxy": 26.640320621275997, "grid_id": 205, "population_estimate": 174.5 }, "geometry": { "type": "Polygon", "coordinates": [ [ [ -15.932543125850582, 23.693076054820647 ], [ -15.932555956191447, 23.694882343788674 ], [ -15.934517451203057, 23.694870515662387 ], [ -15.934504593885011, 23.693064227703982 ], [ -15.932543125850582, 23.693076054820647 ] ] ] } },
{ "type": "Feature", "properties": { "urban_density": 0.34747492429354376, "temperature_proxy": 28.258587007908034, "grid_id": 206, "population_estimate": 1017.8 }, "geometry": { "type": "Polygon", "coordinates": [ [ [ -15.932555956191447, 23.694882343788674 ], [ -15.932568787807071, 23.696688632328872 ], [ -15.934530309798545, 23.696676803192926 ], [ -15.934517451203057, 23.694870515662387 ], [ -15.932555956191447, 23.694882343788674 ] ] ] } },
{ "type": "Feature", "properties": { "urban_density": 0.45336979673027944, "temperature_proxy": 28.946903678746818, "grid_id": 207, "population_estimate": 1561.1 }, "geometry": { "type": "Polygon", "coordinates": [ [ [ -15.932568787807071, 23.696688632328872 ], [ -15.932581620697539, 23.698494920441192 ], [ -15.934543169671553, 23.698483090295557 ], [ -15.934530309798545, 23.696676803192926 ], [ -15.932568787807071, 23.696688632328872 ] ] ] } },
{ "type": "Feature", "properties": { "urban_density": 0.30618506362807973, "temperature_proxy": 27.990202913582518, "grid_id": 208, "population_estimate": 865.3 }, "geometry": { "type": "Polygon", "coordinates": [ [ [ -15.932581620697539, 23.698494920441192 ], [ -15.932594454862922, 23.700301208125602 ], [ -15.934556030822158, 23.700289376970264 ], [ -15.934543169671553, 23.698483090295557 ], [ -15.932581620697539, 23.698494920441192 ] ] ] } },
{ "type": "Feature", "properties": { "urban_density": 0.35693143359553303, "temperature_proxy": 28.320054318370964, "grid_id": 209, "population_estimate": 991.1 }, "geometry": { "type": "Polygon", "coordinates": [ [ [ -15.932594454862922, 23.700301208125602 ], [ -15.9326072903033, 23.702107495382105 ], [ -15.934568893250441, 23.70209566321703 ], [ -15.934556030822158, 23.700289376970264 ], [ -15.932594454862922, 23.700301208125602 ] ] ] } },
{ "type": "Feature", "properties": { "urban_density": 0.03852519662605848, "temperature_proxy": 26.25041377806938, "grid_id": 210, "population_estimate": 106.3 }, "geometry": { "type": "Polygon", "coordinates": [ [ [ -15.9326072903033, 23.702107495382105 ], [ -15.932620127018755, 23.703913782210641 ], [ -15.934581756956479, 23.703901949035821 ], [ -15.934568893250441, 23.70209566321703 ], [ -15.9326072903033, 23.702107495382105 ] ] ] } },
{ "type": "Feature", "properties": { "urban_density": 0.04758207195848848, "temperature_proxy": 26.309283467730175, "grid_id": 211, "population_estimate": 150.3 }, "geometry": { "type": "Polygon", "coordinates": [ [ [ -15.930594459905073, 23.694894147070052 ], [ -15.930607264540759, 23.696700436617775 ], [ -15.932568787807071, 23.696688632328872 ], [ -15.932555956191447, 23.694882343788674 ], [ -15.930594459905073, 23.694894147070052 ] ] ] } },
{ "type": "Feature", "properties": { "urban_density": 0.22853242488936376, "temperature_proxy": 27.485460761780864, "grid_id": 212, "population_estimate": 752.1 }, "geometry": { "type": "Polygon", "coordinates": [ [ [ -15.930607264540759, 23.696700436617775 ], [ -15.930620070448606, 23.698506725737666 ], [ -15.932581620697539, 23.698494920441192 ], [ -15.932568787807071, 23.696688632328872 ], [ -15.930607264540759, 23.696700436617775 ] ] ] } },
{ "type": "Feature", "properties": { "urban_density": 0.2524466481365481, "temperature_proxy": 27.640903212887562, "grid_id": 213, "population_estimate": 647.5 }, "geometry": { "type": "Polygon", "coordinates": [ [ [ -15.930620070448606, 23.698506725737666 ], [ -15.930632877628687, 23.700313014429664 ], [ -15.932594454862922, 23.700301208125602 ], [ -15.932581620697539, 23.698494920441192 ], [ -15.930620070448606, 23.698506725737666 ] ] ] } },
{ "type": "Feature", "properties": { "urban_density": 0.39917948642021478, "temperature_proxy": 28.594666661731395, "grid_id": 214, "population_estimate": 1407.2 }, "geometry": { "type": "Polygon", "coordinates": [ [ [ -15.930632877628687, 23.700313014429664 ], [ -15.930645686081087, 23.702119302693781 ], [ -15.9326072903033, 23.702107495382105 ], [ -15.932594454862922, 23.700301208125602 ], [ -15.930632877628687, 23.700313014429664 ] ] ] } },
{ "type": "Feature", "properties": { "urban_density": 0.034157796926948036, "temperature_proxy": 26.222025680025162, "grid_id": 215, "population_estimate": 86.4 }, "geometry": { "type": "Polygon", "coordinates": [ [ [ -15.930645686081087, 23.702119302693781 ], [ -15.930658495805879, 23.70392559052997 ], [ -15.932620127018755, 23.703913782210641 ], [ -15.9326072903033, 23.702107495382105 ], [ -15.930645686081087, 23.702119302693781 ] ] ] } },
{ "type": "Feature", "properties": { "urban_density": 0.054932348898337216, "temperature_proxy": 26.357060267839191, "grid_id": 216, "population_estimate": 137.9 }, "geometry": { "type": "Polygon", "coordinates": [ [ [ -15.93085079441761, 23.731019856705192 ], [ -15.930863624511238, 23.732826137691227 ], [ -15.93282568793939, 23.732814313245974 ], [ -15.932812830812189, 23.731008033268012 ], [ -15.93085079441761, 23.731019856705192 ] ] ] } },
{ "type": "Feature", "properties": { "urban_density": 0.014649232932674642, "temperature_proxy": 26.095220014062384, "grid_id": 217, "population_estimate": 36.8 }, "geometry": { "type": "Polygon", "coordinates": [ [ [ -15.930863624511238, 23.732826137691227 ], [ -15.930876455878579, 23.734632418248932 ], [ -15.932838546342985, 23.734620592795576 ], [ -15.93282568793939, 23.732814313245974 ], [ -15.930863624511238, 23.732826137691227 ] ] ] } },
{ "type": "Feature", "properties": { "urban_density": 0.21126761626973758, "temperature_proxy": 27.373239505753293, "grid_id": 218, "population_estimate": 289.8 }, "geometry": { "type": "Polygon", "coordinates": [ [ [ -15.928658518927435, 23.698518506184914 ], [ -15.928671299122138, 23.700324795882381 ], [ -15.930632877628687, 23.700313014429664 ], [ -15.930620070448606, 23.698506725737666 ], [ -15.928658518927435, 23.698518506184914 ] ] ] } },
{ "type": "Feature", "properties": { "urban_density": 0.16730820103451619, "temperature_proxy": 27.087503306724354, "grid_id": 219, "population_estimate": 558.9 }, "geometry": { "type": "Polygon", "coordinates": [ [ [ -15.928671299122138, 23.700324795882381 ], [ -15.928684080586482, 23.70213108515199 ], [ -15.930645686081087, 23.702119302693781 ], [ -15.930632877628687, 23.700313014429664 ], [ -15.928671299122138, 23.700324795882381 ] ] ] } },
{ "type": "Feature", "properties": { "urban_density": 0.036118456928432657, "temperature_proxy": 26.234769970034812, "grid_id": 220, "population_estimate": 102.0 }, "geometry": { "type": "Polygon", "coordinates": [ [ [ -15.928684080586482, 23.70213108515199 ], [ -15.928696863320534, 23.703937373993703 ], [ -15.930658495805879, 23.70392559052997 ], [ -15.930645686081087, 23.702119302693781 ], [ -15.928684080586482, 23.70213108515199 ] ] ] } },
{ "type": "Feature", "properties": { "urban_density": 0.043770265924248861, "temperature_proxy": 26.284506728507619, "grid_id": 221, "population_estimate": 113.2 }, "geometry": { "type": "Polygon", "coordinates": [ [ [ -15.928696863320534, 23.703937373993703 ], [ -15.928709647324375, 23.705743662407489 ], [ -15.930671306803138, 23.705731877938202 ], [ -15.930658495805879, 23.70392559052997 ], [ -15.928696863320534, 23.703937373993703 ] ] ] } },
{ "type": "Feature", "properties": { "urban_density": 0.11177275082318536, "temperature_proxy": 26.726522880350704, "grid_id": 222, "population_estimate": 280.6 }, "geometry": { "type": "Polygon", "coordinates": [ [ [ -15.928901559809375, 23.73283793724697 ], [ -15.928914364140381, 23.734644218810644 ], [ -15.930876455878579, 23.734632418248932 ], [ -15.930863624511238, 23.732826137691227 ], [ -15.928901559809375, 23.73283793724697 ] ] ] } },
{ "type": "Feature", "properties": { "urban_density": 0.019671844199257688, "temperature_proxy": 26.127866987295175, "grid_id": 223, "population_estimate": 49.4 }, "geometry": { "type": "Polygon", "coordinates": [ [ [ -15.928914364140381, 23.734644218810644 ], [ -15.928927169742494, 23.73645049994597 ], [ -15.930889288519706, 23.736438698378247 ], [ -15.930876455878579, 23.734632418248932 ], [ -15.928914364140381, 23.734644218810644 ] ] ] } },
{ "type": "Feature", "properties": { "urban_density": 0.057869057404811824, "temperature_proxy": 26.376148873131278, "grid_id": 224, "population_estimate": 145.3 }, "geometry": { "type": "Polygon", "coordinates": [ [ [ -15.926696966136708, 23.698530261782878 ], [ -15.926709719345958, 23.700336552483702 ], [ -15.928671299122138, 23.700324795882381 ], [ -15.928658518927435, 23.698518506184914 ], [ -15.926696966136708, 23.698530261782878 ] ] ] } },
{ "type": "Feature", "properties": { "urban_density": 0.071496475989552999, "temperature_proxy": 26.464727093932094, "grid_id": 225, "population_estimate": 110.1 }, "geometry": { "type": "Polygon", "coordinates": [ [ [ -15.926709719345958, 23.700336552483702 ], [ -15.926722473822162, 23.702142842756682 ], [ -15.928684080586482, 23.70213108515199 ], [ -15.928671299122138, 23.700324795882381 ], [ -15.926709719345958, 23.700336552483702 ] ] ] } },
{ "type": "Feature", "properties": { "urban_density": 0.3141355300695059, "temperature_proxy": 28.041880945451787, "grid_id": 226, "population_estimate": 1244.1 }, "geometry": { "type": "Polygon", "coordinates": [ [ [ -15.926722473822162, 23.702142842756682 ], [ -15.926735229565397, 23.703949132601796 ], [ -15.928696863320534, 23.703937373993703 ], [ -15.928684080586482, 23.70213108515199 ], [ -15.926722473822162, 23.702142842756682 ] ] ] } },
{ "type": "Feature", "properties": { "urban_density": 0.24460276571376016, "temperature_proxy": 27.589917977139443, "grid_id": 227, "population_estimate": 754.5 }, "geometry": { "type": "Polygon", "coordinates": [ [ [ -15.926735229565397, 23.703949132601796 ], [ -15.926747986575743, 23.705755422019003 ], [ -15.928709647324375, 23.705743662407489 ], [ -15.928696863320534, 23.703937373993703 ], [ -15.926735229565397, 23.703949132601796 ] ] ] } },
{ "type": "Feature", "properties": { "urban_density": 0.035432445148291976, "temperature_proxy": 26.230310893463898, "grid_id": 228, "population_estimate": 89.4 }, "geometry": { "type": "Polygon", "coordinates": [ [ [ -15.926747986575743, 23.705755422019003 ], [ -15.926760744853272, 23.70756171100831 ], [ -15.928722432598081, 23.707549950393343 ], [ -15.928709647324375, 23.705743662407489 ], [ -15.926747986575743, 23.705755422019003 ] ] ] } },
{ "type": "Feature", "properties": { "urban_density": 0.011819911012316357, "temperature_proxy": 26.076829421580058, "grid_id": 229, "population_estimate": 29.7 }, "geometry": { "type": "Polygon", "coordinates": [ [ [ -15.926760744853272, 23.70756171100831 ], [ -15.926773504398065, 23.709367999569672 ], [ -15.928735219141734, 23.709356237951219 ], [ -15.928722432598081, 23.707549950393343 ], [ -15.926760744853272, 23.70756171100831 ] ] ] } },
{ "type": "Feature", "properties": { "urban_density": 0.025968324336102022, "temperature_proxy": 26.168794108184663, "grid_id": 230, "population_estimate": 65.2 }, "geometry": { "type": "Polygon", "coordinates": [ [ [ -15.926786265210199, 23.711174287703052 ], [ -15.926799027289752, 23.712980575408455 ], [ -15.92876079603918, 23.712968811782957 ], [ -15.928748006955409, 23.7111625250811 ], [ -15.926786265210199, 23.711174287703052 ] ] ] } },
{ "type": "Feature", "properties": { "urban_density": 0.058221921117052475, "temperature_proxy": 26.378442487260841, "grid_id": 231, "population_estimate": 146.2 }, "geometry": { "type": "Polygon", "coordinates": [ [ [ -15.926799027289752, 23.712980575408455 ], [ -15.926811790636796, 23.714786862685838 ], [ -15.928773586393129, 23.714775098056784 ], [ -15.92876079603918, 23.712968811782957 ], [ -15.926799027289752, 23.712980575408455 ] ] ] } },
{ "type": "Feature", "properties": { "urban_density": 0.13559159702851031, "temperature_proxy": 26.881345380685318, "grid_id": 232, "population_estimate": 340.4 }, "geometry": { "type": "Polygon", "coordinates": [ [ [ -15.924748138302821, 23.700348284233542 ], [ -15.924760865790812, 23.702154575507777 ], [ -15.926722473822162, 23.702142842756682 ], [ -15.926709719345958, 23.700336552483702 ], [ -15.924748138302821, 23.700348284233542 ] ] ] } },
{ "type": "Feature", "properties": { "urban_density": 0.24990785499025783, "temperature_proxy": 27.624401057436675, "grid_id": 233, "population_estimate": 846.6 }, "geometry": { "type": "Polygon", "coordinates": [ [ [ -15.924760865790812, 23.702154575507777 ], [ -15.924773594543154, 23.703960866354169 ], [ -15.926735229565397, 23.703949132601796 ], [ -15.926722473822162, 23.702142842756682 ], [ -15.924760865790812, 23.702154575507777 ] ] ] } },
{ "type": "Feature", "properties": { "urban_density": 0.21660383662610247, "temperature_proxy": 27.407924938069666, "grid_id": 234, "population_estimate": 679.7 }, "geometry": { "type": "Polygon", "coordinates": [ [ [ -15.924773594543154, 23.703960866354169 ], [ -15.924786324559923, 23.705767156772687 ], [ -15.926747986575743, 23.705755422019003 ], [ -15.926735229565397, 23.703949132601796 ], [ -15.924773594543154, 23.703960866354169 ] ] ] } },
{ "type": "Feature", "properties": { "urban_density": 0.12772826542331175, "temperature_proxy": 26.830233725251528, "grid_id": 235, "population_estimate": 322.3 }, "geometry": { "type": "Polygon", "coordinates": [ [ [ -15.924786324559923, 23.705767156772687 ], [ -15.9247990558412, 23.707573446763323 ], [ -15.926760744853272, 23.70756171100831 ], [ -15.926747986575743, 23.705755422019003 ], [ -15.924786324559923, 23.705767156772687 ] ] ] } },
{ "type": "Feature", "properties": { "urban_density": 0.23026772329813344, "temperature_proxy": 27.496740201437866, "grid_id": 236, "population_estimate": 721.3 }, "geometry": { "type": "Polygon", "coordinates": [ [ [ -15.9247990558412, 23.707573446763323 ], [ -15.924811788387057, 23.709379736326046 ], [ -15.926773504398065, 23.709367999569672 ], [ -15.926760744853272, 23.70756171100831 ], [ -15.9247990558412, 23.707573446763323 ] ] ] } },
{ "type": "Feature", "properties": { "urban_density": 0.10730095689414895, "temperature_proxy": 26.697456219811968, "grid_id": 237, "population_estimate": 256.4 }, "geometry": { "type": "Polygon", "coordinates": [ [ [ -15.924811788387057, 23.709379736326046 ], [ -15.924824522197573, 23.711186025460819 ], [ -15.926786265210199, 23.711174287703052 ], [ -15.926773504398065, 23.709367999569672 ], [ -15.924811788387057, 23.709379736326046 ] ] ] } },
{ "type": "Feature", "properties": { "urban_density": 0.093548449097712691, "temperature_proxy": 26.608064919135131, "grid_id": 238, "population_estimate": 134.7 }, "geometry": { "type": "Polygon", "coordinates": [ [ [ -15.924824522197573, 23.711186025460819 ], [ -15.924837257272825, 23.712992314167629 ], [ -15.926799027289752, 23.712980575408455 ], [ -15.926786265210199, 23.711174287703052 ], [ -15.924824522197573, 23.711186025460819 ] ] ] } },
{ "type": "Feature", "properties": { "urban_density": 0.077632096336082743, "temperature_proxy": 26.504608626184538, "grid_id": 239, "population_estimate": 214.1 }, "geometry": { "type": "Polygon", "coordinates": [ [ [ -15.922824661279602, 23.705778866668474 ], [ -15.922837365564543, 23.707585157658322 ], [ -15.9247990558412, 23.707573446763323 ], [ -15.924786324559923, 23.705767156772687 ], [ -15.922824661279602, 23.705778866668474 ] ] ] } },
{ "type": "Feature", "properties": { "urban_density": 0.20382704268413043, "temperature_proxy": 27.324875777446849, "grid_id": 240, "population_estimate": 1091.7 }, "geometry": { "type": "Polygon", "coordinates": [ [ [ -15.922837365564543, 23.707585157658322 ], [ -15.922850071111387, 23.709391448220273 ], [ -15.924811788387057, 23.709379736326046 ], [ -15.9247990558412, 23.707573446763323 ], [ -15.922837365564543, 23.707585157658322 ] ] ] } },
{ "type": "Feature", "properties": { "urban_density": 0.088512226758358681, "temperature_proxy": 26.575329473929333, "grid_id": 241, "population_estimate": 331.3 }, "geometry": { "type": "Polygon", "coordinates": [ [ [ -15.922850071111387, 23.709391448220273 ], [ -15.922862777920209, 23.711197738354318 ], [ -15.924824522197573, 23.711186025460819 ], [ -15.924811788387057, 23.709379736326046 ], [ -15.922850071111387, 23.709391448220273 ] ] ] } },
{ "type": "Feature", "properties": { "urban_density": 0.045451988083077086, "temperature_proxy": 26.29543792254, "grid_id": 242, "population_estimate": 114.1 }, "geometry": { "type": "Polygon", "coordinates": [ [ [ -15.922862777920209, 23.711197738354318 ], [ -15.922875485991087, 23.713004028060421 ], [ -15.924837257272825, 23.712992314167629 ], [ -15.924824522197573, 23.711186025460819 ], [ -15.922862777920209, 23.711197738354318 ] ] ] } },
{ "type": "Feature", "properties": { "urban_density": 0.12459090560200295, "temperature_proxy": 26.809840886413021, "grid_id": 243, "population_estimate": 312.8 }, "geometry": { "type": "Polygon", "coordinates": [ [ [ -15.922875485991087, 23.713004028060421 ], [ -15.922888195324093, 23.714810317338568 ], [ -15.92484999361289, 23.714798602446443 ], [ -15.924837257272825, 23.712992314167629 ], [ -15.922875485991087, 23.713004028060421 ] ] ] } },
{ "type": "Feature", "properties": { "urban_density": 0.050081290825404565, "temperature_proxy": 26.325528390365129, "grid_id": 244, "population_estimate": 125.7 }, "geometry": { "type": "Polygon", "coordinates": [ [ [ -15.922888195324093, 23.714810317338568 ], [ -15.922900905919308, 23.716616606188705 ], [ -15.924862731217845, 23.716604890297244 ], [ -15.92484999361289, 23.714798602446443 ], [ -15.922888195324093, 23.714810317338568 ] ] ] } },
{ "type": "Feature", "properties": { "urban_density": 0.020108398335504783, "temperature_proxy": 26.13070458918078, "grid_id": 245, "population_estimate": 50.5 }, "geometry": { "type": "Polygon", "coordinates": [ [ [ -15.922900905919308, 23.716616606188705 ], [ -15.92291361777681, 23.718422894610839 ], [ -15.924875470087766, 23.718411177720011 ], [ -15.924862731217845, 23.716604890297244 ], [ -15.922900905919308, 23.716616606188705 ] ] ] } },
{ "type": "Feature", "properties": { "urban_density": 0.019480563422951711, "temperature_proxy": 26.126623662249187, "grid_id": 246, "population_estimate": 21.6 }, "geometry": { "type": "Polygon", "coordinates": [ [ [ -15.92325731535489, 23.767192520127583 ], [ -15.923270062587687, 23.768998796555152 ], [ -15.925232672335978, 23.768987051671029 ], [ -15.9252198980156, 23.767180776243578 ], [ -15.92325731535489, 23.767192520127583 ] ] ] } },
{ "type": "Feature", "properties": { "urban_density": 0.020497385815354027, "temperature_proxy": 26.133233007799802, "grid_id": 247, "population_estimate": 51.5 }, "geometry": { "type": "Polygon", "coordinates": [ [ [ -15.920888352573744, 23.709403135252312 ], [ -15.92090103238079, 23.711209426383494 ], [ -15.922862777920209, 23.711197738354318 ], [ -15.922850071111387, 23.709391448220273 ], [ -15.920888352573744, 23.709403135252312 ] ] ] } },
{ "type": "Feature", "properties": { "urban_density": 0.089119286602828668, "temperature_proxy": 26.579275362918388, "grid_id": 248, "population_estimate": 223.7 }, "geometry": { "type": "Polygon", "coordinates": [ [ [ -15.92090103238079, 23.711209426383494 ], [ -15.920913713447213, 23.713015717086769 ], [ -15.922875485991087, 23.713004028060421 ], [ -15.922862777920209, 23.711197738354318 ], [ -15.92090103238079, 23.711209426383494 ] ] ] } },
{ "type": "Feature", "properties": { "urban_density": 0.089953367219596556, "temperature_proxy": 26.584696886927379, "grid_id": 249, "population_estimate": 225.8 }, "geometry": { "type": "Polygon", "coordinates": [ [ [ -15.920913713447213, 23.713015717086769 ], [ -15.920926395773089, 23.714822007362109 ], [ -15.922888195324093, 23.714810317338568 ], [ -15.922875485991087, 23.713004028060421 ], [ -15.920913713447213, 23.713015717086769 ] ] ] } },
{ "type": "Feature", "properties": { "urban_density": 0.068030645905837031, "temperature_proxy": 26.442199198387939, "grid_id": 250, "population_estimate": 170.8 }, "geometry": { "type": "Polygon", "coordinates": [ [ [ -15.920926395773089, 23.714822007362109 ], [ -15.920939079358487, 23.716628297209482 ], [ -15.922900905919308, 23.716616606188705 ], [ -15.922888195324093, 23.714810317338568 ], [ -15.920926395773089, 23.714822007362109 ] ] ] } },
{ "type": "Feature", "properties": { "urban_density": 0.035222757978432183, "temperature_proxy": 26.22894792685981, "grid_id": 251, "population_estimate": 88.4 }, "geometry": { "type": "Polygon", "coordinates": [ [ [ -15.920939079358487, 23.716628297209482 ], [ -15.920951764203489, 23.718434586628863 ], [ -15.92291361777681, 23.718422894610839 ], [ -15.922900905919308, 23.716616606188705 ], [ -15.920939079358487, 23.716628297209482 ] ] ] } },
{ "type": "Feature", "properties": { "urban_density": 0.048397647730529965, "temperature_proxy": 26.314584710248443, "grid_id": 252, "population_estimate": 121.5 }, "geometry": { "type": "Polygon", "coordinates": [ [ [ -15.920951764203489, 23.718434586628863 ], [ -15.920964450308174, 23.720240875620235 ], [ -15.922926330896676, 23.720229182604935 ], [ -15.92291361777681, 23.718422894610839 ], [ -15.920951764203489, 23.718434586628863 ] ] ] } },
{ "type": "Feature", "properties": { "urban_density": 0.047887514935099559, "temperature_proxy": 26.311268847078146, "grid_id": 253, "population_estimate": 120.2 }, "geometry": { "type": "Polygon", "coordinates": [ [ [ -15.920964450308174, 23.720240875620235 ], [ -15.920977137672613, 23.722047164183561 ], [ -15.922939045278978, 23.722035470170958 ], [ -15.922926330896676, 23.720229182604935 ], [ -15.920964450308174, 23.720240875620235 ] ] ] } },
{ "type": "Feature", "properties": { "urban_density": 0.11915092155886056, "temperature_proxy": 26.774480990132595, "grid_id": 254, "population_estimate": 411.1 }, "geometry": { "type": "Polygon", "coordinates": [ [ [ -15.921015207325251, 23.727466027305091 ], [ -15.921027899729488, 23.72927231415602 ], [ -15.92298991543413, 23.729260616153937 ], [ -15.9229771960013, 23.727454330300414 ], [ -15.921015207325251, 23.727466027305091 ] ] ] } },
{ "type": "Feature", "properties": { "urban_density": 0.051848247231538719, "temperature_proxy": 26.337013607005002, "grid_id": 255, "population_estimate": 140.3 }, "geometry": { "type": "Polygon", "coordinates": [ [ [ -15.921027899729488, 23.72927231415602 ], [ -15.921040593393869, 23.731078600578797 ], [ -15.923002636129786, 23.731066901579265 ], [ -15.92298991543413, 23.729260616153937 ], [ -15.921027899729488, 23.72927231415602 ] ] ] } },
{ "type": "Feature", "properties": { "urban_density": 0.027255804818998627, "temperature_proxy": 26.177162731323492, "grid_id": 256, "population_estimate": 68.4 }, "geometry": { "type": "Polygon", "coordinates": [ [ [ -15.921205725738712, 23.754560285100585 ], [ -15.921218437053154, 23.756366565526456 ], [ -15.923180858508767, 23.756354852559994 ], [ -15.923168120125464, 23.754548573131935 ], [ -15.921205725738712, 23.754560285100585 ] ] ] } },
{ "type": "Feature", "properties": { "urban_density": 0.027258925272167271, "temperature_proxy": 26.177183014269087, "grid_id": 257, "population_estimate": 68.4 }, "geometry": { "type": "Polygon", "coordinates": [ [ [ -15.921218437053154, 23.756366565526456 ], [ -15.921231149628897, 23.75817284552377 ], [ -15.923193598156049, 23.758161131559483 ], [ -15.923180858508767, 23.756354852559994 ], [ -15.921218437053154, 23.756366565526456 ] ] ] } },
{ "type": "Feature", "properties": { "urban_density": 0.016563458528882372, "temperature_proxy": 26.107662480437735, "grid_id": 258, "population_estimate": 41.6 }, "geometry": { "type": "Polygon", "coordinates": [ [ [ -15.921282012546358, 23.765397961227208 ], [ -15.921294731429734, 23.767204239081469 ], [ -15.92325731535489, 23.767192520127583 ], [ -15.92324456938654, 23.765386243271287 ], [ -15.921282012546358, 23.765397961227208 ] ] ] } },
{ "type": "Feature", "properties": { "urban_density": 0.016860074895427072, "temperature_proxy": 26.109590486820277, "grid_id": 259, "population_estimate": 42.3 }, "geometry": { "type": "Polygon", "coordinates": [ [ [ -15.918939285582001, 23.711221089548289 ], [ -15.918951939643895, 23.713027381246611 ], [ -15.920913713447213, 23.713015717086769 ], [ -15.92090103238079, 23.711209426383494 ], [ -15.918939285582001, 23.711221089548289 ] ] ] } },
{ "type": "Feature", "properties": { "urban_density": 0.02227765744596661, "temperature_proxy": 26.144804773398782, "grid_id": 260, "population_estimate": 55.9 }, "geometry": { "type": "Polygon", "coordinates": [ [ [ -15.918951939643895, 23.713027381246611 ], [ -15.918964594962553, 23.714833672517024 ], [ -15.920926395773089, 23.714822007362109 ], [ -15.920913713447213, 23.713015717086769 ], [ -15.918951939643895, 23.713027381246611 ] ] ] } },
{ "type": "Feature", "properties": { "urban_density": 0.015612815352934293, "temperature_proxy": 26.101483299794072, "grid_id": 261, "population_estimate": 39.2 }, "geometry": { "type": "Polygon", "coordinates": [ [ [ -15.91897725153806, 23.716639963359494 ], [ -15.918989909370488, 23.718446253774015 ], [ -15.920951764203489, 23.718434586628863 ], [ -15.920939079358487, 23.716628297209482 ], [ -15.91897725153806, 23.716639963359494 ] ] ] } },
{ "type": "Feature", "properties": { "urban_density": 0.090437999868900054, "temperature_proxy": 26.58784699914785, "grid_id": 262, "population_estimate": 227.0 }, "geometry": { "type": "Polygon", "coordinates": [ [ [ -15.918989909370488, 23.718446253774015 ], [ -15.919002568459915, 23.720252543760541 ], [ -15.920964450308174, 23.720240875620235 ], [ -15.920951764203489, 23.718434586628863 ], [ -15.918989909370488, 23.718446253774015 ] ] ] } },
{ "type": "Feature", "properties": { "urban_density": 0.056262249502893005, "temperature_proxy": 26.365704621768806, "grid_id": 263, "population_estimate": 141.2 }, "geometry": { "type": "Polygon", "coordinates": [ [ [ -15.919002568459915, 23.720252543760541 ], [ -15.919015228806417, 23.722058833319061 ], [ -15.920977137672613, 23.722047164183561 ], [ -15.920964450308174, 23.720240875620235 ], [ -15.919002568459915, 23.720252543760541 ] ] ] } },
{ "type": "Feature", "properties": { "urban_density": 0.011333020874709658, "temperature_proxy": 26.073664635685613, "grid_id": 264, "population_estimate": 28.5 }, "geometry": { "type": "Polygon", "coordinates": [ [ [ -15.919015228806417, 23.722058833319061 ], [ -15.919027890410067, 23.723865122449542 ], [ -15.920989826296889, 23.723853452318846 ], [ -15.920977137672613, 23.722047164183561 ], [ -15.919015228806417, 23.722058833319061 ] ] ] } },
{ "type": "Feature", "properties": { "urban_density": 0.024686168310254129, "temperature_proxy": 26.160460094016653, "grid_id": 265, "population_estimate": 62.0 }, "geometry": { "type": "Polygon", "coordinates": [ [ [ -15.919027890410067, 23.723865122449542 ], [ -15.919040553270952, 23.725671411151964 ], [ -15.921002516181074, 23.725659740026025 ], [ -15.920989826296889, 23.723853452318846 ], [ -15.919027890410067, 23.723865122449542 ] ] ] } },
{ "type": "Feature", "properties": { "urban_density": 0.024589439888204896, "temperature_proxy": 26.159831359273333, "grid_id": 266, "population_estimate": 61.7 }, "geometry": { "type": "Polygon", "coordinates": [ [ [ -15.919040553270952, 23.725671411151964 ], [ -15.919053217389136, 23.727477699426295 ], [ -15.921015207325251, 23.727466027305091 ], [ -15.921002516181074, 23.725659740026025 ], [ -15.919040553270952, 23.725671411151964 ] ] ] } },
{ "type": "Feature", "properties": { "urban_density": 0.17422664376807312, "temperature_proxy": 27.132473184492476, "grid_id": 267, "population_estimate": 498.8 }, "geometry": { "type": "Polygon", "coordinates": [ [ [ -15.919053217389136, 23.727477699426295 ], [ -15.919065882764706, 23.729283987272506 ], [ -15.921027899729488, 23.72927231415602 ], [ -15.921015207325251, 23.727466027305091 ], [ -15.919053217389136, 23.727477699426295 ] ] ] } },
{ "type": "Feature", "properties": { "urban_density": 0.29373746105097587, "temperature_proxy": 27.909293496831342, "grid_id": 268, "population_estimate": 1003.5 }, "geometry": { "type": "Polygon", "coordinates": [ [ [ -15.919065882764706, 23.729283987272506 ], [ -15.919078549397732, 23.731090274690601 ], [ -15.921040593393869, 23.731078600578797 ], [ -15.921027899729488, 23.72927231415602 ], [ -15.919065882764706, 23.729283987272506 ] ] ] } },
{ "type": "Feature", "properties": { "urban_density": 0.23703254347096686, "temperature_proxy": 27.540711532561286, "grid_id": 269, "population_estimate": 798.0 }, "geometry": { "type": "Polygon", "coordinates": [ [ [ -15.919078549397732, 23.731090274690601 ], [ -15.919091217288294, 23.732896561680519 ], [ -15.921053288318467, 23.732884886573377 ], [ -15.921040593393869, 23.731078600578797 ], [ -15.919078549397732, 23.731090274690601 ] ] ] } },
{ "type": "Feature", "properties": { "urban_density": 0.089368719957581971, "temperature_proxy": 26.580896679724283, "grid_id": 270, "population_estimate": 295.0 }, "geometry": { "type": "Polygon", "coordinates": [ [ [ -15.919091217288294, 23.732896561680519 ], [ -15.919103886436469, 23.734702848242261 ], [ -15.921065984503365, 23.734691172139744 ], [ -15.921053288318467, 23.732884886573377 ], [ -15.919091217288294, 23.732896561680519 ] ] ] } },
{ "type": "Feature", "properties": { "urban_density": 0.011999721353059448, "temperature_proxy": 26.077998188794886, "grid_id": 271, "population_estimate": 30.1 }, "geometry": { "type": "Polygon", "coordinates": [ [ [ -15.919281386603176, 23.759990815133026 ], [ -15.919294074624746, 23.761797095268982 ], [ -15.921256578564568, 23.761785404232722 ], [ -15.921243863466009, 23.759979125092535 ], [ -15.919281386603176, 23.759990815133026 ] ] ] } },
{ "type": "Feature", "properties": { "urban_density": 0.019988884842009832, "temperature_proxy": 26.129927751473065, "grid_id": 272, "population_estimate": 50.2 }, "geometry": { "type": "Polygon", "coordinates": [ [ [ -15.919294074624746, 23.761797095268982 ], [ -15.919306763905158, 23.763603374976338 ], [ -15.921269294924663, 23.763591682944277 ], [ -15.921256578564568, 23.761785404232722 ], [ -15.919294074624746, 23.761797095268982 ] ] ] } },
{ "type": "Feature", "properties": { "urban_density": 0.012706837663665607, "temperature_proxy": 26.082594444813825, "grid_id": 273, "population_estimate": 31.9 }, "geometry": { "type": "Polygon", "coordinates": [ [ [ -15.919332146242818, 23.767215933105199 ], [ -15.919344839300217, 23.769022211526647 ], [ -15.921307451574869, 23.769010516507048 ], [ -15.921294731429734, 23.767204239081469 ], [ -15.919332146242818, 23.767215933105199 ] ] ] } },
{ "type": "Feature", "properties": { "urban_density": 0.019008977840601567, "temperature_proxy": 26.123558355963912, "grid_id": 274, "population_estimate": 47.7 }, "geometry": { "type": "Polygon", "coordinates": [ [ [ -15.919344839300217, 23.769022211526647 ], [ -15.919357533616765, 23.770828489519406 ], [ -15.921320172981838, 23.770816793503908 ], [ -15.921307451574869, 23.769010516507048 ], [ -15.919344839300217, 23.769022211526647 ] ] ] } },
{ "type": "Feature", "properties": { "urban_density": 0.020845271004735655, "temperature_proxy": 26.135494261530781, "grid_id": 275, "population_estimate": 52.3 }, "geometry": { "type": "Polygon", "coordinates": [ [ [ -15.91702805328049, 23.718457896046225 ], [ -15.91704068535458, 23.720264187025791 ], [ -15.919002568459915, 23.720252543760541 ], [ -15.918989909370488, 23.718446253774015 ], [ -15.91702805328049, 23.718457896046225 ] ] ] } },
{ "type": "Feature", "properties": { "urban_density": 0.031528253202197654, "temperature_proxy": 26.204933645814286, "grid_id": 276, "population_estimate": 79.2 }, "geometry": { "type": "Polygon", "coordinates": [ [ [ -15.91704068535458, 23.720264187025791 ], [ -15.917053318683065, 23.722070477577368 ], [ -15.919015228806417, 23.722058833319061 ], [ -15.919002568459915, 23.720252543760541 ], [ -15.91704068535458, 23.720264187025791 ] ] ] } },
{ "type": "Feature", "properties": { "urban_density": 0.058813331628586846, "temperature_proxy": 26.382286655585816, "grid_id": 277, "population_estimate": 147.7 }, "geometry": { "type": "Polygon", "coordinates": [ [ [ -15.917053318683065, 23.722070477577368 ], [ -15.917065953266022, 23.723876767700936 ], [ -15.919027890410067, 23.723865122449542 ], [ -15.919015228806417, 23.722058833319061 ], [ -15.917053318683065, 23.722070477577368 ] ] ] } },
{ "type": "Feature", "properties": { "urban_density": 0.060911330718751676, "temperature_proxy": 26.395923649671886, "grid_id": 278, "population_estimate": 152.9 }, "geometry": { "type": "Polygon", "coordinates": [ [ [ -15.917065953266022, 23.723876767700936 ], [ -15.917078589103518, 23.725683057396473 ], [ -15.919040553270952, 23.725671411151964 ], [ -15.919027890410067, 23.723865122449542 ], [ -15.917065953266022, 23.723876767700936 ] ] ] } },
{ "type": "Feature", "properties": { "urban_density": 0.084436213967937448, "temperature_proxy": 26.548835390791595, "grid_id": 279, "population_estimate": 212.0 }, "geometry": { "type": "Polygon", "coordinates": [ [ [ -15.917078589103518, 23.725683057396473 ], [ -15.917091226195643, 23.72748934666394 ], [ -15.919053217389136, 23.727477699426295 ], [ -15.919040553270952, 23.725671411151964 ], [ -15.917078589103518, 23.725683057396473 ] ] ] } },
{ "type": "Feature", "properties": { "urban_density": 0.03268239135342562, "temperature_proxy": 26.212435543797266, "grid_id": 280, "population_estimate": 82.1 }, "geometry": { "type": "Polygon", "coordinates": [ [ [ -15.917091226195643, 23.72748934666394 ], [ -15.917103864542462, 23.72929563550333 ], [ -15.919065882764706, 23.729283987272506 ], [ -15.919053217389136, 23.727477699426295 ], [ -15.917091226195643, 23.72748934666394 ] ] ] } },
{ "type": "Feature", "properties": { "urban_density": 0.06177551771589631, "temperature_proxy": 26.401540865153326, "grid_id": 281, "population_estimate": 197.8 }, "geometry": { "type": "Polygon", "coordinates": [ [ [ -15.917103864542462, 23.72929563550333 ], [ -15.91711650414406, 23.731101923914622 ], [ -15.919078549397732, 23.731090274690601 ], [ -15.919065882764706, 23.729283987272506 ], [ -15.917103864542462, 23.72929563550333 ] ] ] } },
{ "type": "Feature", "properties": { "urban_density": 0.18547748906075698, "temperature_proxy": 27.205603678894921, "grid_id": 282, "population_estimate": 634.6 }, "geometry": { "type": "Polygon", "coordinates": [ [ [ -15.91711650414406, 23.731101923914622 ], [ -15.917129145000507, 23.732908211897769 ], [ -15.919091217288294, 23.732896561680519 ], [ -15.919078549397732, 23.731090274690601 ], [ -15.91711650414406, 23.731101923914622 ] ] ] } },
{ "type": "Feature", "properties": { "urban_density": 0.41780718492521873, "temperature_proxy": 28.715746702013924, "grid_id": 283, "population_estimate": 2148.0 }, "geometry": { "type": "Polygon", "coordinates": [ [ [ -15.917129145000507, 23.732908211897769 ], [ -15.917141787111884, 23.734714499452743 ], [ -15.919103886436469, 23.734702848242261 ], [ -15.919091217288294, 23.732896561680519 ], [ -15.917129145000507, 23.732908211897769 ] ] ] } },
{ "type": "Feature", "properties": { "urban_density": 0.38013872219950728, "temperature_proxy": 28.470901694296799, "grid_id": 284, "population_estimate": 1503.1 }, "geometry": { "type": "Polygon", "coordinates": [ [ [ -15.917141787111884, 23.734714499452743 ], [ -15.917154430478266, 23.73652078657954 ], [ -15.919116556842331, 23.736509134375787 ], [ -15.919103886436469, 23.734702848242261 ], [ -15.917141787111884, 23.734714499452743 ] ] ] } },
{ "type": "Feature", "properties": { "urban_density": 0.07465439011564301, "temperature_proxy": 26.485253535751678, "grid_id": 285, "population_estimate": 111.2 }, "geometry": { "type": "Polygon", "coordinates": [ [ [ -15.917154430478266, 23.73652078657954 ], [ -15.91716707509973, 23.738327073278125 ], [ -15.919129228505959, 23.738315420081072 ], [ -15.919116556842331, 23.736509134375787 ], [ -15.917154430478266, 23.73652078657954 ] ] ] } },
{ "type": "Feature", "properties": { "urban_density": 0.020679973196054652, "temperature_proxy": 26.134419825774355, "grid_id": 286, "population_estimate": 51.9 }, "geometry": { "type": "Polygon", "coordinates": [ [ [ -15.91733156942608, 23.761808761381356 ], [ -15.917344231626741, 23.763615042082396 ], [ -15.919306763905158, 23.763603374976338 ], [ -15.919294074624746, 23.761797095268982 ], [ -15.91733156942608, 23.761808761381356 ] ] ] } },
{ "type": "Feature", "properties": { "urban_density": 0.019191996294729063, "temperature_proxy": 26.124747975915739, "grid_id": 287, "population_estimate": 48.2 }, "geometry": { "type": "Polygon", "coordinates": [ [ [ -15.915116623681465, 23.725694678759503 ], [ -15.915129233747447, 23.727500969017992 ], [ -15.917091226195643, 23.72748934666394 ], [ -15.917078589103518, 23.725683057396473 ], [ -15.915116623681465, 23.725694678759503 ] ] ] } },
{ "type": "Feature", "properties": { "urban_density": 0.022513085217034445, "temperature_proxy": 26.146335053910725, "grid_id": 288, "population_estimate": 56.5 }, "geometry": { "type": "Polygon", "coordinates": [ [ [ -15.915129233747447, 23.727500969017992 ], [ -15.915141845065447, 23.729307258848426 ], [ -15.917103864542462, 23.72929563550333 ], [ -15.917091226195643, 23.72748934666394 ], [ -15.915129233747447, 23.727500969017992 ] ] ] } },
{ "type": "Feature", "properties": { "urban_density": 0.032037376691416174, "temperature_proxy": 26.208242948494206, "grid_id": 289, "population_estimate": 80.4 }, "geometry": { "type": "Polygon", "coordinates": [ [ [ -15.915141845065447, 23.729307258848426 ], [ -15.915154457635536, 23.731113548250786 ], [ -15.91711650414406, 23.731101923914622 ], [ -15.917103864542462, 23.72929563550333 ], [ -15.915141845065447, 23.729307258848426 ] ] ] } },
{ "type": "Feature", "properties": { "urban_density": 0.057500865305747731, "temperature_proxy": 26.373755624487359, "grid_id": 290, "population_estimate": 144.4 }, "geometry": { "type": "Polygon", "coordinates": [ [ [ -15.915154457635536, 23.731113548250786 ], [ -15.915167071457793, 23.732919837225019 ], [ -15.917129145000507, 23.732908211897769 ], [ -15.91711650414406, 23.731101923914622 ], [ -15.915154457635536, 23.731113548250786 ] ] ] } },
{ "type": "Feature", "properties": { "urban_density": 0.20737847058020667, "temperature_proxy": 27.347960058771342, "grid_id": 291, "population_estimate": 538.9 }, "geometry": { "type": "Polygon", "coordinates": [ [ [ -15.915167071457793, 23.732919837225019 ], [ -15.915179686532296, 23.734726125771136 ], [ -15.917141787111884, 23.734714499452743 ], [ -15.917129145000507, 23.732908211897769 ], [ -15.915167071457793, 23.732919837225019 ] ] ] } },
{ "type": "Feature", "properties": { "urban_density": 0.26888362153721318, "temperature_proxy": 27.747743539991887, "grid_id": 292, "population_estimate": 1173.3 }, "geometry": { "type": "Polygon", "coordinates": [ [ [ -15.915179686532296, 23.734726125771136 ], [ -15.91519230285912, 23.736532413889091 ], [ -15.917154430478266, 23.73652078657954 ], [ -15.917141787111884, 23.734714499452743 ], [ -15.915179686532296, 23.734726125771136 ] ] ] } },
{ "type": "Feature", "properties": { "urban_density": 0.044160269997601247, "temperature_proxy": 26.287041754984408, "grid_id": 293, "population_estimate": 110.1 }, "geometry": { "type": "Polygon", "coordinates": [ [ [ -15.91519230285912, 23.736532413889091 ], [ -15.915204920438343, 23.738338701578851 ], [ -15.91716707509973, 23.738327073278125 ], [ -15.917154430478266, 23.73652078657954 ], [ -15.91519230285912, 23.736532413889091 ] ] ] } },
{ "type": "Feature", "properties": { "urban_density": 0.017884407767546007, "temperature_proxy": 26.116248650489048, "grid_id": 294, "population_estimate": 44.9 }, "geometry": { "type": "Polygon", "coordinates": [ [ [ -15.91319240987484, 23.731125147699021 ], [ -15.913204996662833, 23.732931437662238 ], [ -15.915167071457793, 23.732919837225019 ], [ -15.915154457635536, 23.731113548250786 ], [ -15.91319240987484, 23.731125147699021 ] ] ] } },
{ "type": "Feature", "properties": { "urban_density": 0.065983994980816627, "temperature_proxy": 26.428895967375308, "grid_id": 295, "population_estimate": 165.7 }, "geometry": { "type": "Polygon", "coordinates": [ [ [ -15.913204996662833, 23.732931437662238 ], [ -15.913217584700387, 23.734737727197366 ], [ -15.915179686532296, 23.734726125771136 ], [ -15.915167071457793, 23.732919837225019 ], [ -15.913204996662833, 23.732931437662238 ] ] ] } },
{ "type": "Feature", "properties": { "urban_density": 0.070507047629362177, "temperature_proxy": 26.458295809590854, "grid_id": 296, "population_estimate": 177.0 }, "geometry": { "type": "Polygon", "coordinates": [ [ [ -15.913217584700387, 23.734737727197366 ], [ -15.913230173987575, 23.736544016304343 ], [ -15.91519230285912, 23.736532413889091 ], [ -15.915179686532296, 23.734726125771136 ], [ -15.913217584700387, 23.734737727197366 ] ] ] } },
{ "type": "Feature", "properties": { "urban_density": 0.015297767381098393, "temperature_proxy": 26.099435487977139, "grid_id": 297, "population_estimate": 38.4 }, "geometry": { "type": "Polygon", "coordinates": [ [ [ -15.913230173987575, 23.736544016304343 ], [ -15.913242764524481, 23.738350304983172 ], [ -15.915204920438343, 23.738338701578851 ], [ -15.91519230285912, 23.736532413889091 ], [ -15.913230173987575, 23.736544016304343 ] ] ] } },
{ "type": "Feature", "properties": { "urban_density": 0.033385607753932331, "temperature_proxy": 26.217006450400561, "grid_id": 298, "population_estimate": 83.8 }, "geometry": { "type": "Polygon", "coordinates": [ [ [ -15.913583181691896, 23.787119937377025 ], [ -15.913595807251809, 23.78892621405733 ], [ -15.915558721440847, 23.788914582948667 ], [ -15.915546068763403, 23.787108307258155 ], [ -15.913583181691896, 23.787119937377025 ] ] ] } },
{ "type": "Feature", "properties": { "urban_density": 0.012907961003045889, "temperature_proxy": 26.0839017465198, "grid_id": 299, "population_estimate": 32.4 }, "geometry": { "type": "Polygon", "coordinates": [ [ [ -15.913646322011532, 23.796151316489489 ], [ -15.913658953831863, 23.797957591025146 ], [ -15.915622003648885, 23.797945954967087 ], [ -15.915609344697579, 23.796139681421359 ], [ -15.913646322011532, 23.796151316489489 ] ] ] } },
{ "type": "Feature", "properties": { "urban_density": 0.02020977476810026, "temperature_proxy": 26.131363535992651, "grid_id": 300, "population_estimate": 50.7 }, "geometry": { "type": "Polygon", "coordinates": [ [ [ -15.911330873810703, 23.745587037872266 ], [ -15.91134344354151, 23.747393325397006 ], [ -15.913305735957394, 23.747381741954076 ], [ -15.913293139170774, 23.745575455416414 ], [ -15.911330873810703, 23.745587037872266 ] ] ] } },
{ "type": "Feature", "properties": { "urban_density": 0.021887067916059481, "temperature_proxy": 26.142265941454387, "grid_id": 301, "population_estimate": 54.9 }, "geometry": { "type": "Polygon", "coordinates": [ [ [ -15.911670694633514, 23.794356650640793 ], [ -15.91168329807325, 23.796162926593212 ], [ -15.913646322011532, 23.796151316489489 ], [ -15.913633691443438, 23.79434504152486 ], [ -15.911670694633514, 23.794356650640793 ] ] ] } },
{ "type": "Feature", "properties": { "urban_density": 0.10443230224461145, "temperature_proxy": 26.678809964589973, "grid_id": 302, "population_estimate": 262.2 }, "geometry": { "type": "Polygon", "coordinates": [ [ [ -15.909368607203222, 23.7455985954231 ], [ -15.909381149878138, 23.747404883932781 ], [ -15.91134344354151, 23.747393325397006 ], [ -15.911330873810703, 23.745587037872266 ], [ -15.909368607203222, 23.7455985954231 ] ] ] } },
{ "type": "Feature", "properties": { "urban_density": 0.044172344968909906, "temperature_proxy": 26.287120242297913, "grid_id": 303, "population_estimate": 110.9 }, "geometry": { "type": "Polygon", "coordinates": [ [ [ -15.909381149878138, 23.747404883932781 ], [ -15.909393693797853, 23.74921117201421 ], [ -15.9113560145198, 23.749199612493449 ], [ -15.91134344354151, 23.747393325397006 ], [ -15.909381149878138, 23.747404883932781 ] ] ] } },
{ "type": "Feature", "properties": { "urban_density": 0.017004191558418993, "temperature_proxy": 26.110527245129724, "grid_id": 304, "population_estimate": 23.0 }, "geometry": { "type": "Polygon", "coordinates": [ [ [ -15.909418785371999, 23.752823746892194 ], [ -15.909431333026578, 23.754630033688713 ], [ -15.911393734940368, 23.754618471212886 ], [ -15.911381160219156, 23.752812185401421 ], [ -15.909418785371999, 23.752823746892194 ] ] ] } },
{ "type": "Feature", "properties": { "urban_density": 0.051738478898378591, "temperature_proxy": 26.33630011283946, "grid_id": 305, "population_estimate": 79.2 }, "geometry": { "type": "Polygon", "coordinates": [ [ [ -15.909431333026578, 23.754630033688713 ], [ -15.909443881926267, 23.756436320056871 ], [ -15.911406310909372, 23.756424756595976 ], [ -15.911393734940368, 23.754618471212886 ], [ -15.909431333026578, 23.754630033688713 ] ] ] } },
{ "type": "Feature", "properties": { "urban_density": 0.038229938300124791, "temperature_proxy": 26.24849459895081, "grid_id": 306, "population_estimate": 96.0 }, "geometry": { "type": "Polygon", "coordinates": [ [ [ -15.909456432071135, 23.758242605996656 ], [ -15.909468983461265, 23.760048891508035 ], [ -15.911431466591061, 23.760037326076894 ], [ -15.911418888126244, 23.758231041550655 ], [ -15.909456432071135, 23.758242605996656 ] ] ] } },
{ "type": "Feature", "properties": { "urban_density": 0.016311434402442131, "temperature_proxy": 26.106024323615873, "grid_id": 307, "population_estimate": 41.0 }, "geometry": { "type": "Polygon", "coordinates": [ [ [ -15.909682547691805, 23.790755679631573 ], [ -15.909695121509611, 23.792561957427434 ], [ -15.911658092443254, 23.792550374259456 ], [ -15.911645491502387, 23.790744097449206 ], [ -15.909682547691805, 23.790755679631573 ] ] ] } },
{ "type": "Feature", "properties": { "urban_density": 0.020137319069242363, "temperature_proxy": 26.130892573950074, "grid_id": 308, "population_estimate": 50.6 }, "geometry": { "type": "Polygon", "coordinates": [ [ [ -15.909695121509611, 23.792561957427434 ], [ -15.909707696574122, 23.794368234794405 ], [ -15.911670694633514, 23.794356650640793 ], [ -15.911658092443254, 23.792550374259456 ], [ -15.909695121509611, 23.792561957427434 ] ] ] } },
{ "type": "Feature", "properties": { "urban_density": 0.015961747474616397, "temperature_proxy": 26.103751358585008, "grid_id": 309, "population_estimate": 40.1 }, "geometry": { "type": "Polygon", "coordinates": [ [ [ -15.907418854969965, 23.74741641756135 ], [ -15.907431371831027, 23.749222706625627 ], [ -15.909393693797853, 23.74921117201421 ], [ -15.909381149878138, 23.747404883932781 ], [ -15.907418854969965, 23.74741641756135 ] ] ] } },
{ "type": "Feature", "properties": { "urban_density": 0.062359955084418627, "temperature_proxy": 26.405339708048722, "grid_id": 310, "population_estimate": 156.6 }, "geometry": { "type": "Polygon", "coordinates": [ [ [ -15.907468929867687, 23.754641571248836 ], [ -15.907481451697981, 23.756447858599955 ], [ -15.909443881926267, 23.756436320056871 ], [ -15.909431333026578, 23.754630033688713 ], [ -15.907468929867687, 23.754641571248836 ] ] ] } },
{ "type": "Feature", "properties": { "urban_density": 0.033202465467689971, "temperature_proxy": 26.215816025539986, "grid_id": 311, "population_estimate": 83.4 }, "geometry": { "type": "Polygon", "coordinates": [ [ [ -15.907719602634591, 23.790767236855793 ], [ -15.907732149329259, 23.79257351563513 ], [ -15.909695121509611, 23.792561957427434 ], [ -15.909682547691805, 23.790755679631573 ], [ -15.907719602634591, 23.790767236855793 ] ] ] } },
{ "type": "Feature", "properties": { "urban_density": 0.012781704867333269, "temperature_proxy": 26.083081081637665, "grid_id": 312, "population_estimate": 32.1 }, "geometry": { "type": "Polygon", "coordinates": [ [ [ -15.905569011669368, 23.763684521269433 ], [ -15.905581512630008, 23.7654908074595 ], [ -15.907544079488424, 23.765479288929743 ], [ -15.907531551444887, 23.763673003720641 ], [ -15.905569011669368, 23.763684521269433 ] ] ] } },
{ "type": "Feature", "properties": { "urban_density": 0.016447296160860877, "temperature_proxy": 26.106907425045595, "grid_id": 313, "population_estimate": 41.3 }, "geometry": { "type": "Polygon", "coordinates": [ [ [ -15.905644036037575, 23.774522231982587 ], [ -15.905656544440495, 23.776328515601573 ], [ -15.907619273852726, 23.776316991185492 ], [ -15.907606738350788, 23.77451070854762 ], [ -15.905644036037575, 23.774522231982587 ] ] ] } },
{ "type": "Feature", "properties": { "urban_density": 0.018027221315507966, "temperature_proxy": 26.117176938550802, "grid_id": 314, "population_estimate": 45.3 }, "geometry": { "type": "Polygon", "coordinates": [ [ [ -15.905656544440495, 23.776328515601573 ], [ -15.905669054084056, 23.778134798791964 ], [ -15.907631810597998, 23.778123273394733 ], [ -15.907619273852726, 23.776316991185492 ], [ -15.905656544440495, 23.776328515601573 ] ] ] } },
{ "type": "Feature", "properties": { "urban_density": 0.010388519725285164, "temperature_proxy": 26.067525378214352, "grid_id": 315, "population_estimate": 26.1 }, "geometry": { "type": "Polygon", "coordinates": [ [ [ -15.903631419646567, 23.767308587801189 ], [ -15.903643895999316, 23.769114874113221 ], [ -15.905606518271933, 23.769103378554252 ], [ -15.905594014830836, 23.767297093221121 ], [ -15.903631419646567, 23.767308587801189 ] ] ] } },
{ "type": "Feature", "properties": { "urban_density": 0.044354223197303873, "temperature_proxy": 26.288302450782474, "grid_id": 316, "population_estimate": 111.4 }, "geometry": { "type": "Polygon", "coordinates": [ [ [ -15.903681332483794, 23.774533730478382 ], [ -15.903693813787617, 23.776340015076361 ], [ -15.905656544440495, 23.776328515601573 ], [ -15.905644036037575, 23.774522231982587 ], [ -15.903681332483794, 23.774533730478382 ] ] ] } },
{ "type": "Feature", "properties": { "urban_density": 0.075532535307843277, "temperature_proxy": 26.490961479500982, "grid_id": 317, "population_estimate": 189.6 }, "geometry": { "type": "Polygon", "coordinates": [ [ [ -15.903693813787617, 23.776340015076361 ], [ -15.903706296329396, 23.778146299245776 ], [ -15.905669054084056, 23.778134798791964 ], [ -15.905656544440495, 23.776328515601573 ], [ -15.903693813787617, 23.776340015076361 ] ] ] } },
{ "type": "Feature", "properties": { "urban_density": 0.044172026298331425, "temperature_proxy": 26.287118170939156, "grid_id": 318, "population_estimate": 39.1 }, "geometry": { "type": "Polygon", "coordinates": [ [ [ -15.901718627692132, 23.77454520403494 ], [ -15.901731081896783, 23.776351489609794 ], [ -15.903693813787617, 23.776340015076361 ], [ -15.903681332483794, 23.774533730478382 ], [ -15.901718627692132, 23.77454520403494 ] ] ] } },
{ "type": "Feature", "properties": { "urban_density": 0.013218525306853027, "temperature_proxy": 26.085920414494545, "grid_id": 319, "population_estimate": 33.2 }, "geometry": { "type": "Polygon", "coordinates": [ [ [ -15.901755994011969, 23.779964059473841 ], [ -15.901768451922658, 23.781770343762986 ], [ -15.903731265127133, 23.781758866298777 ], [ -15.903718780109211, 23.779952582986589 ], [ -15.901755994011969, 23.779964059473841 ] ] ] } },
{ "type": "Feature", "properties": { "urban_density": 0.034057170206050515, "temperature_proxy": 26.221371606339329, "grid_id": 320, "population_estimate": 85.5 }, "geometry": { "type": "Polygon", "coordinates": [ [ [ -15.901793371450601, 23.785382911055379 ], [ -15.901805833068007, 23.787189194058588 ], [ -15.903768727610311, 23.787177713663358 ], [ -15.903756238877609, 23.785371431637191 ], [ -15.901793371450601, 23.785382911055379 ] ] ] } },
{ "type": "Feature", "properties": { "urban_density": 0.020211631042793245, "temperature_proxy": 26.131375601778156, "grid_id": 321, "population_estimate": 50.7 }, "geometry": { "type": "Polygon", "coordinates": [ [ [ -15.901805833068007, 23.787189194058588 ], [ -15.901818295921133, 23.78899547663309 ], [ -15.903781217581425, 23.788983995260811 ], [ -15.903768727610311, 23.787177713663358 ], [ -15.901805833068007, 23.787189194058588 ] ] ] } },
{ "type": "Feature", "properties": { "urban_density": 0.034724204840405892, "temperature_proxy": 26.225707331462637, "grid_id": 322, "population_estimate": 87.2 }, "geometry": { "type": "Polygon", "coordinates": [ [ [ -15.899768348770678, 23.776362939201807 ], [ -15.899780777108663, 23.778169225322902 ], [ -15.901743537336701, 23.778157774756103 ], [ -15.901731081896783, 23.776351489609794 ], [ -15.899768348770678, 23.776362939201807 ] ] ] } },
{ "type": "Feature", "properties": { "urban_density": 0.017924419081828277, "temperature_proxy": 26.116508724031885, "grid_id": 323, "population_estimate": 45.0 }, "geometry": { "type": "Polygon", "coordinates": [ [ [ -15.899818069518874, 23.78358808111479 ], [ -15.899830502787944, 23.785394365521533 ], [ -15.901793371450601, 23.785382911055379 ], [ -15.901780911068842, 23.783576627623518 ], [ -15.899818069518874, 23.78358808111479 ] ] ] } },
{ "type": "Feature", "properties": { "urban_density": 0.010474525818403243, "temperature_proxy": 26.06808441781962, "grid_id": 324, "population_estimate": 26.3 }, "geometry": { "type": "Polygon", "coordinates": [ [ [ -15.897892448895837, 23.789018364508749 ], [ -15.897904858743187, 23.79082464860231 ], [ -15.899867809993218, 23.79081321616983 ], [ -15.899855373025042, 23.789006933049091 ], [ -15.897892448895837, 23.789018364508749 ] ] ] } }
]
}
