{
"type": "FeatureCollection",
"name": "rabat_heat_grid",
"crs": { "type": "name", "properties": { "name": "urn:ogc:def:crs:OGC:1.3:CRS84" } },
"xy_coordinate_resolution": 1e-06,
"features": [
{ "type": "Feature", "properties": { "urban_density": 0.13748024575624854, "temperature_proxy": 27.893621597415617 }, "geometry": { "type": "Polygon", "coordinates": [ [ [ -6.898587, 33.939995 ], [ -6.898542, 33.941797 ], [ -6.900705, 33.941834 ], [ -6.900749, 33.940032 ], [ -6.898587, 33.939995 ] ] ] } },
{ "type": "Feature", "properties": { "urban_density": 0.072570297010406196, "temperature_proxy": 27.471706930567642 }, "geometry": { "type": "Polygon", "coordinates": [ [ [ -6.898542, 33.941797 ], [ -6.898498, 33.9436 ], [ -6.900661, 33.943637 ], [ -6.900705, 33.941834 ], [ -6.898542, 33.941797 ] ] ] } },
{ "type": "Feature", "properties": { "urban_density": 0.010759398947665417, "temperature_proxy": 27.069936093159825 }, "geometry": { "type": "Polygon", "coordinates": [ [ [ -6.898276, 33.952613 ], [ -6.898232, 33.954415 ], [ -6.900395, 33.954452 ], [ -6.900439, 33.95265 ], [ -6.898276, 33.952613 ] ] ] } },
{ "type": "Feature", "properties": { "urban_density": 0.11616072327887673, "temperature_proxy": 27.755044701312698 }, "geometry": { "type": "Polygon", "coordinates": [ [ [ -6.897966, 33.965231 ], [ -6.897922, 33.967033 ], [ -6.900085, 33.96707 ], [ -6.900129, 33.965268 ], [ -6.897966, 33.965231 ] ] ] } },
{ "type": "Feature", "properties": { "urban_density": 0.19824102006418248, "temperature_proxy": 28.288566630417186 }, "geometry": { "type": "Polygon", "coordinates": [ [ [ -6.897922, 33.967033 ], [ -6.897877, 33.968836 ], [ -6.900041, 33.968873 ], [ -6.900085, 33.96707 ], [ -6.897922, 33.967033 ] ] ] } },
{ "type": "Feature", "properties": { "urban_density": 0.16107521518067069, "temperature_proxy": 28.046988898674361 }, "geometry": { "type": "Polygon", "coordinates": [ [ [ -6.897877, 33.968836 ], [ -6.897833, 33.970638 ], [ -6.899996, 33.970675 ], [ -6.900041, 33.968873 ], [ -6.897877, 33.968836 ] ] ] } },
{ "type": "Feature", "properties": { "urban_density": 0.29478847176208589, "temperature_proxy": 28.91612506645356 }, "geometry": { "type": "Polygon", "coordinates": [ [ [ -6.897833, 33.970638 ], [ -6.897788, 33.972441 ], [ -6.899952, 33.972478 ], [ -6.899996, 33.970675 ], [ -6.897833, 33.970638 ] ] ] } },
{ "type": "Feature", "properties": { "urban_density": 0.19153104109221888, "temperature_proxy": 28.244951767099423 }, "geometry": { "type": "Polygon", "coordinates": [ [ [ -6.897788, 33.972441 ], [ -6.897744, 33.974244 ], [ -6.899908, 33.974281 ], [ -6.899952, 33.972478 ], [ -6.897788, 33.972441 ] ] ] } },
{ "type": "Feature", "properties": { "urban_density": 0.16566638609727796, "temperature_proxy": 28.076831509632306 }, "geometry": { "type": "Polygon", "coordinates": [ [ [ -6.897744, 33.974244 ], [ -6.8977, 33.976046 ], [ -6.899863, 33.976083 ], [ -6.899908, 33.974281 ], [ -6.897744, 33.974244 ] ] ] } },
{ "type": "Feature", "properties": { "urban_density": 0.12431895067818644, "temperature_proxy": 27.808073179408211 }, "geometry": { "type": "Polygon", "coordinates": [ [ [ -6.896424, 33.939958 ], [ -6.89638, 33.94176 ], [ -6.898542, 33.941797 ], [ -6.898587, 33.939995 ], [ -6.896424, 33.939958 ] ] ] } },
{ "type": "Feature", "properties": { "urban_density": 0.28104570138761398, "temperature_proxy": 28.826797059019491 }, "geometry": { "type": "Polygon", "coordinates": [ [ [ -6.89638, 33.94176 ], [ -6.896335, 33.943563 ], [ -6.898498, 33.9436 ], [ -6.898542, 33.941797 ], [ -6.89638, 33.94176 ] ] ] } },
{ "type": "Feature", "properties": { "urban_density": 0.027934713263081903, "temperature_proxy": 27.181575636210031 }, "geometry": { "type": "Polygon", "coordinates": [ [ [ -6.896158, 33.950773 ], [ -6.896113, 33.952576 ], [ -6.898276, 33.952613 ], [ -6.898321, 33.95081 ], [ -6.896158, 33.950773 ] ] ] } },
{ "type": "Feature", "properties": { "urban_density": 0.039486139059984944, "temperature_proxy": 27.256659903889901 }, "geometry": { "type": "Polygon", "coordinates": [ [ [ -6.896113, 33.952576 ], [ -6.896069, 33.954378 ], [ -6.898232, 33.954415 ], [ -6.898276, 33.952613 ], [ -6.896113, 33.952576 ] ] ] } },
{ "type": "Feature", "properties": { "urban_density": 0.057615523068794673, "temperature_proxy": 27.374500899947165 }, "geometry": { "type": "Polygon", "coordinates": [ [ [ -6.896025, 33.956181 ], [ -6.89598, 33.957983 ], [ -6.898143, 33.95802 ], [ -6.898188, 33.956218 ], [ -6.896025, 33.956181 ] ] ] } },
{ "type": "Feature", "properties": { "urban_density": 0.017210462201867196, "temperature_proxy": 27.111868004312136 }, "geometry": { "type": "Polygon", "coordinates": [ [ [ -6.89598, 33.957983 ], [ -6.895936, 33.959786 ], [ -6.898099, 33.959823 ], [ -6.898143, 33.95802 ], [ -6.89598, 33.957983 ] ] ] } },
{ "type": "Feature", "properties": { "urban_density": 0.16740885737511427, "temperature_proxy": 28.088157572938243 }, "geometry": { "type": "Polygon", "coordinates": [ [ [ -6.895803, 33.965194 ], [ -6.895758, 33.966996 ], [ -6.897922, 33.967033 ], [ -6.897966, 33.965231 ], [ -6.895803, 33.965194 ] ] ] } },
{ "type": "Feature", "properties": { "urban_density": 0.29340492499852261, "temperature_proxy": 28.907132012490397 }, "geometry": { "type": "Polygon", "coordinates": [ [ [ -6.895758, 33.966996 ], [ -6.895714, 33.968799 ], [ -6.897877, 33.968836 ], [ -6.897922, 33.967033 ], [ -6.895758, 33.966996 ] ] ] } },
{ "type": "Feature", "properties": { "urban_density": 0.33876895310507849, "temperature_proxy": 29.201998195183009 }, "geometry": { "type": "Polygon", "coordinates": [ [ [ -6.895714, 33.968799 ], [ -6.895669, 33.970601 ], [ -6.897833, 33.970638 ], [ -6.897877, 33.968836 ], [ -6.895714, 33.968799 ] ] ] } },
{ "type": "Feature", "properties": { "urban_density": 0.26899388701379923, "temperature_proxy": 28.748460265589696 }, "geometry": { "type": "Polygon", "coordinates": [ [ [ -6.895669, 33.970601 ], [ -6.895625, 33.972404 ], [ -6.897788, 33.972441 ], [ -6.897833, 33.970638 ], [ -6.895669, 33.970601 ] ] ] } },
{ "type": "Feature", "properties": { "urban_density": 0.29424883382092593, "temperature_proxy": 28.912617419836018 }, "geometry": { "type": "Polygon", "coordinates": [ [ [ -6.895625, 33.972404 ], [ -6.89558, 33.974207 ], [ -6.897744, 33.974244 ], [ -6.897788, 33.972441 ], [ -6.895625, 33.972404 ] ] ] } },
{ "type": "Feature", "properties": { "urban_density": 0.29710051521484698, "temperature_proxy": 28.931153348896505 }, "geometry": { "type": "Polygon", "coordinates": [ [ [ -6.89558, 33.974207 ], [ -6.895536, 33.976009 ], [ -6.8977, 33.976046 ], [ -6.897744, 33.974244 ], [ -6.89558, 33.974207 ] ] ] } },
{ "type": "Feature", "properties": { "urban_density": 0.18730284637003478, "temperature_proxy": 28.217468501405225 }, "geometry": { "type": "Polygon", "coordinates": [ [ [ -6.895536, 33.976009 ], [ -6.895492, 33.977812 ], [ -6.897655, 33.977849 ], [ -6.8977, 33.976046 ], [ -6.895536, 33.976009 ] ] ] } },
{ "type": "Feature", "properties": { "urban_density": 0.097338662463983025, "temperature_proxy": 27.632701306015889 }, "geometry": { "type": "Polygon", "coordinates": [ [ [ -6.895492, 33.977812 ], [ -6.895447, 33.979614 ], [ -6.897611, 33.979651 ], [ -6.897655, 33.977849 ], [ -6.895492, 33.977812 ] ] ] } },
{ "type": "Feature", "properties": { "urban_density": 0.068393365890823746, "temperature_proxy": 27.444556878290353 }, "geometry": { "type": "Polygon", "coordinates": [ [ [ -6.895447, 33.979614 ], [ -6.895403, 33.981417 ], [ -6.897567, 33.981454 ], [ -6.897611, 33.979651 ], [ -6.895447, 33.979614 ] ] ] } },
{ "type": "Feature", "properties": { "urban_density": 0.28155706500265876, "temperature_proxy": 28.830120922517281 }, "geometry": { "type": "Polygon", "coordinates": [ [ [ -6.894261, 33.939921 ], [ -6.894217, 33.941723 ], [ -6.89638, 33.94176 ], [ -6.896424, 33.939958 ], [ -6.894261, 33.939921 ] ] ] } },
{ "type": "Feature", "properties": { "urban_density": 0.23635182679958538, "temperature_proxy": 28.536286874197305 }, "geometry": { "type": "Polygon", "coordinates": [ [ [ -6.894217, 33.941723 ], [ -6.894172, 33.943526 ], [ -6.896335, 33.943563 ], [ -6.89638, 33.94176 ], [ -6.894217, 33.941723 ] ] ] } },
{ "type": "Feature", "properties": { "urban_density": 0.087539505959585387, "temperature_proxy": 27.569006788737305 }, "geometry": { "type": "Polygon", "coordinates": [ [ [ -6.894172, 33.943526 ], [ -6.894128, 33.945328 ], [ -6.896291, 33.945365 ], [ -6.896335, 33.943563 ], [ -6.894172, 33.943526 ] ] ] } },
{ "type": "Feature", "properties": { "urban_density": 0.028629192710513188, "temperature_proxy": 27.186089752618336 }, "geometry": { "type": "Polygon", "coordinates": [ [ [ -6.894084, 33.947131 ], [ -6.894039, 33.948934 ], [ -6.896202, 33.948971 ], [ -6.896246, 33.947168 ], [ -6.894084, 33.947131 ] ] ] } },
{ "type": "Feature", "properties": { "urban_density": 0.045801393371993022, "temperature_proxy": 27.297709056917956 }, "geometry": { "type": "Polygon", "coordinates": [ [ [ -6.893995, 33.950736 ], [ -6.89395, 33.952539 ], [ -6.896113, 33.952576 ], [ -6.896158, 33.950773 ], [ -6.893995, 33.950736 ] ] ] } },
{ "type": "Feature", "properties": { "urban_density": 0.013027672654358764, "temperature_proxy": 27.084679872253332 }, "geometry": { "type": "Polygon", "coordinates": [ [ [ -6.89395, 33.952539 ], [ -6.893906, 33.954341 ], [ -6.896069, 33.954378 ], [ -6.896113, 33.952576 ], [ -6.89395, 33.952539 ] ] ] } },
{ "type": "Feature", "properties": { "urban_density": 0.086675969862572255, "temperature_proxy": 27.56339380410672 }, "geometry": { "type": "Polygon", "coordinates": [ [ [ -6.893906, 33.954341 ], [ -6.893861, 33.956144 ], [ -6.896025, 33.956181 ], [ -6.896069, 33.954378 ], [ -6.893906, 33.954341 ] ] ] } },
{ "type": "Feature", "properties": { "urban_density": 0.050980782340815552, "temperature_proxy": 27.331375085215303 }, "geometry": { "type": "Polygon", "coordinates": [ [ [ -6.893861, 33.956144 ], [ -6.893817, 33.957946 ], [ -6.89598, 33.957983 ], [ -6.896025, 33.956181 ], [ -6.893861, 33.956144 ] ] ] } },
{ "type": "Feature", "properties": { "urban_density": 0.019765243370094068, "temperature_proxy": 27.128474081905612 }, "geometry": { "type": "Polygon", "coordinates": [ [ [ -6.893817, 33.957946 ], [ -6.893773, 33.959749 ], [ -6.895936, 33.959786 ], [ -6.89598, 33.957983 ], [ -6.893817, 33.957946 ] ] ] } },
{ "type": "Feature", "properties": { "urban_density": 0.16968399249688704, "temperature_proxy": 28.102945951229767 }, "geometry": { "type": "Polygon", "coordinates": [ [ [ -6.893639, 33.965157 ], [ -6.893595, 33.966959 ], [ -6.895758, 33.966996 ], [ -6.895803, 33.965194 ], [ -6.893639, 33.965157 ] ] ] } },
{ "type": "Feature", "properties": { "urban_density": 0.2787254283129304, "temperature_proxy": 28.811715284034047 }, "geometry": { "type": "Polygon", "coordinates": [ [ [ -6.893595, 33.966959 ], [ -6.89355, 33.968762 ], [ -6.895714, 33.968799 ], [ -6.895758, 33.966996 ], [ -6.893595, 33.966959 ] ] ] } },
{ "type": "Feature", "properties": { "urban_density": 0.26258399330844395, "temperature_proxy": 28.706795956504884 }, "geometry": { "type": "Polygon", "coordinates": [ [ [ -6.89355, 33.968762 ], [ -6.893506, 33.970564 ], [ -6.895669, 33.970601 ], [ -6.895714, 33.968799 ], [ -6.89355, 33.968762 ] ] ] } },
{ "type": "Feature", "properties": { "urban_density": 0.28510062610292652, "temperature_proxy": 28.853154069669024 }, "geometry": { "type": "Polygon", "coordinates": [ [ [ -6.893506, 33.970564 ], [ -6.893461, 33.972367 ], [ -6.895625, 33.972404 ], [ -6.895669, 33.970601 ], [ -6.893506, 33.970564 ] ] ] } },
{ "type": "Feature", "properties": { "urban_density": 0.26610084180978349, "temperature_proxy": 28.729655471763593 }, "geometry": { "type": "Polygon", "coordinates": [ [ [ -6.893461, 33.972367 ], [ -6.893417, 33.97417 ], [ -6.89558, 33.974207 ], [ -6.895625, 33.972404 ], [ -6.893461, 33.972367 ] ] ] } },
{ "type": "Feature", "properties": { "urban_density": 0.32677364133981013, "temperature_proxy": 29.124028668708767 }, "geometry": { "type": "Polygon", "coordinates": [ [ [ -6.893417, 33.97417 ], [ -6.893372, 33.975972 ], [ -6.895536, 33.976009 ], [ -6.89558, 33.974207 ], [ -6.893417, 33.97417 ] ] ] } },
{ "type": "Feature", "properties": { "urban_density": 0.23184190106436076, "temperature_proxy": 28.506972356918347 }, "geometry": { "type": "Polygon", "coordinates": [ [ [ -6.893372, 33.975972 ], [ -6.893328, 33.977775 ], [ -6.895492, 33.977812 ], [ -6.895536, 33.976009 ], [ -6.893372, 33.975972 ] ] ] } },
{ "type": "Feature", "properties": { "urban_density": 0.30249698482761112, "temperature_proxy": 28.966230401379473 }, "geometry": { "type": "Polygon", "coordinates": [ [ [ -6.893328, 33.977775 ], [ -6.893283, 33.979577 ], [ -6.895447, 33.979614 ], [ -6.895492, 33.977812 ], [ -6.893328, 33.977775 ] ] ] } },
{ "type": "Feature", "properties": { "urban_density": 0.33334377850150793, "temperature_proxy": 29.166734560259801 }, "geometry": { "type": "Polygon", "coordinates": [ [ [ -6.893283, 33.979577 ], [ -6.893239, 33.98138 ], [ -6.895403, 33.981417 ], [ -6.895447, 33.979614 ], [ -6.893283, 33.979577 ] ] ] } },
{ "type": "Feature", "properties": { "urban_density": 0.057165790062860551, "temperature_proxy": 27.371577635408592 }, "geometry": { "type": "Polygon", "coordinates": [ [ [ -6.893239, 33.98138 ], [ -6.893194, 33.983182 ], [ -6.895358, 33.983219 ], [ -6.895403, 33.981417 ], [ -6.893239, 33.98138 ] ] ] } },
{ "type": "Feature", "properties": { "urban_density": 0.19245218939619438, "temperature_proxy": 28.250939231075265 }, "geometry": { "type": "Polygon", "coordinates": [ [ [ -6.892098, 33.939884 ], [ -6.892054, 33.941686 ], [ -6.894217, 33.941723 ], [ -6.894261, 33.939921 ], [ -6.892098, 33.939884 ] ] ] } },
{ "type": "Feature", "properties": { "urban_density": 0.1367432483026613, "temperature_proxy": 27.888831113967299 }, "geometry": { "type": "Polygon", "coordinates": [ [ [ -6.892054, 33.941686 ], [ -6.89201, 33.943489 ], [ -6.894172, 33.943526 ], [ -6.894217, 33.941723 ], [ -6.892054, 33.941686 ] ] ] } },
{ "type": "Feature", "properties": { "urban_density": 0.061514007905259085, "temperature_proxy": 27.399841051384183 }, "geometry": { "type": "Polygon", "coordinates": [ [ [ -6.891965, 33.945291 ], [ -6.891921, 33.947094 ], [ -6.894084, 33.947131 ], [ -6.894128, 33.945328 ], [ -6.891965, 33.945291 ] ] ] } },
{ "type": "Feature", "properties": { "urban_density": 0.18842801987849256, "temperature_proxy": 28.224782129210201 }, "geometry": { "type": "Polygon", "coordinates": [ [ [ -6.891921, 33.947094 ], [ -6.891876, 33.948897 ], [ -6.894039, 33.948934 ], [ -6.894084, 33.947131 ], [ -6.891921, 33.947094 ] ] ] } },
{ "type": "Feature", "properties": { "urban_density": 0.047151982435499333, "temperature_proxy": 27.306487885830744 }, "geometry": { "type": "Polygon", "coordinates": [ [ [ -6.891876, 33.948897 ], [ -6.891832, 33.950699 ], [ -6.893995, 33.950736 ], [ -6.894039, 33.948934 ], [ -6.891876, 33.948897 ] ] ] } },
{ "type": "Feature", "properties": { "urban_density": 0.042608103781451731, "temperature_proxy": 27.276952674579437 }, "geometry": { "type": "Polygon", "coordinates": [ [ [ -6.891832, 33.950699 ], [ -6.891787, 33.952502 ], [ -6.89395, 33.952539 ], [ -6.893995, 33.950736 ], [ -6.891832, 33.950699 ] ] ] } },
{ "type": "Feature", "properties": { "urban_density": 0.03025681666361258, "temperature_proxy": 27.196669308313481 }, "geometry": { "type": "Polygon", "coordinates": [ [ [ -6.891787, 33.952502 ], [ -6.891743, 33.954304 ], [ -6.893906, 33.954341 ], [ -6.89395, 33.952539 ], [ -6.891787, 33.952502 ] ] ] } },
{ "type": "Feature", "properties": { "urban_density": 0.042212521871020751, "temperature_proxy": 27.274381392161636 }, "geometry": { "type": "Polygon", "coordinates": [ [ [ -6.891743, 33.954304 ], [ -6.891698, 33.956107 ], [ -6.893861, 33.956144 ], [ -6.893906, 33.954341 ], [ -6.891743, 33.954304 ] ] ] } },
{ "type": "Feature", "properties": { "urban_density": 0.3745302679575202, "temperature_proxy": 29.434446741723882 }, "geometry": { "type": "Polygon", "coordinates": [ [ [ -6.891698, 33.956107 ], [ -6.891654, 33.957909 ], [ -6.893817, 33.957946 ], [ -6.893861, 33.956144 ], [ -6.891698, 33.956107 ] ] ] } },
{ "type": "Feature", "properties": { "urban_density": 0.033165305169799431, "temperature_proxy": 27.215574483603696 }, "geometry": { "type": "Polygon", "coordinates": [ [ [ -6.891654, 33.957909 ], [ -6.891609, 33.959712 ], [ -6.893773, 33.959749 ], [ -6.893817, 33.957946 ], [ -6.891654, 33.957909 ] ] ] } },
{ "type": "Feature", "properties": { "urban_density": 0.011638257132805958, "temperature_proxy": 27.07564867136324 }, "geometry": { "type": "Polygon", "coordinates": [ [ [ -6.891609, 33.959712 ], [ -6.891565, 33.961515 ], [ -6.893728, 33.961552 ], [ -6.893773, 33.959749 ], [ -6.891609, 33.959712 ] ] ] } },
{ "type": "Feature", "properties": { "urban_density": 0.051848607021743771, "temperature_proxy": 27.337015945641333 }, "geometry": { "type": "Polygon", "coordinates": [ [ [ -6.891476, 33.96512 ], [ -6.891431, 33.966922 ], [ -6.893595, 33.966959 ], [ -6.893639, 33.965157 ], [ -6.891476, 33.96512 ] ] ] } },
{ "type": "Feature", "properties": { "urban_density": 0.28452194132808151, "temperature_proxy": 28.849392618632528 }, "geometry": { "type": "Polygon", "coordinates": [ [ [ -6.891431, 33.966922 ], [ -6.891387, 33.968725 ], [ -6.89355, 33.968762 ], [ -6.893595, 33.966959 ], [ -6.891431, 33.966922 ] ] ] } },
{ "type": "Feature", "properties": { "urban_density": 0.28931156661753438, "temperature_proxy": 28.880525183013972 }, "geometry": { "type": "Polygon", "coordinates": [ [ [ -6.891387, 33.968725 ], [ -6.891342, 33.970527 ], [ -6.893506, 33.970564 ], [ -6.89355, 33.968762 ], [ -6.891387, 33.968725 ] ] ] } },
{ "type": "Feature", "properties": { "urban_density": 0.32373055804551132, "temperature_proxy": 29.104248627295824 }, "geometry": { "type": "Polygon", "coordinates": [ [ [ -6.891342, 33.970527 ], [ -6.891298, 33.97233 ], [ -6.893461, 33.972367 ], [ -6.893506, 33.970564 ], [ -6.891342, 33.970527 ] ] ] } },
{ "type": "Feature", "properties": { "urban_density": 0.25605285226582453, "temperature_proxy": 28.664343539727859 }, "geometry": { "type": "Polygon", "coordinates": [ [ [ -6.891298, 33.97233 ], [ -6.891253, 33.974133 ], [ -6.893417, 33.97417 ], [ -6.893461, 33.972367 ], [ -6.891298, 33.97233 ] ] ] } },
{ "type": "Feature", "properties": { "urban_density": 0.32825167673850003, "temperature_proxy": 29.13363589880025 }, "geometry": { "type": "Polygon", "coordinates": [ [ [ -6.891253, 33.974133 ], [ -6.891209, 33.975935 ], [ -6.893372, 33.975972 ], [ -6.893417, 33.97417 ], [ -6.891253, 33.974133 ] ] ] } },
{ "type": "Feature", "properties": { "urban_density": 0.43649195931329265, "temperature_proxy": 29.837197735536403 }, "geometry": { "type": "Polygon", "coordinates": [ [ [ -6.891209, 33.975935 ], [ -6.891164, 33.977738 ], [ -6.893328, 33.977775 ], [ -6.893372, 33.975972 ], [ -6.891209, 33.975935 ] ] ] } },
{ "type": "Feature", "properties": { "urban_density": 0.35830449571142675, "temperature_proxy": 29.328979222124275 }, "geometry": { "type": "Polygon", "coordinates": [ [ [ -6.891164, 33.977738 ], [ -6.89112, 33.97954 ], [ -6.893283, 33.979577 ], [ -6.893328, 33.977775 ], [ -6.891164, 33.977738 ] ] ] } },
{ "type": "Feature", "properties": { "urban_density": 0.44998328395263354, "temperature_proxy": 29.924891345692117 }, "geometry": { "type": "Polygon", "coordinates": [ [ [ -6.89112, 33.97954 ], [ -6.891075, 33.981343 ], [ -6.893239, 33.98138 ], [ -6.893283, 33.979577 ], [ -6.89112, 33.97954 ] ] ] } },
{ "type": "Feature", "properties": { "urban_density": 0.42348427915171122, "temperature_proxy": 29.752647814486124 }, "geometry": { "type": "Polygon", "coordinates": [ [ [ -6.891075, 33.981343 ], [ -6.891031, 33.983145 ], [ -6.893194, 33.983182 ], [ -6.893239, 33.98138 ], [ -6.891075, 33.981343 ] ] ] } },
{ "type": "Feature", "properties": { "urban_density": 0.10297709600121213, "temperature_proxy": 27.669351124007878 }, "geometry": { "type": "Polygon", "coordinates": [ [ [ -6.891031, 33.983145 ], [ -6.890986, 33.984948 ], [ -6.89315, 33.984985 ], [ -6.893194, 33.983182 ], [ -6.891031, 33.983145 ] ] ] } },
{ "type": "Feature", "properties": { "urban_density": 0.16299770255327106, "temperature_proxy": 28.059485066596263 }, "geometry": { "type": "Polygon", "coordinates": [ [ [ -6.889936, 33.939847 ], [ -6.889891, 33.941649 ], [ -6.892054, 33.941686 ], [ -6.892098, 33.939884 ], [ -6.889936, 33.939847 ] ] ] } },
{ "type": "Feature", "properties": { "urban_density": 0.2067832288244722, "temperature_proxy": 28.344090987359071 }, "geometry": { "type": "Polygon", "coordinates": [ [ [ -6.889891, 33.941649 ], [ -6.889847, 33.943452 ], [ -6.89201, 33.943489 ], [ -6.892054, 33.941686 ], [ -6.889891, 33.941649 ] ] ] } },
{ "type": "Feature", "properties": { "urban_density": 0.08861127508957381, "temperature_proxy": 27.575973288082231 }, "geometry": { "type": "Polygon", "coordinates": [ [ [ -6.889758, 33.947057 ], [ -6.889713, 33.948859 ], [ -6.891876, 33.948897 ], [ -6.891921, 33.947094 ], [ -6.889758, 33.947057 ] ] ] } },
{ "type": "Feature", "properties": { "urban_density": 0.10221436833516663, "temperature_proxy": 27.664393394178582 }, "geometry": { "type": "Polygon", "coordinates": [ [ [ -6.889713, 33.948859 ], [ -6.889669, 33.950662 ], [ -6.891832, 33.950699 ], [ -6.891876, 33.948897 ], [ -6.889713, 33.948859 ] ] ] } },
{ "type": "Feature", "properties": { "urban_density": 0.17806583887212957, "temperature_proxy": 28.157427952668844 }, "geometry": { "type": "Polygon", "coordinates": [ [ [ -6.889669, 33.950662 ], [ -6.889624, 33.952465 ], [ -6.891787, 33.952502 ], [ -6.891832, 33.950699 ], [ -6.889669, 33.950662 ] ] ] } },
{ "type": "Feature", "properties": { "urban_density": 0.020998745212930651, "temperature_proxy": 27.136491843884048 }, "geometry": { "type": "Polygon", "coordinates": [ [ [ -6.889624, 33.952465 ], [ -6.88958, 33.954267 ], [ -6.891743, 33.954304 ], [ -6.891787, 33.952502 ], [ -6.889624, 33.952465 ] ] ] } },
{ "type": "Feature", "properties": { "urban_density": 0.051356477847877613, "temperature_proxy": 27.333817106011203 }, "geometry": { "type": "Polygon", "coordinates": [ [ [ -6.88958, 33.954267 ], [ -6.889535, 33.95607 ], [ -6.891698, 33.956107 ], [ -6.891743, 33.954304 ], [ -6.88958, 33.954267 ] ] ] } },
{ "type": "Feature", "properties": { "urban_density": 0.26208711790834344, "temperature_proxy": 28.703566266404231 }, "geometry": { "type": "Polygon", "coordinates": [ [ [ -6.889535, 33.95607 ], [ -6.889491, 33.957872 ], [ -6.891654, 33.957909 ], [ -6.891698, 33.956107 ], [ -6.889535, 33.95607 ] ] ] } },
{ "type": "Feature", "properties": { "urban_density": 0.29379401306808467, "temperature_proxy": 28.909661084942549 }, "geometry": { "type": "Polygon", "coordinates": [ [ [ -6.889491, 33.957872 ], [ -6.889446, 33.959675 ], [ -6.891609, 33.959712 ], [ -6.891654, 33.957909 ], [ -6.889491, 33.957872 ] ] ] } },
{ "type": "Feature", "properties": { "urban_density": 0.31769191351473908, "temperature_proxy": 29.064997437845804 }, "geometry": { "type": "Polygon", "coordinates": [ [ [ -6.889446, 33.959675 ], [ -6.889402, 33.961477 ], [ -6.891565, 33.961515 ], [ -6.891609, 33.959712 ], [ -6.889446, 33.959675 ] ] ] } },
{ "type": "Feature", "properties": { "urban_density": 0.23676161869691523, "temperature_proxy": 28.538950521529948 }, "geometry": { "type": "Polygon", "coordinates": [ [ [ -6.889268, 33.966885 ], [ -6.889223, 33.968688 ], [ -6.891387, 33.968725 ], [ -6.891431, 33.966922 ], [ -6.889268, 33.966885 ] ] ] } },
{ "type": "Feature", "properties": { "urban_density": 0.34658460798307145, "temperature_proxy": 29.252799951889966 }, "geometry": { "type": "Polygon", "coordinates": [ [ [ -6.889223, 33.968688 ], [ -6.889179, 33.97049 ], [ -6.891342, 33.970527 ], [ -6.891387, 33.968725 ], [ -6.889223, 33.968688 ] ] ] } },
{ "type": "Feature", "properties": { "urban_density": 0.23917833218560808, "temperature_proxy": 28.554659159206452 }, "geometry": { "type": "Polygon", "coordinates": [ [ [ -6.889179, 33.97049 ], [ -6.889134, 33.972293 ], [ -6.891298, 33.97233 ], [ -6.891342, 33.970527 ], [ -6.889179, 33.97049 ] ] ] } },
{ "type": "Feature", "properties": { "urban_density": 0.29617206940039786, "temperature_proxy": 28.925118451102588 }, "geometry": { "type": "Polygon", "coordinates": [ [ [ -6.889134, 33.972293 ], [ -6.88909, 33.974095 ], [ -6.891253, 33.974133 ], [ -6.891298, 33.97233 ], [ -6.889134, 33.972293 ] ] ] } },
{ "type": "Feature", "properties": { "urban_density": 0.24401193644364616, "temperature_proxy": 28.5860775868837 }, "geometry": { "type": "Polygon", "coordinates": [ [ [ -6.88909, 33.974095 ], [ -6.889045, 33.975898 ], [ -6.891209, 33.975935 ], [ -6.891253, 33.974133 ], [ -6.88909, 33.974095 ] ] ] } },
{ "type": "Feature", "properties": { "urban_density": 0.35237209778129208, "temperature_proxy": 29.290418635578398 }, "geometry": { "type": "Polygon", "coordinates": [ [ [ -6.889045, 33.975898 ], [ -6.889001, 33.977701 ], [ -6.891164, 33.977738 ], [ -6.891209, 33.975935 ], [ -6.889045, 33.975898 ] ] ] } },
{ "type": "Feature", "properties": { "urban_density": 0.20014863781174103, "temperature_proxy": 28.300966145776318 }, "geometry": { "type": "Polygon", "coordinates": [ [ [ -6.889001, 33.977701 ], [ -6.888956, 33.979503 ], [ -6.89112, 33.97954 ], [ -6.891164, 33.977738 ], [ -6.889001, 33.977701 ] ] ] } },
{ "type": "Feature", "properties": { "urban_density": 0.2613177364614665, "temperature_proxy": 28.698565286999532 }, "geometry": { "type": "Polygon", "coordinates": [ [ [ -6.888956, 33.979503 ], [ -6.888911, 33.981306 ], [ -6.891075, 33.981343 ], [ -6.89112, 33.97954 ], [ -6.888956, 33.979503 ] ] ] } },
{ "type": "Feature", "properties": { "urban_density": 0.1685053608440803, "temperature_proxy": 28.095284845486521 }, "geometry": { "type": "Polygon", "coordinates": [ [ [ -6.888911, 33.981306 ], [ -6.888867, 33.983108 ], [ -6.891031, 33.983145 ], [ -6.891075, 33.981343 ], [ -6.888911, 33.981306 ] ] ] } },
{ "type": "Feature", "properties": { "urban_density": 0.35800836183542861, "temperature_proxy": 29.327054351930286 }, "geometry": { "type": "Polygon", "coordinates": [ [ [ -6.888867, 33.983108 ], [ -6.888822, 33.984911 ], [ -6.890986, 33.984948 ], [ -6.891031, 33.983145 ], [ -6.888867, 33.983108 ] ] ] } },
{ "type": "Feature", "properties": { "urban_density": 0.08923178569991598, "temperature_proxy": 27.580006607049455 }, "geometry": { "type": "Polygon", "coordinates": [ [ [ -6.888822, 33.984911 ], [ -6.888778, 33.986713 ], [ -6.890942, 33.98675 ], [ -6.890986, 33.984948 ], [ -6.888822, 33.984911 ] ] ] } },
{ "type": "Feature", "properties": { "urban_density": 0.25746569836556138, "temperature_proxy": 28.67352703937615 }, "geometry": { "type": "Polygon", "coordinates": [ [ [ -6.887773, 33.939809 ], [ -6.887728, 33.941612 ], [ -6.889891, 33.941649 ], [ -6.889936, 33.939847 ], [ -6.887773, 33.939809 ] ] ] } },
{ "type": "Feature", "properties": { "urban_density": 0.28668224491575389, "temperature_proxy": 28.863434591952402 }, "geometry": { "type": "Polygon", "coordinates": [ [ [ -6.887728, 33.941612 ], [ -6.887684, 33.943415 ], [ -6.889847, 33.943452 ], [ -6.889891, 33.941649 ], [ -6.887728, 33.941612 ] ] ] } },
{ "type": "Feature", "properties": { "urban_density": 0.42302734199609876, "temperature_proxy": 29.749677722974642 }, "geometry": { "type": "Polygon", "coordinates": [ [ [ -6.887639, 33.945217 ], [ -6.887595, 33.94702 ], [ -6.889758, 33.947057 ], [ -6.889802, 33.945254 ], [ -6.887639, 33.945217 ] ] ] } },
{ "type": "Feature", "properties": { "urban_density": 0.034195695859037999, "temperature_proxy": 27.222272023083747 }, "geometry": { "type": "Polygon", "coordinates": [ [ [ -6.887595, 33.94702 ], [ -6.88755, 33.948822 ], [ -6.889713, 33.948859 ], [ -6.889758, 33.947057 ], [ -6.887595, 33.94702 ] ] ] } },
{ "type": "Feature", "properties": { "urban_density": 0.27279646814608788, "temperature_proxy": 28.77317704294957 }, "geometry": { "type": "Polygon", "coordinates": [ [ [ -6.88755, 33.948822 ], [ -6.887506, 33.950625 ], [ -6.889669, 33.950662 ], [ -6.889713, 33.948859 ], [ -6.88755, 33.948822 ] ] ] } },
{ "type": "Feature", "properties": { "urban_density": 0.10480737764301645, "temperature_proxy": 27.681247954679606 }, "geometry": { "type": "Polygon", "coordinates": [ [ [ -6.887506, 33.950625 ], [ -6.887461, 33.952427 ], [ -6.889624, 33.952465 ], [ -6.889669, 33.950662 ], [ -6.887506, 33.950625 ] ] ] } },
{ "type": "Feature", "properties": { "urban_density": 0.093754875191575895, "temperature_proxy": 27.609406688745242 }, "geometry": { "type": "Polygon", "coordinates": [ [ [ -6.887461, 33.952427 ], [ -6.887417, 33.95423 ], [ -6.88958, 33.954267 ], [ -6.889624, 33.952465 ], [ -6.887461, 33.952427 ] ] ] } },
{ "type": "Feature", "properties": { "urban_density": 0.099784895523778783, "temperature_proxy": 27.648601820904563 }, "geometry": { "type": "Polygon", "coordinates": [ [ [ -6.887417, 33.95423 ], [ -6.887372, 33.956033 ], [ -6.889535, 33.95607 ], [ -6.88958, 33.954267 ], [ -6.887417, 33.95423 ] ] ] } },
{ "type": "Feature", "properties": { "urban_density": 0.049030670635476954, "temperature_proxy": 27.318699359130601 }, "geometry": { "type": "Polygon", "coordinates": [ [ [ -6.887372, 33.956033 ], [ -6.887327, 33.957835 ], [ -6.889491, 33.957872 ], [ -6.889535, 33.95607 ], [ -6.887372, 33.956033 ] ] ] } },
{ "type": "Feature", "properties": { "urban_density": 0.40583226540175099, "temperature_proxy": 29.637909725111381 }, "geometry": { "type": "Polygon", "coordinates": [ [ [ -6.887327, 33.957835 ], [ -6.887283, 33.959638 ], [ -6.889446, 33.959675 ], [ -6.889491, 33.957872 ], [ -6.887327, 33.957835 ] ] ] } },
{ "type": "Feature", "properties": { "urban_density": 0.44632722574837197, "temperature_proxy": 29.901126967364419 }, "geometry": { "type": "Polygon", "coordinates": [ [ [ -6.887283, 33.959638 ], [ -6.887238, 33.96144 ], [ -6.889402, 33.961477 ], [ -6.889446, 33.959675 ], [ -6.887283, 33.959638 ] ] ] } },
{ "type": "Feature", "properties": { "urban_density": 0.10402215055287095, "temperature_proxy": 27.676143978593661 }, "geometry": { "type": "Polygon", "coordinates": [ [ [ -6.887238, 33.96144 ], [ -6.887194, 33.963243 ], [ -6.889357, 33.96328 ], [ -6.889402, 33.961477 ], [ -6.887238, 33.96144 ] ] ] } },
{ "type": "Feature", "properties": { "urban_density": 0.1231948782146, "temperature_proxy": 27.800766708394899 }, "geometry": { "type": "Polygon", "coordinates": [ [ [ -6.887104, 33.966848 ], [ -6.88706, 33.968651 ], [ -6.889223, 33.968688 ], [ -6.889268, 33.966885 ], [ -6.887104, 33.966848 ] ] ] } },
{ "type": "Feature", "properties": { "urban_density": 0.27873173492704906, "temperature_proxy": 28.811756277025818 }, "geometry": { "type": "Polygon", "coordinates": [ [ [ -6.88706, 33.968651 ], [ -6.887015, 33.970453 ], [ -6.889179, 33.97049 ], [ -6.889223, 33.968688 ], [ -6.88706, 33.968651 ] ] ] } },
{ "type": "Feature", "properties": { "urban_density": 0.35610298302974397, "temperature_proxy": 29.314669389693336 }, "geometry": { "type": "Polygon", "coordinates": [ [ [ -6.887015, 33.970453 ], [ -6.886971, 33.972256 ], [ -6.889134, 33.972293 ], [ -6.889179, 33.97049 ], [ -6.887015, 33.970453 ] ] ] } },
{ "type": "Feature", "properties": { "urban_density": 0.25398477877532599, "temperature_proxy": 28.650901062039619 }, "geometry": { "type": "Polygon", "coordinates": [ [ [ -6.886971, 33.972256 ], [ -6.886926, 33.974058 ], [ -6.88909, 33.974095 ], [ -6.889134, 33.972293 ], [ -6.886971, 33.972256 ] ] ] } },
{ "type": "Feature", "properties": { "urban_density": 0.39922489141318657, "temperature_proxy": 29.594961794185714 }, "geometry": { "type": "Polygon", "coordinates": [ [ [ -6.886926, 33.974058 ], [ -6.886881, 33.975861 ], [ -6.889045, 33.975898 ], [ -6.88909, 33.974095 ], [ -6.886926, 33.974058 ] ] ] } },
{ "type": "Feature", "properties": { "urban_density": 0.25382128991116987, "temperature_proxy": 28.649838384422605 }, "geometry": { "type": "Polygon", "coordinates": [ [ [ -6.886881, 33.975861 ], [ -6.886837, 33.977663 ], [ -6.889001, 33.977701 ], [ -6.889045, 33.975898 ], [ -6.886881, 33.975861 ] ] ] } },
{ "type": "Feature", "properties": { "urban_density": 0.38507435662381151, "temperature_proxy": 29.502983318054774 }, "geometry": { "type": "Polygon", "coordinates": [ [ [ -6.886837, 33.977663 ], [ -6.886792, 33.979466 ], [ -6.888956, 33.979503 ], [ -6.889001, 33.977701 ], [ -6.886837, 33.977663 ] ] ] } },
{ "type": "Feature", "properties": { "urban_density": 0.55797655641495381, "temperature_proxy": 30.626847616697198 }, "geometry": { "type": "Polygon", "coordinates": [ [ [ -6.886792, 33.979466 ], [ -6.886748, 33.981269 ], [ -6.888911, 33.981306 ], [ -6.888956, 33.979503 ], [ -6.886792, 33.979466 ] ] ] } },
{ "type": "Feature", "properties": { "urban_density": 0.12265801676719541, "temperature_proxy": 27.797277108986769 }, "geometry": { "type": "Polygon", "coordinates": [ [ [ -6.886748, 33.981269 ], [ -6.886703, 33.983071 ], [ -6.888867, 33.983108 ], [ -6.888911, 33.981306 ], [ -6.886748, 33.981269 ] ] ] } },
{ "type": "Feature", "properties": { "urban_density": 0.064156727469412075, "temperature_proxy": 27.417018728551177 }, "geometry": { "type": "Polygon", "coordinates": [ [ [ -6.886703, 33.983071 ], [ -6.886658, 33.984874 ], [ -6.888822, 33.984911 ], [ -6.888867, 33.983108 ], [ -6.886703, 33.983071 ] ] ] } },
{ "type": "Feature", "properties": { "urban_density": 0.2074924653535842, "temperature_proxy": 28.348701024798299 }, "geometry": { "type": "Polygon", "coordinates": [ [ [ -6.886658, 33.984874 ], [ -6.886614, 33.986676 ], [ -6.888778, 33.986713 ], [ -6.888822, 33.984911 ], [ -6.886658, 33.984874 ] ] ] } },
{ "type": "Feature", "properties": { "urban_density": 0.083244920527731942, "temperature_proxy": 27.541091983430256 }, "geometry": { "type": "Polygon", "coordinates": [ [ [ -6.886614, 33.986676 ], [ -6.886569, 33.988479 ], [ -6.888733, 33.988516 ], [ -6.888778, 33.986713 ], [ -6.886614, 33.986676 ] ] ] } },
{ "type": "Feature", "properties": { "urban_density": 0.010018940662961792, "temperature_proxy": 27.065123114309252 }, "geometry": { "type": "Polygon", "coordinates": [ [ [ -6.886569, 33.988479 ], [ -6.886524, 33.990281 ], [ -6.888688, 33.990318 ], [ -6.888733, 33.988516 ], [ -6.886569, 33.988479 ] ] ] } },
{ "type": "Feature", "properties": { "urban_density": 0.39539194472060435, "temperature_proxy": 29.570047640683928 }, "geometry": { "type": "Polygon", "coordinates": [ [ [ -6.88561, 33.939772 ], [ -6.885566, 33.941575 ], [ -6.887728, 33.941612 ], [ -6.887773, 33.939809 ], [ -6.88561, 33.939772 ] ] ] } },
{ "type": "Feature", "properties": { "urban_density": 0.50725715121655413, "temperature_proxy": 30.297171482907601 }, "geometry": { "type": "Polygon", "coordinates": [ [ [ -6.885566, 33.941575 ], [ -6.885521, 33.943377 ], [ -6.887684, 33.943415 ], [ -6.887728, 33.941612 ], [ -6.885566, 33.941575 ] ] ] } },
{ "type": "Feature", "properties": { "urban_density": 0.035693741719896255, "temperature_proxy": 27.232009321179326 }, "geometry": { "type": "Polygon", "coordinates": [ [ [ -6.885521, 33.943377 ], [ -6.885476, 33.94518 ], [ -6.887639, 33.945217 ], [ -6.887684, 33.943415 ], [ -6.885521, 33.943377 ] ] ] } },
{ "type": "Feature", "properties": { "urban_density": 0.52170019221240083, "temperature_proxy": 30.391051249380606 }, "geometry": { "type": "Polygon", "coordinates": [ [ [ -6.885476, 33.94518 ], [ -6.885432, 33.946983 ], [ -6.887595, 33.94702 ], [ -6.887639, 33.945217 ], [ -6.885476, 33.94518 ] ] ] } },
{ "type": "Feature", "properties": { "urban_density": 0.042396102016135112, "temperature_proxy": 27.275574663104877 }, "geometry": { "type": "Polygon", "coordinates": [ [ [ -6.885432, 33.946983 ], [ -6.885387, 33.948785 ], [ -6.88755, 33.948822 ], [ -6.887595, 33.94702 ], [ -6.885432, 33.946983 ] ] ] } },
{ "type": "Feature", "properties": { "urban_density": 0.086213891628804468, "temperature_proxy": 27.560390295587229 }, "geometry": { "type": "Polygon", "coordinates": [ [ [ -6.885387, 33.948785 ], [ -6.885343, 33.950588 ], [ -6.887506, 33.950625 ], [ -6.88755, 33.948822 ], [ -6.885387, 33.948785 ] ] ] } },
{ "type": "Feature", "properties": { "urban_density": 0.18092482573571864, "temperature_proxy": 28.176011367282172 }, "geometry": { "type": "Polygon", "coordinates": [ [ [ -6.885343, 33.950588 ], [ -6.885298, 33.95239 ], [ -6.887461, 33.952427 ], [ -6.887506, 33.950625 ], [ -6.885343, 33.950588 ] ] ] } },
{ "type": "Feature", "properties": { "urban_density": 0.081340412947738236, "temperature_proxy": 27.528712684160297 }, "geometry": { "type": "Polygon", "coordinates": [ [ [ -6.885298, 33.95239 ], [ -6.885253, 33.954193 ], [ -6.887417, 33.95423 ], [ -6.887461, 33.952427 ], [ -6.885298, 33.95239 ] ] ] } },
{ "type": "Feature", "properties": { "urban_density": 0.17972126115941642, "temperature_proxy": 28.168188197536207 }, "geometry": { "type": "Polygon", "coordinates": [ [ [ -6.885253, 33.954193 ], [ -6.885209, 33.955995 ], [ -6.887372, 33.956033 ], [ -6.887417, 33.95423 ], [ -6.885253, 33.954193 ] ] ] } },
{ "type": "Feature", "properties": { "urban_density": 0.26703757140234791, "temperature_proxy": 28.735744214115261 }, "geometry": { "type": "Polygon", "coordinates": [ [ [ -6.885209, 33.955995 ], [ -6.885164, 33.957798 ], [ -6.887327, 33.957835 ], [ -6.887372, 33.956033 ], [ -6.885209, 33.955995 ] ] ] } },
{ "type": "Feature", "properties": { "urban_density": 0.094248151688605356, "temperature_proxy": 27.612612985975936 }, "geometry": { "type": "Polygon", "coordinates": [ [ [ -6.885164, 33.957798 ], [ -6.88512, 33.959601 ], [ -6.887283, 33.959638 ], [ -6.887327, 33.957835 ], [ -6.885164, 33.957798 ] ] ] } },
{ "type": "Feature", "properties": { "urban_density": 0.022263432841924884, "temperature_proxy": 27.14471231347251 }, "geometry": { "type": "Polygon", "coordinates": [ [ [ -6.88512, 33.959601 ], [ -6.885075, 33.961403 ], [ -6.887238, 33.96144 ], [ -6.887283, 33.959638 ], [ -6.88512, 33.959601 ] ] ] } },
{ "type": "Feature", "properties": { "urban_density": 0.27236459391567341, "temperature_proxy": 28.770369860451876 }, "geometry": { "type": "Polygon", "coordinates": [ [ [ -6.885075, 33.961403 ], [ -6.88503, 33.963206 ], [ -6.887194, 33.963243 ], [ -6.887238, 33.96144 ], [ -6.885075, 33.961403 ] ] ] } },
{ "type": "Feature", "properties": { "urban_density": 0.16655861802623223, "temperature_proxy": 28.08263101717051 }, "geometry": { "type": "Polygon", "coordinates": [ [ [ -6.88503, 33.963206 ], [ -6.884986, 33.965008 ], [ -6.887149, 33.965045 ], [ -6.887194, 33.963243 ], [ -6.88503, 33.963206 ] ] ] } },
{ "type": "Feature", "properties": { "urban_density": 0.14342326934895072, "temperature_proxy": 27.932251250768179 }, "geometry": { "type": "Polygon", "coordinates": [ [ [ -6.884896, 33.968613 ], [ -6.884852, 33.970416 ], [ -6.887015, 33.970453 ], [ -6.88706, 33.968651 ], [ -6.884896, 33.968613 ] ] ] } },
{ "type": "Feature", "properties": { "urban_density": 0.13875206152249051, "temperature_proxy": 27.901888399896187 }, "geometry": { "type": "Polygon", "coordinates": [ [ [ -6.884852, 33.970416 ], [ -6.884807, 33.972219 ], [ -6.886971, 33.972256 ], [ -6.887015, 33.970453 ], [ -6.884852, 33.970416 ] ] ] } },
{ "type": "Feature", "properties": { "urban_density": 0.31747352700806331, "temperature_proxy": 29.063577925552412 }, "geometry": { "type": "Polygon", "coordinates": [ [ [ -6.884807, 33.972219 ], [ -6.884762, 33.974021 ], [ -6.886926, 33.974058 ], [ -6.886971, 33.972256 ], [ -6.884807, 33.972219 ] ] ] } },
{ "type": "Feature", "properties": { "urban_density": 0.28788400664393887, "temperature_proxy": 28.871246043185604 }, "geometry": { "type": "Polygon", "coordinates": [ [ [ -6.884762, 33.974021 ], [ -6.884718, 33.975824 ], [ -6.886881, 33.975861 ], [ -6.886926, 33.974058 ], [ -6.884762, 33.974021 ] ] ] } },
{ "type": "Feature", "properties": { "urban_density": 0.1664041492530986, "temperature_proxy": 28.081626970145141 }, "geometry": { "type": "Polygon", "coordinates": [ [ [ -6.884718, 33.975824 ], [ -6.884673, 33.977626 ], [ -6.886837, 33.977663 ], [ -6.886881, 33.975861 ], [ -6.884718, 33.975824 ] ] ] } },
{ "type": "Feature", "properties": { "urban_density": 0.52756180032081013, "temperature_proxy": 30.429151702085267 }, "geometry": { "type": "Polygon", "coordinates": [ [ [ -6.884673, 33.977626 ], [ -6.884628, 33.979429 ], [ -6.886792, 33.979466 ], [ -6.886837, 33.977663 ], [ -6.884673, 33.977626 ] ] ] } },
{ "type": "Feature", "properties": { "urban_density": 0.55244747912720049, "temperature_proxy": 30.590908614326803 }, "geometry": { "type": "Polygon", "coordinates": [ [ [ -6.884628, 33.979429 ], [ -6.884584, 33.981231 ], [ -6.886748, 33.981269 ], [ -6.886792, 33.979466 ], [ -6.884628, 33.979429 ] ] ] } },
{ "type": "Feature", "properties": { "urban_density": 0.47604354599334864, "temperature_proxy": 30.094283048956765 }, "geometry": { "type": "Polygon", "coordinates": [ [ [ -6.884584, 33.981231 ], [ -6.884539, 33.983034 ], [ -6.886703, 33.983071 ], [ -6.886748, 33.981269 ], [ -6.884584, 33.981231 ] ] ] } },
{ "type": "Feature", "properties": { "urban_density": 0.11143574851316257, "temperature_proxy": 27.724332365335556 }, "geometry": { "type": "Polygon", "coordinates": [ [ [ -6.884539, 33.983034 ], [ -6.884494, 33.984836 ], [ -6.886658, 33.984874 ], [ -6.886703, 33.983071 ], [ -6.884539, 33.983034 ] ] ] } },
{ "type": "Feature", "properties": { "urban_density": 0.016812935291861786, "temperature_proxy": 27.109284079397103 }, "geometry": { "type": "Polygon", "coordinates": [ [ [ -6.884494, 33.984836 ], [ -6.88445, 33.986639 ], [ -6.886614, 33.986676 ], [ -6.886658, 33.984874 ], [ -6.884494, 33.984836 ] ] ] } },
{ "type": "Feature", "properties": { "urban_density": 0.10277418968035119, "temperature_proxy": 27.668032232922283 }, "geometry": { "type": "Polygon", "coordinates": [ [ [ -6.88445, 33.986639 ], [ -6.884405, 33.988442 ], [ -6.886569, 33.988479 ], [ -6.886614, 33.986676 ], [ -6.88445, 33.986639 ] ] ] } },
{ "type": "Feature", "properties": { "urban_density": 0.052830281174943733, "temperature_proxy": 27.343396827637136 }, "geometry": { "type": "Polygon", "coordinates": [ [ [ -6.884405, 33.988442 ], [ -6.88436, 33.990244 ], [ -6.886524, 33.990281 ], [ -6.886569, 33.988479 ], [ -6.884405, 33.988442 ] ] ] } },
{ "type": "Feature", "properties": { "urban_density": 0.018067490791399295, "temperature_proxy": 27.117438690144095 }, "geometry": { "type": "Polygon", "coordinates": [ [ [ -6.88436, 33.990244 ], [ -6.884316, 33.992047 ], [ -6.88648, 33.992084 ], [ -6.886524, 33.990281 ], [ -6.88436, 33.990244 ] ] ] } },
{ "type": "Feature", "properties": { "urban_density": 0.28637487521405497, "temperature_proxy": 28.861436688891356 }, "geometry": { "type": "Polygon", "coordinates": [ [ [ -6.883448, 33.939735 ], [ -6.883403, 33.941538 ], [ -6.885566, 33.941575 ], [ -6.88561, 33.939772 ], [ -6.883448, 33.939735 ] ] ] } },
{ "type": "Feature", "properties": { "urban_density": 0.5019629349112904, "temperature_proxy": 30.262759076923388 }, "geometry": { "type": "Polygon", "coordinates": [ [ [ -6.883403, 33.941538 ], [ -6.883358, 33.94334 ], [ -6.885521, 33.943377 ], [ -6.885566, 33.941575 ], [ -6.883403, 33.941538 ] ] ] } },
{ "type": "Feature", "properties": { "urban_density": 0.099680902788551434, "temperature_proxy": 27.647925868125583 }, "geometry": { "type": "Polygon", "coordinates": [ [ [ -6.883358, 33.94334 ], [ -6.883314, 33.945143 ], [ -6.885476, 33.94518 ], [ -6.885521, 33.943377 ], [ -6.883358, 33.94334 ] ] ] } },
{ "type": "Feature", "properties": { "urban_density": 0.067206001227872167, "temperature_proxy": 27.43683900798117 }, "geometry": { "type": "Polygon", "coordinates": [ [ [ -6.883314, 33.945143 ], [ -6.883269, 33.946945 ], [ -6.885432, 33.946983 ], [ -6.885476, 33.94518 ], [ -6.883314, 33.945143 ] ] ] } },
{ "type": "Feature", "properties": { "urban_density": 0.040496419124142438, "temperature_proxy": 27.263226724306925 }, "geometry": { "type": "Polygon", "coordinates": [ [ [ -6.883269, 33.946945 ], [ -6.883224, 33.948748 ], [ -6.885387, 33.948785 ], [ -6.885432, 33.946983 ], [ -6.883269, 33.946945 ] ] ] } },
{ "type": "Feature", "properties": { "urban_density": 0.07993775934856033, "temperature_proxy": 27.519595435765641 }, "geometry": { "type": "Polygon", "coordinates": [ [ [ -6.883224, 33.948748 ], [ -6.88318, 33.950551 ], [ -6.885343, 33.950588 ], [ -6.885387, 33.948785 ], [ -6.883224, 33.948748 ] ] ] } },
{ "type": "Feature", "properties": { "urban_density": 0.21648947132479238, "temperature_proxy": 28.40718156361115 }, "geometry": { "type": "Polygon", "coordinates": [ [ [ -6.88318, 33.950551 ], [ -6.883135, 33.952353 ], [ -6.885298, 33.95239 ], [ -6.885343, 33.950588 ], [ -6.88318, 33.950551 ] ] ] } },
{ "type": "Feature", "properties": { "urban_density": 0.28875295246449784, "temperature_proxy": 28.876894191019236 }, "geometry": { "type": "Polygon", "coordinates": [ [ [ -6.883135, 33.952353 ], [ -6.88309, 33.954156 ], [ -6.885253, 33.954193 ], [ -6.885298, 33.95239 ], [ -6.883135, 33.952353 ] ] ] } },
{ "type": "Feature", "properties": { "urban_density": 0.28012776946772971, "temperature_proxy": 28.820830501540243 }, "geometry": { "type": "Polygon", "coordinates": [ [ [ -6.88309, 33.954156 ], [ -6.883046, 33.955958 ], [ -6.885209, 33.955995 ], [ -6.885253, 33.954193 ], [ -6.88309, 33.954156 ] ] ] } },
{ "type": "Feature", "properties": { "urban_density": 0.19342835369391634, "temperature_proxy": 28.257284299010458 }, "geometry": { "type": "Polygon", "coordinates": [ [ [ -6.883046, 33.955958 ], [ -6.883001, 33.957761 ], [ -6.885164, 33.957798 ], [ -6.885209, 33.955995 ], [ -6.883046, 33.955958 ] ] ] } },
{ "type": "Feature", "properties": { "urban_density": 0.23208265638646122, "temperature_proxy": 28.508537266511997 }, "geometry": { "type": "Polygon", "coordinates": [ [ [ -6.883001, 33.957761 ], [ -6.882956, 33.959563 ], [ -6.88512, 33.959601 ], [ -6.885164, 33.957798 ], [ -6.883001, 33.957761 ] ] ] } },
{ "type": "Feature", "properties": { "urban_density": 0.1607274627130659, "temperature_proxy": 28.044728507634929 }, "geometry": { "type": "Polygon", "coordinates": [ [ [ -6.882956, 33.959563 ], [ -6.882912, 33.961366 ], [ -6.885075, 33.961403 ], [ -6.88512, 33.959601 ], [ -6.882956, 33.959563 ] ] ] } },
{ "type": "Feature", "properties": { "urban_density": 0.080235130666865745, "temperature_proxy": 27.521528349334627 }, "geometry": { "type": "Polygon", "coordinates": [ [ [ -6.882912, 33.961366 ], [ -6.882867, 33.963169 ], [ -6.88503, 33.963206 ], [ -6.885075, 33.961403 ], [ -6.882912, 33.961366 ] ] ] } },
{ "type": "Feature", "properties": { "urban_density": 0.076604373419824526, "temperature_proxy": 27.49792842722886 }, "geometry": { "type": "Polygon", "coordinates": [ [ [ -6.882867, 33.963169 ], [ -6.882822, 33.964971 ], [ -6.884986, 33.965008 ], [ -6.88503, 33.963206 ], [ -6.882867, 33.963169 ] ] ] } },
{ "type": "Feature", "properties": { "urban_density": 0.11247855784445301, "temperature_proxy": 27.731110625988943 }, "geometry": { "type": "Polygon", "coordinates": [ [ [ -6.882688, 33.970379 ], [ -6.882644, 33.972181 ], [ -6.884807, 33.972219 ], [ -6.884852, 33.970416 ], [ -6.882688, 33.970379 ] ] ] } },
{ "type": "Feature", "properties": { "urban_density": 0.142367993745947, "temperature_proxy": 27.925391959348655 }, "geometry": { "type": "Polygon", "coordinates": [ [ [ -6.882644, 33.972181 ], [ -6.882599, 33.973984 ], [ -6.884762, 33.974021 ], [ -6.884807, 33.972219 ], [ -6.882644, 33.972181 ] ] ] } },
{ "type": "Feature", "properties": { "urban_density": 0.14157227185512988, "temperature_proxy": 27.920219767058345 }, "geometry": { "type": "Polygon", "coordinates": [ [ [ -6.882599, 33.973984 ], [ -6.882554, 33.975786 ], [ -6.884718, 33.975824 ], [ -6.884762, 33.974021 ], [ -6.882599, 33.973984 ] ] ] } },
{ "type": "Feature", "properties": { "urban_density": 0.24530108590397648, "temperature_proxy": 28.594457058375848 }, "geometry": { "type": "Polygon", "coordinates": [ [ [ -6.882554, 33.975786 ], [ -6.882509, 33.977589 ], [ -6.884673, 33.977626 ], [ -6.884718, 33.975824 ], [ -6.882554, 33.975786 ] ] ] } },
{ "type": "Feature", "properties": { "urban_density": 0.22371319984888874, "temperature_proxy": 28.454135799017777 }, "geometry": { "type": "Polygon", "coordinates": [ [ [ -6.882509, 33.977589 ], [ -6.882465, 33.979392 ], [ -6.884628, 33.979429 ], [ -6.884673, 33.977626 ], [ -6.882509, 33.977589 ] ] ] } },
{ "type": "Feature", "properties": { "urban_density": 0.43082762807455383, "temperature_proxy": 29.800379582484599 }, "geometry": { "type": "Polygon", "coordinates": [ [ [ -6.882465, 33.979392 ], [ -6.88242, 33.981194 ], [ -6.884584, 33.981231 ], [ -6.884628, 33.979429 ], [ -6.882465, 33.979392 ] ] ] } },
{ "type": "Feature", "properties": { "urban_density": 0.52522563128085831, "temperature_proxy": 30.41396660332558 }, "geometry": { "type": "Polygon", "coordinates": [ [ [ -6.88242, 33.981194 ], [ -6.882375, 33.982997 ], [ -6.884539, 33.983034 ], [ -6.884584, 33.981231 ], [ -6.88242, 33.981194 ] ] ] } },
{ "type": "Feature", "properties": { "urban_density": 0.47665577040912432, "temperature_proxy": 30.098262507659307 }, "geometry": { "type": "Polygon", "coordinates": [ [ [ -6.882375, 33.982997 ], [ -6.882331, 33.984799 ], [ -6.884494, 33.984836 ], [ -6.884539, 33.983034 ], [ -6.882375, 33.982997 ] ] ] } },
{ "type": "Feature", "properties": { "urban_density": 0.20940122719378038, "temperature_proxy": 28.361107976759573 }, "geometry": { "type": "Polygon", "coordinates": [ [ [ -6.882331, 33.984799 ], [ -6.882286, 33.986602 ], [ -6.88445, 33.986639 ], [ -6.884494, 33.984836 ], [ -6.882331, 33.984799 ] ] ] } },
{ "type": "Feature", "properties": { "urban_density": 0.17880107587940616, "temperature_proxy": 28.162206993216142 }, "geometry": { "type": "Polygon", "coordinates": [ [ [ -6.882286, 33.986602 ], [ -6.882241, 33.988404 ], [ -6.884405, 33.988442 ], [ -6.88445, 33.986639 ], [ -6.882286, 33.986602 ] ] ] } },
{ "type": "Feature", "properties": { "urban_density": 0.28668605916981188, "temperature_proxy": 28.863459384603779 }, "geometry": { "type": "Polygon", "coordinates": [ [ [ -6.882241, 33.988404 ], [ -6.882196, 33.990207 ], [ -6.88436, 33.990244 ], [ -6.884405, 33.988442 ], [ -6.882241, 33.988404 ] ] ] } },
{ "type": "Feature", "properties": { "urban_density": 0.23599289732985859, "temperature_proxy": 28.53395383264408 }, "geometry": { "type": "Polygon", "coordinates": [ [ [ -6.882196, 33.990207 ], [ -6.882152, 33.992009 ], [ -6.884316, 33.992047 ], [ -6.88436, 33.990244 ], [ -6.882196, 33.990207 ] ] ] } },
{ "type": "Feature", "properties": { "urban_density": 0.043911052882549595, "temperature_proxy": 27.285421843736572 }, "geometry": { "type": "Polygon", "coordinates": [ [ [ -6.882152, 33.992009 ], [ -6.882107, 33.993812 ], [ -6.884271, 33.993849 ], [ -6.884316, 33.992047 ], [ -6.882152, 33.992009 ] ] ] } },
{ "type": "Feature", "properties": { "urban_density": 0.15976785614419947, "temperature_proxy": 28.038491064937297 }, "geometry": { "type": "Polygon", "coordinates": [ [ [ -6.881285, 33.939698 ], [ -6.88124, 33.941501 ], [ -6.883403, 33.941538 ], [ -6.883448, 33.939735 ], [ -6.881285, 33.939698 ] ] ] } },
{ "type": "Feature", "properties": { "urban_density": 0.060504236360613764, "temperature_proxy": 27.393277536343991 }, "geometry": { "type": "Polygon", "coordinates": [ [ [ -6.88124, 33.941501 ], [ -6.881195, 33.943303 ], [ -6.883358, 33.94334 ], [ -6.883403, 33.941538 ], [ -6.88124, 33.941501 ] ] ] } },
{ "type": "Feature", "properties": { "urban_density": 0.16164402553440793, "temperature_proxy": 28.050686165973651 }, "geometry": { "type": "Polygon", "coordinates": [ [ [ -6.881017, 33.950513 ], [ -6.880972, 33.952316 ], [ -6.883135, 33.952353 ], [ -6.88318, 33.950551 ], [ -6.881017, 33.950513 ] ] ] } },
{ "type": "Feature", "properties": { "urban_density": 0.20327327456143782, "temperature_proxy": 28.321276284649347 }, "geometry": { "type": "Polygon", "coordinates": [ [ [ -6.880972, 33.952316 ], [ -6.880927, 33.954118 ], [ -6.88309, 33.954156 ], [ -6.883135, 33.952353 ], [ -6.880972, 33.952316 ] ] ] } },
{ "type": "Feature", "properties": { "urban_density": 0.21937304692801721, "temperature_proxy": 28.42592480503211 }, "geometry": { "type": "Polygon", "coordinates": [ [ [ -6.880927, 33.954118 ], [ -6.880883, 33.955921 ], [ -6.883046, 33.955958 ], [ -6.88309, 33.954156 ], [ -6.880927, 33.954118 ] ] ] } },
{ "type": "Feature", "properties": { "urban_density": 0.27947320856830254, "temperature_proxy": 28.816575855693966 }, "geometry": { "type": "Polygon", "coordinates": [ [ [ -6.880883, 33.955921 ], [ -6.880838, 33.957724 ], [ -6.883001, 33.957761 ], [ -6.883046, 33.955958 ], [ -6.880883, 33.955921 ] ] ] } },
{ "type": "Feature", "properties": { "urban_density": 0.25714681816805901, "temperature_proxy": 28.671454318092383 }, "geometry": { "type": "Polygon", "coordinates": [ [ [ -6.880838, 33.957724 ], [ -6.880793, 33.959526 ], [ -6.882956, 33.959563 ], [ -6.883001, 33.957761 ], [ -6.880838, 33.957724 ] ] ] } },
{ "type": "Feature", "properties": { "urban_density": 0.24672202206288721, "temperature_proxy": 28.603693143408766 }, "geometry": { "type": "Polygon", "coordinates": [ [ [ -6.880793, 33.959526 ], [ -6.880748, 33.961329 ], [ -6.882912, 33.961366 ], [ -6.882956, 33.959563 ], [ -6.880793, 33.959526 ] ] ] } },
{ "type": "Feature", "properties": { "urban_density": 0.16956338362359821, "temperature_proxy": 28.102161993553388 }, "geometry": { "type": "Polygon", "coordinates": [ [ [ -6.880748, 33.961329 ], [ -6.880704, 33.963131 ], [ -6.882867, 33.963169 ], [ -6.882912, 33.961366 ], [ -6.880748, 33.961329 ] ] ] } },
{ "type": "Feature", "properties": { "urban_density": 0.25859149964979961, "temperature_proxy": 28.680844747723697 }, "geometry": { "type": "Polygon", "coordinates": [ [ [ -6.880704, 33.963131 ], [ -6.880659, 33.964934 ], [ -6.882822, 33.964971 ], [ -6.882867, 33.963169 ], [ -6.880704, 33.963131 ] ] ] } },
{ "type": "Feature", "properties": { "urban_density": 0.1295131470185274, "temperature_proxy": 27.841835455620426 }, "geometry": { "type": "Polygon", "coordinates": [ [ [ -6.880659, 33.964934 ], [ -6.880614, 33.966736 ], [ -6.882778, 33.966774 ], [ -6.882822, 33.964971 ], [ -6.880659, 33.964934 ] ] ] } },
{ "type": "Feature", "properties": { "urban_density": 0.31173702108420448, "temperature_proxy": 29.026290637047328 }, "geometry": { "type": "Polygon", "coordinates": [ [ [ -6.880614, 33.966736 ], [ -6.88057, 33.968539 ], [ -6.882733, 33.968576 ], [ -6.882778, 33.966774 ], [ -6.880614, 33.966736 ] ] ] } },
{ "type": "Feature", "properties": { "urban_density": 0.13638608185480125, "temperature_proxy": 27.886509532056209 }, "geometry": { "type": "Polygon", "coordinates": [ [ [ -6.88057, 33.968539 ], [ -6.880525, 33.970341 ], [ -6.882688, 33.970379 ], [ -6.882733, 33.968576 ], [ -6.88057, 33.968539 ] ] ] } },
{ "type": "Feature", "properties": { "urban_density": 0.01542520604142909, "temperature_proxy": 27.100263839269289 }, "geometry": { "type": "Polygon", "coordinates": [ [ [ -6.88048, 33.972144 ], [ -6.880435, 33.973947 ], [ -6.882599, 33.973984 ], [ -6.882644, 33.972181 ], [ -6.88048, 33.972144 ] ] ] } },
{ "type": "Feature", "properties": { "urban_density": 0.16524180279130668, "temperature_proxy": 28.074071718143493 }, "geometry": { "type": "Polygon", "coordinates": [ [ [ -6.880435, 33.973947 ], [ -6.880391, 33.975749 ], [ -6.882554, 33.975786 ], [ -6.882599, 33.973984 ], [ -6.880435, 33.973947 ] ] ] } },
{ "type": "Feature", "properties": { "urban_density": 0.1965765362593474, "temperature_proxy": 28.277747485685758 }, "geometry": { "type": "Polygon", "coordinates": [ [ [ -6.880391, 33.975749 ], [ -6.880346, 33.977552 ], [ -6.882509, 33.977589 ], [ -6.882554, 33.975786 ], [ -6.880391, 33.975749 ] ] ] } },
{ "type": "Feature", "properties": { "urban_density": 0.2437482669014685, "temperature_proxy": 28.584363734859544 }, "geometry": { "type": "Polygon", "coordinates": [ [ [ -6.880346, 33.977552 ], [ -6.880301, 33.979354 ], [ -6.882465, 33.979392 ], [ -6.882509, 33.977589 ], [ -6.880346, 33.977552 ] ] ] } },
{ "type": "Feature", "properties": { "urban_density": 0.22125651715464117, "temperature_proxy": 28.438167361505169 }, "geometry": { "type": "Polygon", "coordinates": [ [ [ -6.880301, 33.979354 ], [ -6.880256, 33.981157 ], [ -6.88242, 33.981194 ], [ -6.882465, 33.979392 ], [ -6.880301, 33.979354 ] ] ] } },
{ "type": "Feature", "properties": { "urban_density": 0.42559570807066377, "temperature_proxy": 29.766372102459314 }, "geometry": { "type": "Polygon", "coordinates": [ [ [ -6.880256, 33.981157 ], [ -6.880212, 33.982959 ], [ -6.882375, 33.982997 ], [ -6.88242, 33.981194 ], [ -6.880256, 33.981157 ] ] ] } },
{ "type": "Feature", "properties": { "urban_density": 0.23438669782268229, "temperature_proxy": 28.523513535847435 }, "geometry": { "type": "Polygon", "coordinates": [ [ [ -6.880212, 33.982959 ], [ -6.880167, 33.984762 ], [ -6.882331, 33.984799 ], [ -6.882375, 33.982997 ], [ -6.880212, 33.982959 ] ] ] } },
{ "type": "Feature", "properties": { "urban_density": 0.46355599230107875, "temperature_proxy": 30.013113949957013 }, "geometry": { "type": "Polygon", "coordinates": [ [ [ -6.880167, 33.984762 ], [ -6.880122, 33.986564 ], [ -6.882286, 33.986602 ], [ -6.882331, 33.984799 ], [ -6.880167, 33.984762 ] ] ] } },
{ "type": "Feature", "properties": { "urban_density": 0.51033021982448756, "temperature_proxy": 30.317146428859168 }, "geometry": { "type": "Polygon", "coordinates": [ [ [ -6.880122, 33.986564 ], [ -6.880077, 33.988367 ], [ -6.882241, 33.988404 ], [ -6.882286, 33.986602 ], [ -6.880122, 33.986564 ] ] ] } },
{ "type": "Feature", "properties": { "urban_density": 0.14492858220113158, "temperature_proxy": 27.942035784307354 }, "geometry": { "type": "Polygon", "coordinates": [ [ [ -6.880077, 33.988367 ], [ -6.880032, 33.99017 ], [ -6.882196, 33.990207 ], [ -6.882241, 33.988404 ], [ -6.880077, 33.988367 ] ] ] } },
{ "type": "Feature", "properties": { "urban_density": 0.28320292096774208, "temperature_proxy": 28.840818986290323 }, "geometry": { "type": "Polygon", "coordinates": [ [ [ -6.880032, 33.99017 ], [ -6.879988, 33.991972 ], [ -6.882152, 33.992009 ], [ -6.882196, 33.990207 ], [ -6.880032, 33.99017 ] ] ] } },
{ "type": "Feature", "properties": { "urban_density": 0.33247313805492196, "temperature_proxy": 29.161075397356992 }, "geometry": { "type": "Polygon", "coordinates": [ [ [ -6.879988, 33.991972 ], [ -6.879943, 33.993775 ], [ -6.882107, 33.993812 ], [ -6.882152, 33.992009 ], [ -6.879988, 33.991972 ] ] ] } },
{ "type": "Feature", "properties": { "urban_density": 0.11758141165268657, "temperature_proxy": 27.764279175742463 }, "geometry": { "type": "Polygon", "coordinates": [ [ [ -6.879943, 33.993775 ], [ -6.879898, 33.995577 ], [ -6.882062, 33.995614 ], [ -6.882107, 33.993812 ], [ -6.879943, 33.993775 ] ] ] } },
{ "type": "Feature", "properties": { "urban_density": 0.013445889619403186, "temperature_proxy": 27.08739828252612 }, "geometry": { "type": "Polygon", "coordinates": [ [ [ -6.879898, 33.995577 ], [ -6.879853, 33.99738 ], [ -6.882017, 33.997417 ], [ -6.882062, 33.995614 ], [ -6.879898, 33.995577 ] ] ] } },
{ "type": "Feature", "properties": { "urban_density": 0.016069593223471824, "temperature_proxy": 27.104452355952567 }, "geometry": { "type": "Polygon", "coordinates": [ [ [ -6.878943, 33.946871 ], [ -6.878898, 33.948674 ], [ -6.881061, 33.948711 ], [ -6.881106, 33.946908 ], [ -6.878943, 33.946871 ] ] ] } },
{ "type": "Feature", "properties": { "urban_density": 0.073612811608157067, "temperature_proxy": 27.478483275453019 }, "geometry": { "type": "Polygon", "coordinates": [ [ [ -6.878898, 33.948674 ], [ -6.878854, 33.950476 ], [ -6.881017, 33.950513 ], [ -6.881061, 33.948711 ], [ -6.878898, 33.948674 ] ] ] } },
{ "type": "Feature", "properties": { "urban_density": 0.20258390315558364, "temperature_proxy": 28.316795370511294 }, "geometry": { "type": "Polygon", "coordinates": [ [ [ -6.878854, 33.950476 ], [ -6.878809, 33.952279 ], [ -6.880972, 33.952316 ], [ -6.881017, 33.950513 ], [ -6.878854, 33.950476 ] ] ] } },
{ "type": "Feature", "properties": { "urban_density": 0.1936937539837397, "temperature_proxy": 28.259009400894307 }, "geometry": { "type": "Polygon", "coordinates": [ [ [ -6.878809, 33.952279 ], [ -6.878764, 33.954081 ], [ -6.880927, 33.954118 ], [ -6.880972, 33.952316 ], [ -6.878809, 33.952279 ] ] ] } },
{ "type": "Feature", "properties": { "urban_density": 0.11216320130684417, "temperature_proxy": 27.729060808494488 }, "geometry": { "type": "Polygon", "coordinates": [ [ [ -6.878764, 33.954081 ], [ -6.878719, 33.955884 ], [ -6.880883, 33.955921 ], [ -6.880927, 33.954118 ], [ -6.878764, 33.954081 ] ] ] } },
{ "type": "Feature", "properties": { "urban_density": 0.22809985779529485, "temperature_proxy": 28.482649075669418 }, "geometry": { "type": "Polygon", "coordinates": [ [ [ -6.878719, 33.955884 ], [ -6.878675, 33.957686 ], [ -6.880838, 33.957724 ], [ -6.880883, 33.955921 ], [ -6.878719, 33.955884 ] ] ] } },
{ "type": "Feature", "properties": { "urban_density": 0.2030522627580798, "temperature_proxy": 28.319839707927517 }, "geometry": { "type": "Polygon", "coordinates": [ [ [ -6.878675, 33.957686 ], [ -6.87863, 33.959489 ], [ -6.880793, 33.959526 ], [ -6.880838, 33.957724 ], [ -6.878675, 33.957686 ] ] ] } },
{ "type": "Feature", "properties": { "urban_density": 0.21869363977092252, "temperature_proxy": 28.421508658510998 }, "geometry": { "type": "Polygon", "coordinates": [ [ [ -6.87863, 33.959489 ], [ -6.878585, 33.961291 ], [ -6.880748, 33.961329 ], [ -6.880793, 33.959526 ], [ -6.87863, 33.959489 ] ] ] } },
{ "type": "Feature", "properties": { "urban_density": 0.19287821097494492, "temperature_proxy": 28.25370837133714 }, "geometry": { "type": "Polygon", "coordinates": [ [ [ -6.878585, 33.961291 ], [ -6.87854, 33.963094 ], [ -6.880704, 33.963131 ], [ -6.880748, 33.961329 ], [ -6.878585, 33.961291 ] ] ] } },
{ "type": "Feature", "properties": { "urban_density": 0.18105585489179038, "temperature_proxy": 28.176863056796638 }, "geometry": { "type": "Polygon", "coordinates": [ [ [ -6.87854, 33.963094 ], [ -6.878496, 33.964897 ], [ -6.880659, 33.964934 ], [ -6.880704, 33.963131 ], [ -6.87854, 33.963094 ] ] ] } },
{ "type": "Feature", "properties": { "urban_density": 0.18758450050918563, "temperature_proxy": 28.219299253309707 }, "geometry": { "type": "Polygon", "coordinates": [ [ [ -6.878496, 33.964897 ], [ -6.878451, 33.966699 ], [ -6.880614, 33.966736 ], [ -6.880659, 33.964934 ], [ -6.878496, 33.964897 ] ] ] } },
{ "type": "Feature", "properties": { "urban_density": 0.18100738401686278, "temperature_proxy": 28.176547996109608 }, "geometry": { "type": "Polygon", "coordinates": [ [ [ -6.878451, 33.966699 ], [ -6.878406, 33.968502 ], [ -6.88057, 33.968539 ], [ -6.880614, 33.966736 ], [ -6.878451, 33.966699 ] ] ] } },
{ "type": "Feature", "properties": { "urban_density": 0.15271380191912509, "temperature_proxy": 27.992639712474315 }, "geometry": { "type": "Polygon", "coordinates": [ [ [ -6.878406, 33.968502 ], [ -6.878361, 33.970304 ], [ -6.880525, 33.970341 ], [ -6.88057, 33.968539 ], [ -6.878406, 33.968502 ] ] ] } },
{ "type": "Feature", "properties": { "urban_density": 0.049359773224212047, "temperature_proxy": 27.320838525957377 }, "geometry": { "type": "Polygon", "coordinates": [ [ [ -6.878361, 33.970304 ], [ -6.878317, 33.972107 ], [ -6.88048, 33.972144 ], [ -6.880525, 33.970341 ], [ -6.878361, 33.970304 ] ] ] } },
{ "type": "Feature", "properties": { "urban_density": 0.060080603263314415, "temperature_proxy": 27.390523921211543 }, "geometry": { "type": "Polygon", "coordinates": [ [ [ -6.878272, 33.973909 ], [ -6.878227, 33.975712 ], [ -6.880391, 33.975749 ], [ -6.880435, 33.973947 ], [ -6.878272, 33.973909 ] ] ] } },
{ "type": "Feature", "properties": { "urban_density": 0.091166894440002269, "temperature_proxy": 27.592584813860014 }, "geometry": { "type": "Polygon", "coordinates": [ [ [ -6.878227, 33.975712 ], [ -6.878182, 33.977514 ], [ -6.880346, 33.977552 ], [ -6.880391, 33.975749 ], [ -6.878227, 33.975712 ] ] ] } },
{ "type": "Feature", "properties": { "urban_density": 0.19514265582135359, "temperature_proxy": 28.268427262838799 }, "geometry": { "type": "Polygon", "coordinates": [ [ [ -6.878182, 33.977514 ], [ -6.878137, 33.979317 ], [ -6.880301, 33.979354 ], [ -6.880346, 33.977552 ], [ -6.878182, 33.977514 ] ] ] } },
{ "type": "Feature", "properties": { "urban_density": 0.2754204134927884, "temperature_proxy": 28.790232687703124 }, "geometry": { "type": "Polygon", "coordinates": [ [ [ -6.878137, 33.979317 ], [ -6.878093, 33.981119 ], [ -6.880256, 33.981157 ], [ -6.880301, 33.979354 ], [ -6.878137, 33.979317 ] ] ] } },
{ "type": "Feature", "properties": { "urban_density": 0.26687035123851494, "temperature_proxy": 28.734657283050346 }, "geometry": { "type": "Polygon", "coordinates": [ [ [ -6.878093, 33.981119 ], [ -6.878048, 33.982922 ], [ -6.880212, 33.982959 ], [ -6.880256, 33.981157 ], [ -6.878093, 33.981119 ] ] ] } },
{ "type": "Feature", "properties": { "urban_density": 0.26673609112692986, "temperature_proxy": 28.733784592325044 }, "geometry": { "type": "Polygon", "coordinates": [ [ [ -6.878048, 33.982922 ], [ -6.878003, 33.984725 ], [ -6.880167, 33.984762 ], [ -6.880212, 33.982959 ], [ -6.878048, 33.982922 ] ] ] } },
{ "type": "Feature", "properties": { "urban_density": 0.24277642225212762, "temperature_proxy": 28.578046744638829 }, "geometry": { "type": "Polygon", "coordinates": [ [ [ -6.878003, 33.984725 ], [ -6.877958, 33.986527 ], [ -6.880122, 33.986564 ], [ -6.880167, 33.984762 ], [ -6.878003, 33.984725 ] ] ] } },
{ "type": "Feature", "properties": { "urban_density": 0.49972066519905872, "temperature_proxy": 30.248184323793883 }, "geometry": { "type": "Polygon", "coordinates": [ [ [ -6.877958, 33.986527 ], [ -6.877913, 33.98833 ], [ -6.880077, 33.988367 ], [ -6.880122, 33.986564 ], [ -6.877958, 33.986527 ] ] ] } },
{ "type": "Feature", "properties": { "urban_density": 0.38583563143596022, "temperature_proxy": 29.507931604333741 }, "geometry": { "type": "Polygon", "coordinates": [ [ [ -6.877913, 33.98833 ], [ -6.877868, 33.990132 ], [ -6.880032, 33.99017 ], [ -6.880077, 33.988367 ], [ -6.877913, 33.98833 ] ] ] } },
{ "type": "Feature", "properties": { "urban_density": 0.15934981575108492, "temperature_proxy": 28.035773802382053 }, "geometry": { "type": "Polygon", "coordinates": [ [ [ -6.877868, 33.990132 ], [ -6.877824, 33.991935 ], [ -6.879988, 33.991972 ], [ -6.880032, 33.99017 ], [ -6.877868, 33.990132 ] ] ] } },
{ "type": "Feature", "properties": { "urban_density": 0.24716355813674928, "temperature_proxy": 28.606563127888869 }, "geometry": { "type": "Polygon", "coordinates": [ [ [ -6.877824, 33.991935 ], [ -6.877779, 33.993737 ], [ -6.879943, 33.993775 ], [ -6.879988, 33.991972 ], [ -6.877824, 33.991935 ] ] ] } },
{ "type": "Feature", "properties": { "urban_density": 0.4407383962867949, "temperature_proxy": 29.864799575864168 }, "geometry": { "type": "Polygon", "coordinates": [ [ [ -6.877779, 33.993737 ], [ -6.877734, 33.99554 ], [ -6.879898, 33.995577 ], [ -6.879943, 33.993775 ], [ -6.877779, 33.993737 ] ] ] } },
{ "type": "Feature", "properties": { "urban_density": 0.14586239269846693, "temperature_proxy": 27.948105552540035 }, "geometry": { "type": "Polygon", "coordinates": [ [ [ -6.877734, 33.99554 ], [ -6.877689, 33.997342 ], [ -6.879853, 33.99738 ], [ -6.879898, 33.995577 ], [ -6.877734, 33.99554 ] ] ] } },
{ "type": "Feature", "properties": { "urban_density": 0.19626068784434839, "temperature_proxy": 28.275694470988263 }, "geometry": { "type": "Polygon", "coordinates": [ [ [ -6.87678, 33.946834 ], [ -6.876736, 33.948636 ], [ -6.878898, 33.948674 ], [ -6.878943, 33.946871 ], [ -6.87678, 33.946834 ] ] ] } },
{ "type": "Feature", "properties": { "urban_density": 0.29536212042125221, "temperature_proxy": 28.919853782738141 }, "geometry": { "type": "Polygon", "coordinates": [ [ [ -6.876736, 33.948636 ], [ -6.876691, 33.950439 ], [ -6.878854, 33.950476 ], [ -6.878898, 33.948674 ], [ -6.876736, 33.948636 ] ] ] } },
{ "type": "Feature", "properties": { "urban_density": 0.18113656540733486, "temperature_proxy": 28.177387675147678 }, "geometry": { "type": "Polygon", "coordinates": [ [ [ -6.876691, 33.950439 ], [ -6.876646, 33.952241 ], [ -6.878809, 33.952279 ], [ -6.878854, 33.950476 ], [ -6.876691, 33.950439 ] ] ] } },
{ "type": "Feature", "properties": { "urban_density": 0.19843781470933963, "temperature_proxy": 28.289845795610709 }, "geometry": { "type": "Polygon", "coordinates": [ [ [ -6.876646, 33.952241 ], [ -6.876601, 33.954044 ], [ -6.878764, 33.954081 ], [ -6.878809, 33.952279 ], [ -6.876646, 33.952241 ] ] ] } },
{ "type": "Feature", "properties": { "urban_density": 0.23288226095080869, "temperature_proxy": 28.513734696180258 }, "geometry": { "type": "Polygon", "coordinates": [ [ [ -6.876601, 33.954044 ], [ -6.876556, 33.955846 ], [ -6.878719, 33.955884 ], [ -6.878764, 33.954081 ], [ -6.876601, 33.954044 ] ] ] } },
{ "type": "Feature", "properties": { "urban_density": 0.14472020880279901, "temperature_proxy": 27.940681357218192 }, "geometry": { "type": "Polygon", "coordinates": [ [ [ -6.876556, 33.955846 ], [ -6.876512, 33.957649 ], [ -6.878675, 33.957686 ], [ -6.878719, 33.955884 ], [ -6.876556, 33.955846 ] ] ] } },
{ "type": "Feature", "properties": { "urban_density": 0.1564333207444096, "temperature_proxy": 28.016816584838661 }, "geometry": { "type": "Polygon", "coordinates": [ [ [ -6.876512, 33.957649 ], [ -6.876467, 33.959452 ], [ -6.87863, 33.959489 ], [ -6.878675, 33.957686 ], [ -6.876512, 33.957649 ] ] ] } },
{ "type": "Feature", "properties": { "urban_density": 0.26572318498060021, "temperature_proxy": 28.727200702373903 }, "geometry": { "type": "Polygon", "coordinates": [ [ [ -6.876467, 33.959452 ], [ -6.876422, 33.961254 ], [ -6.878585, 33.961291 ], [ -6.87863, 33.959489 ], [ -6.876467, 33.959452 ] ] ] } },
{ "type": "Feature", "properties": { "urban_density": 0.26152336460674924, "temperature_proxy": 28.699901869943869 }, "geometry": { "type": "Polygon", "coordinates": [ [ [ -6.876422, 33.961254 ], [ -6.876377, 33.963057 ], [ -6.87854, 33.963094 ], [ -6.878585, 33.961291 ], [ -6.876422, 33.961254 ] ] ] } },
{ "type": "Feature", "properties": { "urban_density": 0.32021235350915789, "temperature_proxy": 29.081380297809527 }, "geometry": { "type": "Polygon", "coordinates": [ [ [ -6.876377, 33.963057 ], [ -6.876332, 33.964859 ], [ -6.878496, 33.964897 ], [ -6.87854, 33.963094 ], [ -6.876377, 33.963057 ] ] ] } },
{ "type": "Feature", "properties": { "urban_density": 0.19902229851284925, "temperature_proxy": 28.293644940333522 }, "geometry": { "type": "Polygon", "coordinates": [ [ [ -6.876332, 33.964859 ], [ -6.876287, 33.966662 ], [ -6.878451, 33.966699 ], [ -6.878496, 33.964897 ], [ -6.876332, 33.964859 ] ] ] } },
{ "type": "Feature", "properties": { "urban_density": 0.22809189798304541, "temperature_proxy": 28.482597336889796 }, "geometry": { "type": "Polygon", "coordinates": [ [ [ -6.876287, 33.966662 ], [ -6.876243, 33.968464 ], [ -6.878406, 33.968502 ], [ -6.878451, 33.966699 ], [ -6.876287, 33.966662 ] ] ] } },
{ "type": "Feature", "properties": { "urban_density": 0.33258109897131799, "temperature_proxy": 29.161777143313568 }, "geometry": { "type": "Polygon", "coordinates": [ [ [ -6.876243, 33.968464 ], [ -6.876198, 33.970267 ], [ -6.878361, 33.970304 ], [ -6.878406, 33.968502 ], [ -6.876243, 33.968464 ] ] ] } },
{ "type": "Feature", "properties": { "urban_density": 0.12437005241035556, "temperature_proxy": 27.80840534066731 }, "geometry": { "type": "Polygon", "coordinates": [ [ [ -6.876198, 33.970267 ], [ -6.876153, 33.972069 ], [ -6.878317, 33.972107 ], [ -6.878361, 33.970304 ], [ -6.876198, 33.970267 ] ] ] } },
{ "type": "Feature", "properties": { "urban_density": 0.095792370063911322, "temperature_proxy": 27.622650405415424 }, "geometry": { "type": "Polygon", "coordinates": [ [ [ -6.876153, 33.972069 ], [ -6.876108, 33.973872 ], [ -6.878272, 33.973909 ], [ -6.878317, 33.972107 ], [ -6.876153, 33.972069 ] ] ] } },
{ "type": "Feature", "properties": { "urban_density": 0.2453549245994017, "temperature_proxy": 28.594807009896112 }, "geometry": { "type": "Polygon", "coordinates": [ [ [ -6.876108, 33.973872 ], [ -6.876063, 33.975675 ], [ -6.878227, 33.975712 ], [ -6.878272, 33.973909 ], [ -6.876108, 33.973872 ] ] ] } },
{ "type": "Feature", "properties": { "urban_density": 0.13021941287009892, "temperature_proxy": 27.846426183655645 }, "geometry": { "type": "Polygon", "coordinates": [ [ [ -6.876063, 33.975675 ], [ -6.876018, 33.977477 ], [ -6.878182, 33.977514 ], [ -6.878227, 33.975712 ], [ -6.876063, 33.975675 ] ] ] } },
{ "type": "Feature", "properties": { "urban_density": 0.036813820839896011, "temperature_proxy": 27.239289835459324 }, "geometry": { "type": "Polygon", "coordinates": [ [ [ -6.876018, 33.977477 ], [ -6.875974, 33.97928 ], [ -6.878137, 33.979317 ], [ -6.878182, 33.977514 ], [ -6.876018, 33.977477 ] ] ] } },
{ "type": "Feature", "properties": { "urban_density": 0.17850177563517733, "temperature_proxy": 28.160261541628653 }, "geometry": { "type": "Polygon", "coordinates": [ [ [ -6.875974, 33.97928 ], [ -6.875929, 33.981082 ], [ -6.878093, 33.981119 ], [ -6.878137, 33.979317 ], [ -6.875974, 33.97928 ] ] ] } },
{ "type": "Feature", "properties": { "urban_density": 0.1872843705681185, "temperature_proxy": 28.217348408692771 }, "geometry": { "type": "Polygon", "coordinates": [ [ [ -6.875929, 33.981082 ], [ -6.875884, 33.982885 ], [ -6.878048, 33.982922 ], [ -6.878093, 33.981119 ], [ -6.875929, 33.981082 ] ] ] } },
{ "type": "Feature", "properties": { "urban_density": 0.20241463508071389, "temperature_proxy": 28.31569512802464 }, "geometry": { "type": "Polygon", "coordinates": [ [ [ -6.875884, 33.982885 ], [ -6.875839, 33.984687 ], [ -6.878003, 33.984725 ], [ -6.878048, 33.982922 ], [ -6.875884, 33.982885 ] ] ] } },
{ "type": "Feature", "properties": { "urban_density": 0.22249576888315023, "temperature_proxy": 28.446222497740475 }, "geometry": { "type": "Polygon", "coordinates": [ [ [ -6.875839, 33.984687 ], [ -6.875794, 33.98649 ], [ -6.877958, 33.986527 ], [ -6.878003, 33.984725 ], [ -6.875839, 33.984687 ] ] ] } },
{ "type": "Feature", "properties": { "urban_density": 0.30514908670117746, "temperature_proxy": 28.983469063557653 }, "geometry": { "type": "Polygon", "coordinates": [ [ [ -6.875794, 33.98649 ], [ -6.875749, 33.988292 ], [ -6.877913, 33.98833 ], [ -6.877958, 33.986527 ], [ -6.875794, 33.98649 ] ] ] } },
{ "type": "Feature", "properties": { "urban_density": 0.25139154853148427, "temperature_proxy": 28.634045065454647 }, "geometry": { "type": "Polygon", "coordinates": [ [ [ -6.875749, 33.988292 ], [ -6.875704, 33.990095 ], [ -6.877868, 33.990132 ], [ -6.877913, 33.98833 ], [ -6.875749, 33.988292 ] ] ] } },
{ "type": "Feature", "properties": { "urban_density": 0.31432414552399185, "temperature_proxy": 29.043106945905947 }, "geometry": { "type": "Polygon", "coordinates": [ [ [ -6.875704, 33.990095 ], [ -6.87566, 33.991897 ], [ -6.877824, 33.991935 ], [ -6.877868, 33.990132 ], [ -6.875704, 33.990095 ] ] ] } },
{ "type": "Feature", "properties": { "urban_density": 0.18497502717017728, "temperature_proxy": 28.202337676606152 }, "geometry": { "type": "Polygon", "coordinates": [ [ [ -6.87566, 33.991897 ], [ -6.875615, 33.9937 ], [ -6.877779, 33.993737 ], [ -6.877824, 33.991935 ], [ -6.87566, 33.991897 ] ] ] } },
{ "type": "Feature", "properties": { "urban_density": 0.22378497098925954, "temperature_proxy": 28.454602311430186 }, "geometry": { "type": "Polygon", "coordinates": [ [ [ -6.875615, 33.9937 ], [ -6.87557, 33.995502 ], [ -6.877734, 33.99554 ], [ -6.877779, 33.993737 ], [ -6.875615, 33.9937 ] ] ] } },
{ "type": "Feature", "properties": { "urban_density": 0.32723066776997284, "temperature_proxy": 29.126999340504824 }, "geometry": { "type": "Polygon", "coordinates": [ [ [ -6.87557, 33.995502 ], [ -6.875525, 33.997305 ], [ -6.877689, 33.997342 ], [ -6.877734, 33.99554 ], [ -6.87557, 33.995502 ] ] ] } },
{ "type": "Feature", "properties": { "urban_density": 0.088515199720749185, "temperature_proxy": 27.575348798184869 }, "geometry": { "type": "Polygon", "coordinates": [ [ [ -6.875525, 33.997305 ], [ -6.87548, 33.999108 ], [ -6.877644, 33.999145 ], [ -6.877689, 33.997342 ], [ -6.875525, 33.997305 ] ] ] } },
{ "type": "Feature", "properties": { "urban_density": 0.2615269826388214, "temperature_proxy": 28.699925387152341 }, "geometry": { "type": "Polygon", "coordinates": [ [ [ -6.874617, 33.946796 ], [ -6.874573, 33.948599 ], [ -6.876736, 33.948636 ], [ -6.87678, 33.946834 ], [ -6.874617, 33.946796 ] ] ] } },
{ "type": "Feature", "properties": { "urban_density": 0.22338403928015438, "temperature_proxy": 28.451996255321003 }, "geometry": { "type": "Polygon", "coordinates": [ [ [ -6.874573, 33.948599 ], [ -6.874528, 33.950401 ], [ -6.876691, 33.950439 ], [ -6.876736, 33.948636 ], [ -6.874573, 33.948599 ] ] ] } },
{ "type": "Feature", "properties": { "urban_density": 0.22541897831185279, "temperature_proxy": 28.465223359027043 }, "geometry": { "type": "Polygon", "coordinates": [ [ [ -6.874528, 33.950401 ], [ -6.874483, 33.952204 ], [ -6.876646, 33.952241 ], [ -6.876691, 33.950439 ], [ -6.874528, 33.950401 ] ] ] } },
{ "type": "Feature", "properties": { "urban_density": 0.26013317626292387, "temperature_proxy": 28.690865645709007 }, "geometry": { "type": "Polygon", "coordinates": [ [ [ -6.874483, 33.952204 ], [ -6.874438, 33.954007 ], [ -6.876601, 33.954044 ], [ -6.876646, 33.952241 ], [ -6.874483, 33.952204 ] ] ] } },
{ "type": "Feature", "properties": { "urban_density": 0.32407626074448415, "temperature_proxy": 29.106495694839147 }, "geometry": { "type": "Polygon", "coordinates": [ [ [ -6.874438, 33.954007 ], [ -6.874393, 33.955809 ], [ -6.876556, 33.955846 ], [ -6.876601, 33.954044 ], [ -6.874438, 33.954007 ] ] ] } },
{ "type": "Feature", "properties": { "urban_density": 0.36068775423776561, "temperature_proxy": 29.344470402545475 }, "geometry": { "type": "Polygon", "coordinates": [ [ [ -6.874393, 33.955809 ], [ -6.874348, 33.957612 ], [ -6.876512, 33.957649 ], [ -6.876556, 33.955846 ], [ -6.874393, 33.955809 ] ] ] } },
{ "type": "Feature", "properties": { "urban_density": 0.18958905197015569, "temperature_proxy": 28.232328837806012 }, "geometry": { "type": "Polygon", "coordinates": [ [ [ -6.874348, 33.957612 ], [ -6.874304, 33.959414 ], [ -6.876467, 33.959452 ], [ -6.876512, 33.957649 ], [ -6.874348, 33.957612 ] ] ] } },
{ "type": "Feature", "properties": { "urban_density": 0.12436878360874305, "temperature_proxy": 27.808397093456829 }, "geometry": { "type": "Polygon", "coordinates": [ [ [ -6.874304, 33.959414 ], [ -6.874259, 33.961217 ], [ -6.876422, 33.961254 ], [ -6.876467, 33.959452 ], [ -6.874304, 33.959414 ] ] ] } },
{ "type": "Feature", "properties": { "urban_density": 0.2681796455707442, "temperature_proxy": 28.743167696209838 }, "geometry": { "type": "Polygon", "coordinates": [ [ [ -6.874259, 33.961217 ], [ -6.874214, 33.963019 ], [ -6.876377, 33.963057 ], [ -6.876422, 33.961254 ], [ -6.874259, 33.961217 ] ] ] } },
{ "type": "Feature", "properties": { "urban_density": 0.22995528074113059, "temperature_proxy": 28.49470932481735 }, "geometry": { "type": "Polygon", "coordinates": [ [ [ -6.874214, 33.963019 ], [ -6.874169, 33.964822 ], [ -6.876332, 33.964859 ], [ -6.876377, 33.963057 ], [ -6.874214, 33.963019 ] ] ] } },
{ "type": "Feature", "properties": { "urban_density": 0.084553776004938547, "temperature_proxy": 27.549599544032102 }, "geometry": { "type": "Polygon", "coordinates": [ [ [ -6.874169, 33.964822 ], [ -6.874124, 33.966624 ], [ -6.876287, 33.966662 ], [ -6.876332, 33.964859 ], [ -6.874169, 33.964822 ] ] ] } },
{ "type": "Feature", "properties": { "urban_density": 0.09052736524248195, "temperature_proxy": 27.588427874076132 }, "geometry": { "type": "Polygon", "coordinates": [ [ [ -6.874124, 33.966624 ], [ -6.874079, 33.968427 ], [ -6.876243, 33.968464 ], [ -6.876287, 33.966662 ], [ -6.874124, 33.966624 ] ] ] } },
{ "type": "Feature", "properties": { "urban_density": 0.13860241891367978, "temperature_proxy": 27.900915722938919 }, "geometry": { "type": "Polygon", "coordinates": [ [ [ -6.874079, 33.968427 ], [ -6.874034, 33.970229 ], [ -6.876198, 33.970267 ], [ -6.876243, 33.968464 ], [ -6.874079, 33.968427 ] ] ] } },
{ "type": "Feature", "properties": { "urban_density": 0.2239802018615841, "temperature_proxy": 28.455871312100296 }, "geometry": { "type": "Polygon", "coordinates": [ [ [ -6.874034, 33.970229 ], [ -6.873989, 33.972032 ], [ -6.876153, 33.972069 ], [ -6.876198, 33.970267 ], [ -6.874034, 33.970229 ] ] ] } },
{ "type": "Feature", "properties": { "urban_density": 0.19945508755893729, "temperature_proxy": 28.296458069133092 }, "geometry": { "type": "Polygon", "coordinates": [ [ [ -6.873989, 33.972032 ], [ -6.873945, 33.973835 ], [ -6.876108, 33.973872 ], [ -6.876153, 33.972069 ], [ -6.873989, 33.972032 ] ] ] } },
{ "type": "Feature", "properties": { "urban_density": 0.21718272636538896, "temperature_proxy": 28.411687721375028 }, "geometry": { "type": "Polygon", "coordinates": [ [ [ -6.873945, 33.973835 ], [ -6.8739, 33.975637 ], [ -6.876063, 33.975675 ], [ -6.876108, 33.973872 ], [ -6.873945, 33.973835 ] ] ] } },
{ "type": "Feature", "properties": { "urban_density": 0.16884558586565268, "temperature_proxy": 28.097496308126743 }, "geometry": { "type": "Polygon", "coordinates": [ [ [ -6.8739, 33.975637 ], [ -6.873855, 33.97744 ], [ -6.876018, 33.977477 ], [ -6.876063, 33.975675 ], [ -6.8739, 33.975637 ] ] ] } },
{ "type": "Feature", "properties": { "urban_density": 0.23011659044663096, "temperature_proxy": 28.495757837903103 }, "geometry": { "type": "Polygon", "coordinates": [ [ [ -6.873855, 33.97744 ], [ -6.87381, 33.979242 ], [ -6.875974, 33.97928 ], [ -6.876018, 33.977477 ], [ -6.873855, 33.97744 ] ] ] } },
{ "type": "Feature", "properties": { "urban_density": 0.25720203703847294, "temperature_proxy": 28.671813240750073 }, "geometry": { "type": "Polygon", "coordinates": [ [ [ -6.87381, 33.979242 ], [ -6.873765, 33.981045 ], [ -6.875929, 33.981082 ], [ -6.875974, 33.97928 ], [ -6.87381, 33.979242 ] ] ] } },
{ "type": "Feature", "properties": { "urban_density": 0.29585869344269961, "temperature_proxy": 28.923081507377546 }, "geometry": { "type": "Polygon", "coordinates": [ [ [ -6.873765, 33.981045 ], [ -6.87372, 33.982847 ], [ -6.875884, 33.982885 ], [ -6.875929, 33.981082 ], [ -6.873765, 33.981045 ] ] ] } },
{ "type": "Feature", "properties": { "urban_density": 0.34859490005812022, "temperature_proxy": 29.265866850377783 }, "geometry": { "type": "Polygon", "coordinates": [ [ [ -6.87372, 33.982847 ], [ -6.873675, 33.98465 ], [ -6.875839, 33.984687 ], [ -6.875884, 33.982885 ], [ -6.87372, 33.982847 ] ] ] } },
{ "type": "Feature", "properties": { "urban_density": 0.24244000607344274, "temperature_proxy": 28.575860039477377 }, "geometry": { "type": "Polygon", "coordinates": [ [ [ -6.873675, 33.98465 ], [ -6.87363, 33.986452 ], [ -6.875794, 33.98649 ], [ -6.875839, 33.984687 ], [ -6.873675, 33.98465 ] ] ] } },
{ "type": "Feature", "properties": { "urban_density": 0.25786467961574672, "temperature_proxy": 28.676120417502354 }, "geometry": { "type": "Polygon", "coordinates": [ [ [ -6.87363, 33.986452 ], [ -6.873585, 33.988255 ], [ -6.875749, 33.988292 ], [ -6.875794, 33.98649 ], [ -6.87363, 33.986452 ] ] ] } },
{ "type": "Feature", "properties": { "urban_density": 0.18492730289077514, "temperature_proxy": 28.202027468790039 }, "geometry": { "type": "Polygon", "coordinates": [ [ [ -6.873585, 33.988255 ], [ -6.87354, 33.990057 ], [ -6.875704, 33.990095 ], [ -6.875749, 33.988292 ], [ -6.873585, 33.988255 ] ] ] } },
{ "type": "Feature", "properties": { "urban_density": 0.26910168081697183, "temperature_proxy": 28.749160925310317 }, "geometry": { "type": "Polygon", "coordinates": [ [ [ -6.87354, 33.990057 ], [ -6.873496, 33.99186 ], [ -6.87566, 33.991897 ], [ -6.875704, 33.990095 ], [ -6.87354, 33.990057 ] ] ] } },
{ "type": "Feature", "properties": { "urban_density": 0.21414034743643115, "temperature_proxy": 28.391912258336802 }, "geometry": { "type": "Polygon", "coordinates": [ [ [ -6.873496, 33.99186 ], [ -6.873451, 33.993663 ], [ -6.875615, 33.9937 ], [ -6.87566, 33.991897 ], [ -6.873496, 33.99186 ] ] ] } },
{ "type": "Feature", "properties": { "urban_density": 0.14032590056066971, "temperature_proxy": 27.912118353644352 }, "geometry": { "type": "Polygon", "coordinates": [ [ [ -6.873451, 33.993663 ], [ -6.873406, 33.995465 ], [ -6.87557, 33.995502 ], [ -6.875615, 33.9937 ], [ -6.873451, 33.993663 ] ] ] } },
{ "type": "Feature", "properties": { "urban_density": 0.22526909750315227, "temperature_proxy": 28.46424913377049 }, "geometry": { "type": "Polygon", "coordinates": [ [ [ -6.873406, 33.995465 ], [ -6.873361, 33.997268 ], [ -6.875525, 33.997305 ], [ -6.87557, 33.995502 ], [ -6.873406, 33.995465 ] ] ] } },
{ "type": "Feature", "properties": { "urban_density": 0.30633063071110894, "temperature_proxy": 28.991149099622209 }, "geometry": { "type": "Polygon", "coordinates": [ [ [ -6.873361, 33.997268 ], [ -6.873316, 33.99907 ], [ -6.87548, 33.999108 ], [ -6.875525, 33.997305 ], [ -6.873361, 33.997268 ] ] ] } },
{ "type": "Feature", "properties": { "urban_density": 0.33361764204030953, "temperature_proxy": 29.168514673262013 }, "geometry": { "type": "Polygon", "coordinates": [ [ [ -6.873316, 33.99907 ], [ -6.873271, 34.000873 ], [ -6.875435, 34.00091 ], [ -6.87548, 33.999108 ], [ -6.873316, 33.99907 ] ] ] } },
{ "type": "Feature", "properties": { "urban_density": 0.030411546895814909, "temperature_proxy": 27.197675054822795 }, "geometry": { "type": "Polygon", "coordinates": [ [ [ -6.873271, 34.000873 ], [ -6.873226, 34.002675 ], [ -6.87539, 34.002713 ], [ -6.875435, 34.00091 ], [ -6.873271, 34.000873 ] ] ] } },
{ "type": "Feature", "properties": { "urban_density": 0.13654972598419837, "temperature_proxy": 27.887573218897291 }, "geometry": { "type": "Polygon", "coordinates": [ [ [ -6.872544, 33.943154 ], [ -6.872499, 33.944956 ], [ -6.874662, 33.944994 ], [ -6.874707, 33.943191 ], [ -6.872544, 33.943154 ] ] ] } },
{ "type": "Feature", "properties": { "urban_density": 0.20734844446671322, "temperature_proxy": 28.347764889033638 }, "geometry": { "type": "Polygon", "coordinates": [ [ [ -6.872455, 33.946759 ], [ -6.87241, 33.948562 ], [ -6.874573, 33.948599 ], [ -6.874617, 33.946796 ], [ -6.872455, 33.946759 ] ] ] } },
{ "type": "Feature", "properties": { "urban_density": 0.23531338437319119, "temperature_proxy": 28.529536998425744 }, "geometry": { "type": "Polygon", "coordinates": [ [ [ -6.87241, 33.948562 ], [ -6.872365, 33.950364 ], [ -6.874528, 33.950401 ], [ -6.874573, 33.948599 ], [ -6.87241, 33.948562 ] ] ] } },
{ "type": "Feature", "properties": { "urban_density": 0.26183588027211585, "temperature_proxy": 28.701933221768755 }, "geometry": { "type": "Polygon", "coordinates": [ [ [ -6.872365, 33.950364 ], [ -6.87232, 33.952167 ], [ -6.874483, 33.952204 ], [ -6.874528, 33.950401 ], [ -6.872365, 33.950364 ] ] ] } },
{ "type": "Feature", "properties": { "urban_density": 0.31335373721692961, "temperature_proxy": 29.036799291910043 }, "geometry": { "type": "Polygon", "coordinates": [ [ [ -6.87232, 33.952167 ], [ -6.872275, 33.953969 ], [ -6.874438, 33.954007 ], [ -6.874483, 33.952204 ], [ -6.87232, 33.952167 ] ] ] } },
{ "type": "Feature", "properties": { "urban_density": 0.39913361986116663, "temperature_proxy": 29.594368529097583 }, "geometry": { "type": "Polygon", "coordinates": [ [ [ -6.872275, 33.953969 ], [ -6.87223, 33.955772 ], [ -6.874393, 33.955809 ], [ -6.874438, 33.954007 ], [ -6.872275, 33.953969 ] ] ] } },
{ "type": "Feature", "properties": { "urban_density": 0.23556696909621291, "temperature_proxy": 28.531185299125383 }, "geometry": { "type": "Polygon", "coordinates": [ [ [ -6.87223, 33.955772 ], [ -6.872185, 33.957574 ], [ -6.874348, 33.957612 ], [ -6.874393, 33.955809 ], [ -6.87223, 33.955772 ] ] ] } },
{ "type": "Feature", "properties": { "urban_density": 0.3302685767781956, "temperature_proxy": 29.146745749058272 }, "geometry": { "type": "Polygon", "coordinates": [ [ [ -6.872185, 33.957574 ], [ -6.87214, 33.959377 ], [ -6.874304, 33.959414 ], [ -6.874348, 33.957612 ], [ -6.872185, 33.957574 ] ] ] } },
{ "type": "Feature", "properties": { "urban_density": 0.1749235393104612, "temperature_proxy": 28.137003005517997 }, "geometry": { "type": "Polygon", "coordinates": [ [ [ -6.87214, 33.959377 ], [ -6.872095, 33.961179 ], [ -6.874259, 33.961217 ], [ -6.874304, 33.959414 ], [ -6.87214, 33.959377 ] ] ] } },
{ "type": "Feature", "properties": { "urban_density": 0.16290981853462824, "temperature_proxy": 28.058913820475084 }, "geometry": { "type": "Polygon", "coordinates": [ [ [ -6.872095, 33.961179 ], [ -6.872051, 33.962982 ], [ -6.874214, 33.963019 ], [ -6.874259, 33.961217 ], [ -6.872095, 33.961179 ] ] ] } },
{ "type": "Feature", "properties": { "urban_density": 0.20965635138007438, "temperature_proxy": 28.362766283970483 }, "geometry": { "type": "Polygon", "coordinates": [ [ [ -6.872051, 33.962982 ], [ -6.872006, 33.964784 ], [ -6.874169, 33.964822 ], [ -6.874214, 33.963019 ], [ -6.872051, 33.962982 ] ] ] } },
{ "type": "Feature", "properties": { "urban_density": 0.2290421007593719, "temperature_proxy": 28.488773654935919 }, "geometry": { "type": "Polygon", "coordinates": [ [ [ -6.872006, 33.964784 ], [ -6.871961, 33.966587 ], [ -6.874124, 33.966624 ], [ -6.874169, 33.964822 ], [ -6.872006, 33.964784 ] ] ] } },
{ "type": "Feature", "properties": { "urban_density": 0.11942937486177184, "temperature_proxy": 27.776290936601516 }, "geometry": { "type": "Polygon", "coordinates": [ [ [ -6.871961, 33.966587 ], [ -6.871916, 33.96839 ], [ -6.874079, 33.968427 ], [ -6.874124, 33.966624 ], [ -6.871961, 33.966587 ] ] ] } },
{ "type": "Feature", "properties": { "urban_density": 0.2314340401280108, "temperature_proxy": 28.504321260832072 }, "geometry": { "type": "Polygon", "coordinates": [ [ [ -6.871916, 33.96839 ], [ -6.871871, 33.970192 ], [ -6.874034, 33.970229 ], [ -6.874079, 33.968427 ], [ -6.871916, 33.96839 ] ] ] } },
{ "type": "Feature", "properties": { "urban_density": 0.037961465753256048, "temperature_proxy": 27.246749527396165 }, "geometry": { "type": "Polygon", "coordinates": [ [ [ -6.871871, 33.970192 ], [ -6.871826, 33.971995 ], [ -6.873989, 33.972032 ], [ -6.874034, 33.970229 ], [ -6.871871, 33.970192 ] ] ] } },
{ "type": "Feature", "properties": { "urban_density": 0.1860129460335708, "temperature_proxy": 28.20908414921821 }, "geometry": { "type": "Polygon", "coordinates": [ [ [ -6.871826, 33.971995 ], [ -6.871781, 33.973797 ], [ -6.873945, 33.973835 ], [ -6.873989, 33.972032 ], [ -6.871826, 33.971995 ] ] ] } },
{ "type": "Feature", "properties": { "urban_density": 0.23024640915950503, "temperature_proxy": 28.496601659536783 }, "geometry": { "type": "Polygon", "coordinates": [ [ [ -6.871781, 33.973797 ], [ -6.871736, 33.9756 ], [ -6.8739, 33.975637 ], [ -6.873945, 33.973835 ], [ -6.871781, 33.973797 ] ] ] } },
{ "type": "Feature", "properties": { "urban_density": 0.28782666427182618, "temperature_proxy": 28.870873317766872 }, "geometry": { "type": "Polygon", "coordinates": [ [ [ -6.871736, 33.9756 ], [ -6.871691, 33.977402 ], [ -6.873855, 33.97744 ], [ -6.8739, 33.975637 ], [ -6.871736, 33.9756 ] ] ] } },
{ "type": "Feature", "properties": { "urban_density": 0.21463326517692116, "temperature_proxy": 28.395116223649989 }, "geometry": { "type": "Polygon", "coordinates": [ [ [ -6.871691, 33.977402 ], [ -6.871646, 33.979205 ], [ -6.87381, 33.979242 ], [ -6.873855, 33.97744 ], [ -6.871691, 33.977402 ] ] ] } },
{ "type": "Feature", "properties": { "urban_density": 0.23767050085100419, "temperature_proxy": 28.544858255531526 }, "geometry": { "type": "Polygon", "coordinates": [ [ [ -6.871646, 33.979205 ], [ -6.871601, 33.981007 ], [ -6.873765, 33.981045 ], [ -6.87381, 33.979242 ], [ -6.871646, 33.979205 ] ] ] } },
{ "type": "Feature", "properties": { "urban_density": 0.2905766862249185, "temperature_proxy": 28.888748460461969 }, "geometry": { "type": "Polygon", "coordinates": [ [ [ -6.871601, 33.981007 ], [ -6.871556, 33.98281 ], [ -6.87372, 33.982847 ], [ -6.873765, 33.981045 ], [ -6.871601, 33.981007 ] ] ] } },
{ "type": "Feature", "properties": { "urban_density": 0.45118020177009865, "temperature_proxy": 29.93267131150564 }, "geometry": { "type": "Polygon", "coordinates": [ [ [ -6.871556, 33.98281 ], [ -6.871511, 33.984612 ], [ -6.873675, 33.98465 ], [ -6.87372, 33.982847 ], [ -6.871556, 33.98281 ] ] ] } },
{ "type": "Feature", "properties": { "urban_density": 0.61166554422132657, "temperature_proxy": 30.975826037438623 }, "geometry": { "type": "Polygon", "coordinates": [ [ [ -6.871511, 33.984612 ], [ -6.871466, 33.986415 ], [ -6.87363, 33.986452 ], [ -6.873675, 33.98465 ], [ -6.871511, 33.984612 ] ] ] } },
{ "type": "Feature", "properties": { "urban_density": 0.52072999420928978, "temperature_proxy": 30.384744962360383 }, "geometry": { "type": "Polygon", "coordinates": [ [ [ -6.871466, 33.986415 ], [ -6.871421, 33.988217 ], [ -6.873585, 33.988255 ], [ -6.87363, 33.986452 ], [ -6.871466, 33.986415 ] ] ] } },
{ "type": "Feature", "properties": { "urban_density": 0.229482747108671, "temperature_proxy": 28.49163785620636 }, "geometry": { "type": "Polygon", "coordinates": [ [ [ -6.871421, 33.988217 ], [ -6.871377, 33.99002 ], [ -6.87354, 33.990057 ], [ -6.873585, 33.988255 ], [ -6.871421, 33.988217 ] ] ] } },
{ "type": "Feature", "properties": { "urban_density": 0.18813782566413986, "temperature_proxy": 28.222895866816909 }, "geometry": { "type": "Polygon", "coordinates": [ [ [ -6.871377, 33.99002 ], [ -6.871332, 33.991823 ], [ -6.873496, 33.99186 ], [ -6.87354, 33.990057 ], [ -6.871377, 33.99002 ] ] ] } },
{ "type": "Feature", "properties": { "urban_density": 0.17918572967199392, "temperature_proxy": 28.164707242867962 }, "geometry": { "type": "Polygon", "coordinates": [ [ [ -6.871332, 33.991823 ], [ -6.871287, 33.993625 ], [ -6.873451, 33.993663 ], [ -6.873496, 33.99186 ], [ -6.871332, 33.991823 ] ] ] } },
{ "type": "Feature", "properties": { "urban_density": 0.097359887771575865, "temperature_proxy": 27.632839270515245 }, "geometry": { "type": "Polygon", "coordinates": [ [ [ -6.871287, 33.993625 ], [ -6.871242, 33.995428 ], [ -6.873406, 33.995465 ], [ -6.873451, 33.993663 ], [ -6.871287, 33.993625 ] ] ] } },
{ "type": "Feature", "properties": { "urban_density": 0.19860205387985852, "temperature_proxy": 28.290913350219082 }, "geometry": { "type": "Polygon", "coordinates": [ [ [ -6.871242, 33.995428 ], [ -6.871197, 33.99723 ], [ -6.873361, 33.997268 ], [ -6.873406, 33.995465 ], [ -6.871242, 33.995428 ] ] ] } },
{ "type": "Feature", "properties": { "urban_density": 0.38403789173872699, "temperature_proxy": 29.496246296301727 }, "geometry": { "type": "Polygon", "coordinates": [ [ [ -6.871197, 33.99723 ], [ -6.871152, 33.999033 ], [ -6.873316, 33.99907 ], [ -6.873361, 33.997268 ], [ -6.871197, 33.99723 ] ] ] } },
{ "type": "Feature", "properties": { "urban_density": 0.42990234243978886, "temperature_proxy": 29.794365225858627 }, "geometry": { "type": "Polygon", "coordinates": [ [ [ -6.871152, 33.999033 ], [ -6.871107, 34.000835 ], [ -6.873271, 34.000873 ], [ -6.873316, 33.99907 ], [ -6.871152, 33.999033 ] ] ] } },
{ "type": "Feature", "properties": { "urban_density": 0.48954827139950313, "temperature_proxy": 30.182063764096771 }, "geometry": { "type": "Polygon", "coordinates": [ [ [ -6.871107, 34.000835 ], [ -6.871062, 34.002638 ], [ -6.873226, 34.002675 ], [ -6.873271, 34.000873 ], [ -6.871107, 34.000835 ] ] ] } },
{ "type": "Feature", "properties": { "urban_density": 0.17095465518791933, "temperature_proxy": 28.111205258721476 }, "geometry": { "type": "Polygon", "coordinates": [ [ [ -6.871062, 34.002638 ], [ -6.871017, 34.00444 ], [ -6.873181, 34.004478 ], [ -6.873226, 34.002675 ], [ -6.871062, 34.002638 ] ] ] } },
{ "type": "Feature", "properties": { "urban_density": 0.071386933400074931, "temperature_proxy": 27.464015067100487 }, "geometry": { "type": "Polygon", "coordinates": [ [ [ -6.870426, 33.941314 ], [ -6.870381, 33.943116 ], [ -6.872544, 33.943154 ], [ -6.872589, 33.941351 ], [ -6.870426, 33.941314 ] ] ] } },
{ "type": "Feature", "properties": { "urban_density": 0.19656196750186336, "temperature_proxy": 28.277652788762111 }, "geometry": { "type": "Polygon", "coordinates": [ [ [ -6.870381, 33.943116 ], [ -6.870337, 33.944919 ], [ -6.872499, 33.944956 ], [ -6.872544, 33.943154 ], [ -6.870381, 33.943116 ] ] ] } },
{ "type": "Feature", "properties": { "urban_density": 0.10973079736780446, "temperature_proxy": 27.713250182890729 }, "geometry": { "type": "Polygon", "coordinates": [ [ [ -6.870337, 33.944919 ], [ -6.870292, 33.946722 ], [ -6.872455, 33.946759 ], [ -6.872499, 33.944956 ], [ -6.870337, 33.944919 ] ] ] } },
{ "type": "Feature", "properties": { "urban_density": 0.084420015499733839, "temperature_proxy": 27.548730100748269 }, "geometry": { "type": "Polygon", "coordinates": [ [ [ -6.870292, 33.946722 ], [ -6.870247, 33.948524 ], [ -6.87241, 33.948562 ], [ -6.872455, 33.946759 ], [ -6.870292, 33.946722 ] ] ] } },
{ "type": "Feature", "properties": { "urban_density": 0.23487168757826712, "temperature_proxy": 28.526665969258737 }, "geometry": { "type": "Polygon", "coordinates": [ [ [ -6.870247, 33.948524 ], [ -6.870202, 33.950327 ], [ -6.872365, 33.950364 ], [ -6.87241, 33.948562 ], [ -6.870247, 33.948524 ] ] ] } },
{ "type": "Feature", "properties": { "urban_density": 0.2106795336791743, "temperature_proxy": 28.369416968914631 }, "geometry": { "type": "Polygon", "coordinates": [ [ [ -6.870202, 33.950327 ], [ -6.870157, 33.952129 ], [ -6.87232, 33.952167 ], [ -6.872365, 33.950364 ], [ -6.870202, 33.950327 ] ] ] } },
{ "type": "Feature", "properties": { "urban_density": 0.19230330286853517, "temperature_proxy": 28.24997146864548 }, "geometry": { "type": "Polygon", "coordinates": [ [ [ -6.870157, 33.952129 ], [ -6.870112, 33.953932 ], [ -6.872275, 33.953969 ], [ -6.87232, 33.952167 ], [ -6.870157, 33.952129 ] ] ] } },
{ "type": "Feature", "properties": { "urban_density": 0.31790190201147117, "temperature_proxy": 29.066362363074564 }, "geometry": { "type": "Polygon", "coordinates": [ [ [ -6.870112, 33.953932 ], [ -6.870067, 33.955734 ], [ -6.87223, 33.955772 ], [ -6.872275, 33.953969 ], [ -6.870112, 33.953932 ] ] ] } },
{ "type": "Feature", "properties": { "urban_density": 0.17483354844863369, "temperature_proxy": 28.136418064916118 }, "geometry": { "type": "Polygon", "coordinates": [ [ [ -6.870067, 33.955734 ], [ -6.870022, 33.957537 ], [ -6.872185, 33.957574 ], [ -6.87223, 33.955772 ], [ -6.870067, 33.955734 ] ] ] } },
{ "type": "Feature", "properties": { "urban_density": 0.13182405297727978, "temperature_proxy": 27.85685634435232 }, "geometry": { "type": "Polygon", "coordinates": [ [ [ -6.870022, 33.957537 ], [ -6.869977, 33.959339 ], [ -6.87214, 33.959377 ], [ -6.872185, 33.957574 ], [ -6.870022, 33.957537 ] ] ] } },
{ "type": "Feature", "properties": { "urban_density": 0.30716013845105089, "temperature_proxy": 28.99654089993183 }, "geometry": { "type": "Polygon", "coordinates": [ [ [ -6.869977, 33.959339 ], [ -6.869932, 33.961142 ], [ -6.872095, 33.961179 ], [ -6.87214, 33.959377 ], [ -6.869977, 33.959339 ] ] ] } },
{ "type": "Feature", "properties": { "urban_density": 0.25266225049945179, "temperature_proxy": 28.642304628246436 }, "geometry": { "type": "Polygon", "coordinates": [ [ [ -6.869932, 33.961142 ], [ -6.869887, 33.962944 ], [ -6.872051, 33.962982 ], [ -6.872095, 33.961179 ], [ -6.869932, 33.961142 ] ] ] } },
{ "type": "Feature", "properties": { "urban_density": 0.16851883497028852, "temperature_proxy": 28.095372427306877 }, "geometry": { "type": "Polygon", "coordinates": [ [ [ -6.869887, 33.962944 ], [ -6.869842, 33.964747 ], [ -6.872006, 33.964784 ], [ -6.872051, 33.962982 ], [ -6.869887, 33.962944 ] ] ] } },
{ "type": "Feature", "properties": { "urban_density": 0.094121416839274857, "temperature_proxy": 27.611789209455285 }, "geometry": { "type": "Polygon", "coordinates": [ [ [ -6.869842, 33.964747 ], [ -6.869797, 33.96655 ], [ -6.871961, 33.966587 ], [ -6.872006, 33.964784 ], [ -6.869842, 33.964747 ] ] ] } },
{ "type": "Feature", "properties": { "urban_density": 0.023854659321713986, "temperature_proxy": 27.155055285591139 }, "geometry": { "type": "Polygon", "coordinates": [ [ [ -6.869797, 33.96655 ], [ -6.869752, 33.968352 ], [ -6.871916, 33.96839 ], [ -6.871961, 33.966587 ], [ -6.869797, 33.96655 ] ] ] } },
{ "type": "Feature", "properties": { "urban_density": 0.26590436072637263, "temperature_proxy": 28.72837834472142 }, "geometry": { "type": "Polygon", "coordinates": [ [ [ -6.869752, 33.968352 ], [ -6.869707, 33.970155 ], [ -6.871871, 33.970192 ], [ -6.871916, 33.96839 ], [ -6.869752, 33.968352 ] ] ] } },
{ "type": "Feature", "properties": { "urban_density": 0.055265366331991264, "temperature_proxy": 27.359224881157942 }, "geometry": { "type": "Polygon", "coordinates": [ [ [ -6.869707, 33.970155 ], [ -6.869662, 33.971957 ], [ -6.871826, 33.971995 ], [ -6.871871, 33.970192 ], [ -6.869707, 33.970155 ] ] ] } },
{ "type": "Feature", "properties": { "urban_density": 0.1522995821876269, "temperature_proxy": 27.989947284219575 }, "geometry": { "type": "Polygon", "coordinates": [ [ [ -6.869662, 33.971957 ], [ -6.869617, 33.97376 ], [ -6.871781, 33.973797 ], [ -6.871826, 33.971995 ], [ -6.869662, 33.971957 ] ] ] } },
{ "type": "Feature", "properties": { "urban_density": 0.21769514744088991, "temperature_proxy": 28.415018458365786 }, "geometry": { "type": "Polygon", "coordinates": [ [ [ -6.869617, 33.97376 ], [ -6.869572, 33.975562 ], [ -6.871736, 33.9756 ], [ -6.871781, 33.973797 ], [ -6.869617, 33.97376 ] ] ] } },
{ "type": "Feature", "properties": { "urban_density": 0.25284069778420709, "temperature_proxy": 28.643464535597346 }, "geometry": { "type": "Polygon", "coordinates": [ [ [ -6.869572, 33.975562 ], [ -6.869528, 33.977365 ], [ -6.871691, 33.977402 ], [ -6.871736, 33.9756 ], [ -6.869572, 33.975562 ] ] ] } },
{ "type": "Feature", "properties": { "urban_density": 0.30232902266823697, "temperature_proxy": 28.96513864734354 }, "geometry": { "type": "Polygon", "coordinates": [ [ [ -6.869528, 33.977365 ], [ -6.869483, 33.979167 ], [ -6.871646, 33.979205 ], [ -6.871691, 33.977402 ], [ -6.869528, 33.977365 ] ] ] } },
{ "type": "Feature", "properties": { "urban_density": 0.092184762673625589, "temperature_proxy": 27.599200957378567 }, "geometry": { "type": "Polygon", "coordinates": [ [ [ -6.869483, 33.979167 ], [ -6.869438, 33.98097 ], [ -6.871601, 33.981007 ], [ -6.871646, 33.979205 ], [ -6.869483, 33.979167 ] ] ] } },
{ "type": "Feature", "properties": { "urban_density": 0.15539902024322075, "temperature_proxy": 28.010093631580936 }, "geometry": { "type": "Polygon", "coordinates": [ [ [ -6.869438, 33.98097 ], [ -6.869393, 33.982772 ], [ -6.871556, 33.98281 ], [ -6.871601, 33.981007 ], [ -6.869438, 33.98097 ] ] ] } },
{ "type": "Feature", "properties": { "urban_density": 0.21156097677179192, "temperature_proxy": 28.375146349016646 }, "geometry": { "type": "Polygon", "coordinates": [ [ [ -6.869393, 33.982772 ], [ -6.869348, 33.984575 ], [ -6.871511, 33.984612 ], [ -6.871556, 33.98281 ], [ -6.869393, 33.982772 ] ] ] } },
{ "type": "Feature", "properties": { "urban_density": 0.28855183875771978, "temperature_proxy": 28.875586951925179 }, "geometry": { "type": "Polygon", "coordinates": [ [ [ -6.869348, 33.984575 ], [ -6.869303, 33.986377 ], [ -6.871466, 33.986415 ], [ -6.871511, 33.984612 ], [ -6.869348, 33.984575 ] ] ] } },
{ "type": "Feature", "properties": { "urban_density": 0.57267438591951791, "temperature_proxy": 30.722383508476867 }, "geometry": { "type": "Polygon", "coordinates": [ [ [ -6.869303, 33.986377 ], [ -6.869258, 33.98818 ], [ -6.871421, 33.988217 ], [ -6.871466, 33.986415 ], [ -6.869303, 33.986377 ] ] ] } },
{ "type": "Feature", "properties": { "urban_density": 0.21309213715102465, "temperature_proxy": 28.385098891481661 }, "geometry": { "type": "Polygon", "coordinates": [ [ [ -6.869258, 33.98818 ], [ -6.869213, 33.989983 ], [ -6.871377, 33.99002 ], [ -6.871421, 33.988217 ], [ -6.869258, 33.98818 ] ] ] } },
{ "type": "Feature", "properties": { "urban_density": 0.15383976319471748, "temperature_proxy": 27.999958460765665 }, "geometry": { "type": "Polygon", "coordinates": [ [ [ -6.869213, 33.989983 ], [ -6.869168, 33.991785 ], [ -6.871332, 33.991823 ], [ -6.871377, 33.99002 ], [ -6.869213, 33.989983 ] ] ] } },
{ "type": "Feature", "properties": { "urban_density": 0.29466856853250389, "temperature_proxy": 28.915345695461276 }, "geometry": { "type": "Polygon", "coordinates": [ [ [ -6.869168, 33.991785 ], [ -6.869123, 33.993588 ], [ -6.871287, 33.993625 ], [ -6.871332, 33.991823 ], [ -6.869168, 33.991785 ] ] ] } },
{ "type": "Feature", "properties": { "urban_density": 0.13154620834943007, "temperature_proxy": 27.855050354271295 }, "geometry": { "type": "Polygon", "coordinates": [ [ [ -6.869123, 33.993588 ], [ -6.869077, 33.99539 ], [ -6.871242, 33.995428 ], [ -6.871287, 33.993625 ], [ -6.869123, 33.993588 ] ] ] } },
{ "type": "Feature", "properties": { "urban_density": 0.21412261536931201, "temperature_proxy": 28.391796999900528 }, "geometry": { "type": "Polygon", "coordinates": [ [ [ -6.869077, 33.99539 ], [ -6.869032, 33.997193 ], [ -6.871197, 33.99723 ], [ -6.871242, 33.995428 ], [ -6.869077, 33.99539 ] ] ] } },
{ "type": "Feature", "properties": { "urban_density": 0.28672278981503957, "temperature_proxy": 28.863698133797758 }, "geometry": { "type": "Polygon", "coordinates": [ [ [ -6.869032, 33.997193 ], [ -6.868987, 33.998995 ], [ -6.871152, 33.999033 ], [ -6.871197, 33.99723 ], [ -6.869032, 33.997193 ] ] ] } },
{ "type": "Feature", "properties": { "urban_density": 0.23612865503737243, "temperature_proxy": 28.534836257742921 }, "geometry": { "type": "Polygon", "coordinates": [ [ [ -6.868987, 33.998995 ], [ -6.868942, 34.000798 ], [ -6.871107, 34.000835 ], [ -6.871152, 33.999033 ], [ -6.868987, 33.998995 ] ] ] } },
{ "type": "Feature", "properties": { "urban_density": 0.2542086727987885, "temperature_proxy": 28.652356373192127 }, "geometry": { "type": "Polygon", "coordinates": [ [ [ -6.868942, 34.000798 ], [ -6.868897, 34.0026 ], [ -6.871062, 34.002638 ], [ -6.871107, 34.000835 ], [ -6.868942, 34.000798 ] ] ] } },
{ "type": "Feature", "properties": { "urban_density": 0.57000516561955417, "temperature_proxy": 30.7050335765271 }, "geometry": { "type": "Polygon", "coordinates": [ [ [ -6.868897, 34.0026 ], [ -6.868852, 34.004403 ], [ -6.871017, 34.00444 ], [ -6.871062, 34.002638 ], [ -6.868897, 34.0026 ] ] ] } },
{ "type": "Feature", "properties": { "urban_density": 0.091546173627619395, "temperature_proxy": 27.595050128579526 }, "geometry": { "type": "Polygon", "coordinates": [ [ [ -6.868852, 34.004403 ], [ -6.868807, 34.006205 ], [ -6.870972, 34.006243 ], [ -6.871017, 34.00444 ], [ -6.868852, 34.004403 ] ] ] } },
{ "type": "Feature", "properties": { "urban_density": 0.10796487986513012, "temperature_proxy": 27.701771719123347 }, "geometry": { "type": "Polygon", "coordinates": [ [ [ -6.868264, 33.941276 ], [ -6.868219, 33.943079 ], [ -6.870381, 33.943116 ], [ -6.870426, 33.941314 ], [ -6.868264, 33.941276 ] ] ] } },
{ "type": "Feature", "properties": { "urban_density": 0.28142966719202811, "temperature_proxy": 28.829292836748184 }, "geometry": { "type": "Polygon", "coordinates": [ [ [ -6.868219, 33.943079 ], [ -6.868174, 33.944882 ], [ -6.870337, 33.944919 ], [ -6.870381, 33.943116 ], [ -6.868219, 33.943079 ] ] ] } },
{ "type": "Feature", "properties": { "urban_density": 0.24771344334588813, "temperature_proxy": 28.610137381748274 }, "geometry": { "type": "Polygon", "coordinates": [ [ [ -6.868174, 33.944882 ], [ -6.868129, 33.946684 ], [ -6.870292, 33.946722 ], [ -6.870337, 33.944919 ], [ -6.868174, 33.944882 ] ] ] } },
{ "type": "Feature", "properties": { "urban_density": 0.16271241047721502, "temperature_proxy": 28.057630668101897 }, "geometry": { "type": "Polygon", "coordinates": [ [ [ -6.868129, 33.946684 ], [ -6.868084, 33.948487 ], [ -6.870247, 33.948524 ], [ -6.870292, 33.946722 ], [ -6.868129, 33.946684 ] ] ] } },
{ "type": "Feature", "properties": { "urban_density": 0.22285089172433672, "temperature_proxy": 28.448530796208189 }, "geometry": { "type": "Polygon", "coordinates": [ [ [ -6.868084, 33.948487 ], [ -6.868039, 33.950289 ], [ -6.870202, 33.950327 ], [ -6.870247, 33.948524 ], [ -6.868084, 33.948487 ] ] ] } },
{ "type": "Feature", "properties": { "urban_density": 0.20514896934772547, "temperature_proxy": 28.333468300760217 }, "geometry": { "type": "Polygon", "coordinates": [ [ [ -6.868039, 33.950289 ], [ -6.867994, 33.952092 ], [ -6.870157, 33.952129 ], [ -6.870202, 33.950327 ], [ -6.868039, 33.950289 ] ] ] } },
{ "type": "Feature", "properties": { "urban_density": 0.26367583473685646, "temperature_proxy": 28.713892925789565 }, "geometry": { "type": "Polygon", "coordinates": [ [ [ -6.867994, 33.952092 ], [ -6.867949, 33.953894 ], [ -6.870112, 33.953932 ], [ -6.870157, 33.952129 ], [ -6.867994, 33.952092 ] ] ] } },
{ "type": "Feature", "properties": { "urban_density": 0.27266730932187649, "temperature_proxy": 28.772337510592198 }, "geometry": { "type": "Polygon", "coordinates": [ [ [ -6.867949, 33.953894 ], [ -6.867904, 33.955697 ], [ -6.870067, 33.955734 ], [ -6.870112, 33.953932 ], [ -6.867949, 33.953894 ] ] ] } },
{ "type": "Feature", "properties": { "urban_density": 0.32056901688616224, "temperature_proxy": 29.083698609760056 }, "geometry": { "type": "Polygon", "coordinates": [ [ [ -6.867904, 33.955697 ], [ -6.867859, 33.957499 ], [ -6.870022, 33.957537 ], [ -6.870067, 33.955734 ], [ -6.867904, 33.955697 ] ] ] } },
{ "type": "Feature", "properties": { "urban_density": 0.24762472873401717, "temperature_proxy": 28.609560736771112 }, "geometry": { "type": "Polygon", "coordinates": [ [ [ -6.867859, 33.957499 ], [ -6.867814, 33.959302 ], [ -6.869977, 33.959339 ], [ -6.870022, 33.957537 ], [ -6.867859, 33.957499 ] ] ] } },
{ "type": "Feature", "properties": { "urban_density": 0.29208797586325541, "temperature_proxy": 28.89857184311116 }, "geometry": { "type": "Polygon", "coordinates": [ [ [ -6.867814, 33.959302 ], [ -6.867769, 33.961104 ], [ -6.869932, 33.961142 ], [ -6.869977, 33.959339 ], [ -6.867814, 33.959302 ] ] ] } },
{ "type": "Feature", "properties": { "urban_density": 0.29353881605436161, "temperature_proxy": 28.908002304353349 }, "geometry": { "type": "Polygon", "coordinates": [ [ [ -6.867769, 33.961104 ], [ -6.867724, 33.962907 ], [ -6.869887, 33.962944 ], [ -6.869932, 33.961142 ], [ -6.867769, 33.961104 ] ] ] } },
{ "type": "Feature", "properties": { "urban_density": 0.18227546383242901, "temperature_proxy": 28.184790514910787 }, "geometry": { "type": "Polygon", "coordinates": [ [ [ -6.867724, 33.962907 ], [ -6.867679, 33.96471 ], [ -6.869842, 33.964747 ], [ -6.869887, 33.962944 ], [ -6.867724, 33.962907 ] ] ] } },
{ "type": "Feature", "properties": { "urban_density": 0.21521289958272363, "temperature_proxy": 28.398883847287703 }, "geometry": { "type": "Polygon", "coordinates": [ [ [ -6.867679, 33.96471 ], [ -6.867634, 33.966512 ], [ -6.869797, 33.96655 ], [ -6.869842, 33.964747 ], [ -6.867679, 33.96471 ] ] ] } },
{ "type": "Feature", "properties": { "urban_density": 0.081793662589421709, "temperature_proxy": 27.531658806831242 }, "geometry": { "type": "Polygon", "coordinates": [ [ [ -6.867634, 33.966512 ], [ -6.867589, 33.968315 ], [ -6.869752, 33.968352 ], [ -6.869797, 33.96655 ], [ -6.867634, 33.966512 ] ] ] } },
{ "type": "Feature", "properties": { "urban_density": 0.17799906298394011, "temperature_proxy": 28.156993909395609 }, "geometry": { "type": "Polygon", "coordinates": [ [ [ -6.867589, 33.968315 ], [ -6.867544, 33.970117 ], [ -6.869707, 33.970155 ], [ -6.869752, 33.968352 ], [ -6.867589, 33.968315 ] ] ] } },
{ "type": "Feature", "properties": { "urban_density": 0.074142823328557081, "temperature_proxy": 27.48192835163562 }, "geometry": { "type": "Polygon", "coordinates": [ [ [ -6.867544, 33.970117 ], [ -6.867499, 33.97192 ], [ -6.869662, 33.971957 ], [ -6.869707, 33.970155 ], [ -6.867544, 33.970117 ] ] ] } },
{ "type": "Feature", "properties": { "urban_density": 0.21158853163255581, "temperature_proxy": 28.375325455611613 }, "geometry": { "type": "Polygon", "coordinates": [ [ [ -6.867499, 33.97192 ], [ -6.867454, 33.973722 ], [ -6.869617, 33.97376 ], [ -6.869662, 33.971957 ], [ -6.867499, 33.97192 ] ] ] } },
{ "type": "Feature", "properties": { "urban_density": 0.12209768455286851, "temperature_proxy": 27.793634949593645 }, "geometry": { "type": "Polygon", "coordinates": [ [ [ -6.867454, 33.973722 ], [ -6.867409, 33.975525 ], [ -6.869572, 33.975562 ], [ -6.869617, 33.97376 ], [ -6.867454, 33.973722 ] ] ] } },
{ "type": "Feature", "properties": { "urban_density": 0.086318770604982484, "temperature_proxy": 27.561072008932385 }, "geometry": { "type": "Polygon", "coordinates": [ [ [ -6.867409, 33.975525 ], [ -6.867364, 33.977327 ], [ -6.869528, 33.977365 ], [ -6.869572, 33.975562 ], [ -6.867409, 33.975525 ] ] ] } },
{ "type": "Feature", "properties": { "urban_density": 0.29858917494793563, "temperature_proxy": 28.940829637161581 }, "geometry": { "type": "Polygon", "coordinates": [ [ [ -6.867364, 33.977327 ], [ -6.867319, 33.97913 ], [ -6.869483, 33.979167 ], [ -6.869528, 33.977365 ], [ -6.867364, 33.977327 ] ] ] } },
{ "type": "Feature", "properties": { "urban_density": 0.26225722409583307, "temperature_proxy": 28.704671956622914 }, "geometry": { "type": "Polygon", "coordinates": [ [ [ -6.867319, 33.97913 ], [ -6.867274, 33.980932 ], [ -6.869438, 33.98097 ], [ -6.869483, 33.979167 ], [ -6.867319, 33.97913 ] ] ] } },
{ "type": "Feature", "properties": { "urban_density": 0.10820716649710596, "temperature_proxy": 27.703346582231188 }, "geometry": { "type": "Polygon", "coordinates": [ [ [ -6.867274, 33.980932 ], [ -6.867229, 33.982735 ], [ -6.869393, 33.982772 ], [ -6.869438, 33.98097 ], [ -6.867274, 33.980932 ] ] ] } },
{ "type": "Feature", "properties": { "urban_density": 0.15201172747434297, "temperature_proxy": 27.988076228583228 }, "geometry": { "type": "Polygon", "coordinates": [ [ [ -6.867229, 33.982735 ], [ -6.867184, 33.984537 ], [ -6.869348, 33.984575 ], [ -6.869393, 33.982772 ], [ -6.867229, 33.982735 ] ] ] } },
{ "type": "Feature", "properties": { "urban_density": 0.15626255829256178, "temperature_proxy": 28.015706628901651 }, "geometry": { "type": "Polygon", "coordinates": [ [ [ -6.867184, 33.984537 ], [ -6.867139, 33.98634 ], [ -6.869303, 33.986377 ], [ -6.869348, 33.984575 ], [ -6.867184, 33.984537 ] ] ] } },
{ "type": "Feature", "properties": { "urban_density": 0.14009167527066149, "temperature_proxy": 27.910595889259298 }, "geometry": { "type": "Polygon", "coordinates": [ [ [ -6.867139, 33.98634 ], [ -6.867094, 33.988143 ], [ -6.869258, 33.98818 ], [ -6.869303, 33.986377 ], [ -6.867139, 33.98634 ] ] ] } },
{ "type": "Feature", "properties": { "urban_density": 0.24084017443984179, "temperature_proxy": 28.565461133858971 }, "geometry": { "type": "Polygon", "coordinates": [ [ [ -6.867094, 33.988143 ], [ -6.867049, 33.989945 ], [ -6.869213, 33.989983 ], [ -6.869258, 33.98818 ], [ -6.867094, 33.988143 ] ] ] } },
{ "type": "Feature", "properties": { "urban_density": 0.22136980448900836, "temperature_proxy": 28.438903729178556 }, "geometry": { "type": "Polygon", "coordinates": [ [ [ -6.867049, 33.989945 ], [ -6.867004, 33.991748 ], [ -6.869168, 33.991785 ], [ -6.869213, 33.989983 ], [ -6.867049, 33.989945 ] ] ] } },
{ "type": "Feature", "properties": { "urban_density": 0.31226940999767072, "temperature_proxy": 29.029751164984859 }, "geometry": { "type": "Polygon", "coordinates": [ [ [ -6.867004, 33.991748 ], [ -6.866958, 33.99355 ], [ -6.869123, 33.993588 ], [ -6.869168, 33.991785 ], [ -6.867004, 33.991748 ] ] ] } },
{ "type": "Feature", "properties": { "urban_density": 0.24004549511768636, "temperature_proxy": 28.56029571826496 }, "geometry": { "type": "Polygon", "coordinates": [ [ [ -6.866958, 33.99355 ], [ -6.866913, 33.995353 ], [ -6.869077, 33.99539 ], [ -6.869123, 33.993588 ], [ -6.866958, 33.99355 ] ] ] } },
{ "type": "Feature", "properties": { "urban_density": 0.21146687011032178, "temperature_proxy": 28.374534655717092 }, "geometry": { "type": "Polygon", "coordinates": [ [ [ -6.866913, 33.995353 ], [ -6.866868, 33.997155 ], [ -6.869032, 33.997193 ], [ -6.869077, 33.99539 ], [ -6.866913, 33.995353 ] ] ] } },
{ "type": "Feature", "properties": { "urban_density": 0.24738368079725456, "temperature_proxy": 28.607993925182154 }, "geometry": { "type": "Polygon", "coordinates": [ [ [ -6.866868, 33.997155 ], [ -6.866823, 33.998958 ], [ -6.868987, 33.998995 ], [ -6.869032, 33.997193 ], [ -6.866868, 33.997155 ] ] ] } },
{ "type": "Feature", "properties": { "urban_density": 0.1878772987430368, "temperature_proxy": 28.221202441829739 }, "geometry": { "type": "Polygon", "coordinates": [ [ [ -6.866823, 33.998958 ], [ -6.866778, 34.00076 ], [ -6.868942, 34.000798 ], [ -6.868987, 33.998995 ], [ -6.866823, 33.998958 ] ] ] } },
{ "type": "Feature", "properties": { "urban_density": 0.20760992489467034, "temperature_proxy": 28.349464511815356 }, "geometry": { "type": "Polygon", "coordinates": [ [ [ -6.866778, 34.00076 ], [ -6.866733, 34.002563 ], [ -6.868897, 34.0026 ], [ -6.868942, 34.000798 ], [ -6.866778, 34.00076 ] ] ] } },
{ "type": "Feature", "properties": { "urban_density": 0.33603509735697396, "temperature_proxy": 29.18422813282033 }, "geometry": { "type": "Polygon", "coordinates": [ [ [ -6.866733, 34.002563 ], [ -6.866688, 34.004365 ], [ -6.868852, 34.004403 ], [ -6.868897, 34.0026 ], [ -6.866733, 34.002563 ] ] ] } },
{ "type": "Feature", "properties": { "urban_density": 0.19184690392383016, "temperature_proxy": 28.247004875504896 }, "geometry": { "type": "Polygon", "coordinates": [ [ [ -6.866688, 34.004365 ], [ -6.866643, 34.006168 ], [ -6.868807, 34.006205 ], [ -6.868852, 34.004403 ], [ -6.866688, 34.004365 ] ] ] } },
{ "type": "Feature", "properties": { "urban_density": 0.12349667391341614, "temperature_proxy": 27.802728380437205 }, "geometry": { "type": "Polygon", "coordinates": [ [ [ -6.866643, 34.006168 ], [ -6.866598, 34.00797 ], [ -6.868762, 34.008008 ], [ -6.868807, 34.006205 ], [ -6.866643, 34.006168 ] ] ] } },
{ "type": "Feature", "properties": { "urban_density": 0.01734368410982377, "temperature_proxy": 27.112733946713856 }, "geometry": { "type": "Polygon", "coordinates": [ [ [ -6.866146, 33.939436 ], [ -6.866101, 33.941239 ], [ -6.868264, 33.941276 ], [ -6.868309, 33.939474 ], [ -6.866146, 33.939436 ] ] ] } },
{ "type": "Feature", "properties": { "urban_density": 0.092715025083768249, "temperature_proxy": 27.602647663044493 }, "geometry": { "type": "Polygon", "coordinates": [ [ [ -6.866101, 33.941239 ], [ -6.866056, 33.943042 ], [ -6.868219, 33.943079 ], [ -6.868264, 33.941276 ], [ -6.866101, 33.941239 ] ] ] } },
{ "type": "Feature", "properties": { "urban_density": 0.32384838508372743, "temperature_proxy": 29.105014503044227 }, "geometry": { "type": "Polygon", "coordinates": [ [ [ -6.866056, 33.943042 ], [ -6.866011, 33.944844 ], [ -6.868174, 33.944882 ], [ -6.868219, 33.943079 ], [ -6.866056, 33.943042 ] ] ] } },
{ "type": "Feature", "properties": { "urban_density": 0.30312716787437571, "temperature_proxy": 28.970326591183444 }, "geometry": { "type": "Polygon", "coordinates": [ [ [ -6.866011, 33.944844 ], [ -6.865966, 33.946647 ], [ -6.868129, 33.946684 ], [ -6.868174, 33.944882 ], [ -6.866011, 33.944844 ] ] ] } },
{ "type": "Feature", "properties": { "urban_density": 0.13265426365223415, "temperature_proxy": 27.862252713739522 }, "geometry": { "type": "Polygon", "coordinates": [ [ [ -6.865966, 33.946647 ], [ -6.865921, 33.948449 ], [ -6.868084, 33.948487 ], [ -6.868129, 33.946684 ], [ -6.865966, 33.946647 ] ] ] } },
{ "type": "Feature", "properties": { "urban_density": 0.24093101410585091, "temperature_proxy": 28.56605159168803 }, "geometry": { "type": "Polygon", "coordinates": [ [ [ -6.865921, 33.948449 ], [ -6.865876, 33.950252 ], [ -6.868039, 33.950289 ], [ -6.868084, 33.948487 ], [ -6.865921, 33.948449 ] ] ] } },
{ "type": "Feature", "properties": { "urban_density": 0.20323525409848123, "temperature_proxy": 28.321029151640129 }, "geometry": { "type": "Polygon", "coordinates": [ [ [ -6.865876, 33.950252 ], [ -6.865831, 33.952054 ], [ -6.867994, 33.952092 ], [ -6.868039, 33.950289 ], [ -6.865876, 33.950252 ] ] ] } },
{ "type": "Feature", "properties": { "urban_density": 0.19548302118862607, "temperature_proxy": 28.27063963772607 }, "geometry": { "type": "Polygon", "coordinates": [ [ [ -6.865831, 33.952054 ], [ -6.865786, 33.953857 ], [ -6.867949, 33.953894 ], [ -6.867994, 33.952092 ], [ -6.865831, 33.952054 ] ] ] } },
{ "type": "Feature", "properties": { "urban_density": 0.34619552231359862, "temperature_proxy": 29.250270895038391 }, "geometry": { "type": "Polygon", "coordinates": [ [ [ -6.865786, 33.953857 ], [ -6.865741, 33.955659 ], [ -6.867904, 33.955697 ], [ -6.867949, 33.953894 ], [ -6.865786, 33.953857 ] ] ] } },
{ "type": "Feature", "properties": { "urban_density": 0.30913421676378655, "temperature_proxy": 29.009372408964612 }, "geometry": { "type": "Polygon", "coordinates": [ [ [ -6.865741, 33.955659 ], [ -6.865696, 33.957462 ], [ -6.867859, 33.957499 ], [ -6.867904, 33.955697 ], [ -6.865741, 33.955659 ] ] ] } },
{ "type": "Feature", "properties": { "urban_density": 0.32218272535052483, "temperature_proxy": 29.09418771477841 }, "geometry": { "type": "Polygon", "coordinates": [ [ [ -6.865696, 33.957462 ], [ -6.865651, 33.959264 ], [ -6.867814, 33.959302 ], [ -6.867859, 33.957499 ], [ -6.865696, 33.957462 ] ] ] } },
{ "type": "Feature", "properties": { "urban_density": 0.28909802679431779, "temperature_proxy": 28.879137174163066 }, "geometry": { "type": "Polygon", "coordinates": [ [ [ -6.865651, 33.959264 ], [ -6.865606, 33.961067 ], [ -6.867769, 33.961104 ], [ -6.867814, 33.959302 ], [ -6.865651, 33.959264 ] ] ] } },
{ "type": "Feature", "properties": { "urban_density": 0.32944966401417269, "temperature_proxy": 29.141422816092124 }, "geometry": { "type": "Polygon", "coordinates": [ [ [ -6.865606, 33.961067 ], [ -6.865561, 33.962869 ], [ -6.867724, 33.962907 ], [ -6.867769, 33.961104 ], [ -6.865606, 33.961067 ] ] ] } },
{ "type": "Feature", "properties": { "urban_density": 0.25111244385117548, "temperature_proxy": 28.632230885032641 }, "geometry": { "type": "Polygon", "coordinates": [ [ [ -6.865561, 33.962869 ], [ -6.865516, 33.964672 ], [ -6.867679, 33.96471 ], [ -6.867724, 33.962907 ], [ -6.865561, 33.962869 ] ] ] } },
{ "type": "Feature", "properties": { "urban_density": 0.17098306625858517, "temperature_proxy": 28.111389930680804 }, "geometry": { "type": "Polygon", "coordinates": [ [ [ -6.865516, 33.964672 ], [ -6.865471, 33.966475 ], [ -6.867634, 33.966512 ], [ -6.867679, 33.96471 ], [ -6.865516, 33.964672 ] ] ] } },
{ "type": "Feature", "properties": { "urban_density": 0.22751644104306021, "temperature_proxy": 28.478856866779893 }, "geometry": { "type": "Polygon", "coordinates": [ [ [ -6.865471, 33.966475 ], [ -6.865426, 33.968277 ], [ -6.867589, 33.968315 ], [ -6.867634, 33.966512 ], [ -6.865471, 33.966475 ] ] ] } },
{ "type": "Feature", "properties": { "urban_density": 0.16964985880055347, "temperature_proxy": 28.102724082203597 }, "geometry": { "type": "Polygon", "coordinates": [ [ [ -6.865426, 33.968277 ], [ -6.86538, 33.97008 ], [ -6.867544, 33.970117 ], [ -6.867589, 33.968315 ], [ -6.865426, 33.968277 ] ] ] } },
{ "type": "Feature", "properties": { "urban_density": 0.099147273639159691, "temperature_proxy": 27.644457278654539 }, "geometry": { "type": "Polygon", "coordinates": [ [ [ -6.86538, 33.97008 ], [ -6.865335, 33.971882 ], [ -6.867499, 33.97192 ], [ -6.867544, 33.970117 ], [ -6.86538, 33.97008 ] ] ] } },
{ "type": "Feature", "properties": { "urban_density": 0.088229503864703629, "temperature_proxy": 27.573491775120573 }, "geometry": { "type": "Polygon", "coordinates": [ [ [ -6.865335, 33.971882 ], [ -6.86529, 33.973685 ], [ -6.867454, 33.973722 ], [ -6.867499, 33.97192 ], [ -6.865335, 33.971882 ] ] ] } },
{ "type": "Feature", "properties": { "urban_density": 0.13768736823301056, "temperature_proxy": 27.894967893514568 }, "geometry": { "type": "Polygon", "coordinates": [ [ [ -6.86529, 33.973685 ], [ -6.865245, 33.975487 ], [ -6.867409, 33.975525 ], [ -6.867454, 33.973722 ], [ -6.86529, 33.973685 ] ] ] } },
{ "type": "Feature", "properties": { "urban_density": 0.1258789279830683, "temperature_proxy": 27.818213031889943 }, "geometry": { "type": "Polygon", "coordinates": [ [ [ -6.865245, 33.975487 ], [ -6.8652, 33.97729 ], [ -6.867364, 33.977327 ], [ -6.867409, 33.975525 ], [ -6.865245, 33.975487 ] ] ] } },
{ "type": "Feature", "properties": { "urban_density": 0.025607487937149575, "temperature_proxy": 27.166448671591471 }, "geometry": { "type": "Polygon", "coordinates": [ [ [ -6.8652, 33.97729 ], [ -6.865155, 33.979092 ], [ -6.867319, 33.97913 ], [ -6.867364, 33.977327 ], [ -6.8652, 33.97729 ] ] ] } },
{ "type": "Feature", "properties": { "urban_density": 0.20112403834795267, "temperature_proxy": 28.307306249261693 }, "geometry": { "type": "Polygon", "coordinates": [ [ [ -6.865155, 33.979092 ], [ -6.86511, 33.980895 ], [ -6.867274, 33.980932 ], [ -6.867319, 33.97913 ], [ -6.865155, 33.979092 ] ] ] } },
{ "type": "Feature", "properties": { "urban_density": 0.1787313626141025, "temperature_proxy": 28.161753856991666 }, "geometry": { "type": "Polygon", "coordinates": [ [ [ -6.86511, 33.980895 ], [ -6.865065, 33.982697 ], [ -6.867229, 33.982735 ], [ -6.867274, 33.980932 ], [ -6.86511, 33.980895 ] ] ] } },
{ "type": "Feature", "properties": { "urban_density": 0.11002305941842226, "temperature_proxy": 27.715149886219745 }, "geometry": { "type": "Polygon", "coordinates": [ [ [ -6.865065, 33.982697 ], [ -6.86502, 33.9845 ], [ -6.867184, 33.984537 ], [ -6.867229, 33.982735 ], [ -6.865065, 33.982697 ] ] ] } },
{ "type": "Feature", "properties": { "urban_density": 0.22723491145558147, "temperature_proxy": 28.477026924461278 }, "geometry": { "type": "Polygon", "coordinates": [ [ [ -6.86502, 33.9845 ], [ -6.864975, 33.986302 ], [ -6.867139, 33.98634 ], [ -6.867184, 33.984537 ], [ -6.86502, 33.9845 ] ] ] } },
{ "type": "Feature", "properties": { "urban_density": 0.14281934533169127, "temperature_proxy": 27.928325744655993 }, "geometry": { "type": "Polygon", "coordinates": [ [ [ -6.864975, 33.986302 ], [ -6.86493, 33.988105 ], [ -6.867094, 33.988143 ], [ -6.867139, 33.98634 ], [ -6.864975, 33.986302 ] ] ] } },
{ "type": "Feature", "properties": { "urban_density": 0.12717248397689337, "temperature_proxy": 27.826621145849806 }, "geometry": { "type": "Polygon", "coordinates": [ [ [ -6.86493, 33.988105 ], [ -6.864885, 33.989908 ], [ -6.867049, 33.989945 ], [ -6.867094, 33.988143 ], [ -6.86493, 33.988105 ] ] ] } },
{ "type": "Feature", "properties": { "urban_density": 0.045928126359613887, "temperature_proxy": 27.298532821337488 }, "geometry": { "type": "Polygon", "coordinates": [ [ [ -6.86484, 33.99171 ], [ -6.864794, 33.993513 ], [ -6.866958, 33.99355 ], [ -6.867004, 33.991748 ], [ -6.86484, 33.99171 ] ] ] } },
{ "type": "Feature", "properties": { "urban_density": 0.1576381798130973, "temperature_proxy": 28.024648168785134 }, "geometry": { "type": "Polygon", "coordinates": [ [ [ -6.864794, 33.993513 ], [ -6.864749, 33.995315 ], [ -6.866913, 33.995353 ], [ -6.866958, 33.99355 ], [ -6.864794, 33.993513 ] ] ] } },
{ "type": "Feature", "properties": { "urban_density": 0.22667940866778963, "temperature_proxy": 28.473416156340633 }, "geometry": { "type": "Polygon", "coordinates": [ [ [ -6.864749, 33.995315 ], [ -6.864704, 33.997118 ], [ -6.866868, 33.997155 ], [ -6.866913, 33.995353 ], [ -6.864749, 33.995315 ] ] ] } },
{ "type": "Feature", "properties": { "urban_density": 0.14644158305659194, "temperature_proxy": 27.951870289867848 }, "geometry": { "type": "Polygon", "coordinates": [ [ [ -6.864704, 33.997118 ], [ -6.864659, 33.99892 ], [ -6.866823, 33.998958 ], [ -6.866868, 33.997155 ], [ -6.864704, 33.997118 ] ] ] } },
{ "type": "Feature", "properties": { "urban_density": 0.2128210613074919, "temperature_proxy": 28.383336898498698 }, "geometry": { "type": "Polygon", "coordinates": [ [ [ -6.864659, 33.99892 ], [ -6.864614, 34.000723 ], [ -6.866778, 34.00076 ], [ -6.866823, 33.998958 ], [ -6.864659, 33.99892 ] ] ] } },
{ "type": "Feature", "properties": { "urban_density": 0.3832020069002911, "temperature_proxy": 29.49081304485189 }, "geometry": { "type": "Polygon", "coordinates": [ [ [ -6.864614, 34.000723 ], [ -6.864569, 34.002525 ], [ -6.866733, 34.002563 ], [ -6.866778, 34.00076 ], [ -6.864614, 34.000723 ] ] ] } },
{ "type": "Feature", "properties": { "urban_density": 0.20827724068327011, "temperature_proxy": 28.353802064441254 }, "geometry": { "type": "Polygon", "coordinates": [ [ [ -6.864569, 34.002525 ], [ -6.864524, 34.004328 ], [ -6.866688, 34.004365 ], [ -6.866733, 34.002563 ], [ -6.864569, 34.002525 ] ] ] } },
{ "type": "Feature", "properties": { "urban_density": 0.11957284057288885, "temperature_proxy": 27.777223463723779 }, "geometry": { "type": "Polygon", "coordinates": [ [ [ -6.864524, 34.004328 ], [ -6.864479, 34.00613 ], [ -6.866643, 34.006168 ], [ -6.866688, 34.004365 ], [ -6.864524, 34.004328 ] ] ] } },
{ "type": "Feature", "properties": { "urban_density": 0.030010256730742101, "temperature_proxy": 27.195066668749824 }, "geometry": { "type": "Polygon", "coordinates": [ [ [ -6.864479, 34.00613 ], [ -6.864433, 34.007933 ], [ -6.866598, 34.00797 ], [ -6.866643, 34.006168 ], [ -6.864479, 34.00613 ] ] ] } },
{ "type": "Feature", "properties": { "urban_density": 0.44525053872736642, "temperature_proxy": 29.894128501727881 }, "geometry": { "type": "Polygon", "coordinates": [ [ [ -6.864433, 34.007933 ], [ -6.864388, 34.009735 ], [ -6.866553, 34.009773 ], [ -6.866598, 34.00797 ], [ -6.864433, 34.007933 ] ] ] } },
{ "type": "Feature", "properties": { "urban_density": 0.27749554140962673, "temperature_proxy": 28.803721019162573 }, "geometry": { "type": "Polygon", "coordinates": [ [ [ -6.864388, 34.009735 ], [ -6.864343, 34.011538 ], [ -6.866508, 34.011575 ], [ -6.866553, 34.009773 ], [ -6.864388, 34.009735 ] ] ] } },
{ "type": "Feature", "properties": { "urban_density": 0.1320859504994053, "temperature_proxy": 27.858558678246133 }, "geometry": { "type": "Polygon", "coordinates": [ [ [ -6.863893, 33.943004 ], [ -6.863848, 33.944807 ], [ -6.866011, 33.944844 ], [ -6.866056, 33.943042 ], [ -6.863893, 33.943004 ] ] ] } },
{ "type": "Feature", "properties": { "urban_density": 0.23937182143402153, "temperature_proxy": 28.555916839321139 }, "geometry": { "type": "Polygon", "coordinates": [ [ [ -6.863848, 33.944807 ], [ -6.863803, 33.946609 ], [ -6.865966, 33.946647 ], [ -6.866011, 33.944844 ], [ -6.863848, 33.944807 ] ] ] } },
{ "type": "Feature", "properties": { "urban_density": 0.16709381577532512, "temperature_proxy": 28.086109802539614 }, "geometry": { "type": "Polygon", "coordinates": [ [ [ -6.863803, 33.946609 ], [ -6.863758, 33.948412 ], [ -6.865921, 33.948449 ], [ -6.865966, 33.946647 ], [ -6.863803, 33.946609 ] ] ] } },
{ "type": "Feature", "properties": { "urban_density": 0.19170674026201792, "temperature_proxy": 28.246093811703116 }, "geometry": { "type": "Polygon", "coordinates": [ [ [ -6.863758, 33.948412 ], [ -6.863713, 33.950214 ], [ -6.865876, 33.950252 ], [ -6.865921, 33.948449 ], [ -6.863758, 33.948412 ] ] ] } },
{ "type": "Feature", "properties": { "urban_density": 0.27778991769321493, "temperature_proxy": 28.805634465005898 }, "geometry": { "type": "Polygon", "coordinates": [ [ [ -6.863713, 33.950214 ], [ -6.863668, 33.952017 ], [ -6.865831, 33.952054 ], [ -6.865876, 33.950252 ], [ -6.863713, 33.950214 ] ] ] } },
{ "type": "Feature", "properties": { "urban_density": 0.29301539669655496, "temperature_proxy": 28.904600078527608 }, "geometry": { "type": "Polygon", "coordinates": [ [ [ -6.863668, 33.952017 ], [ -6.863623, 33.953819 ], [ -6.865786, 33.953857 ], [ -6.865831, 33.952054 ], [ -6.863668, 33.952017 ] ] ] } },
{ "type": "Feature", "properties": { "urban_density": 0.26120245119602398, "temperature_proxy": 28.697815932774155 }, "geometry": { "type": "Polygon", "coordinates": [ [ [ -6.863623, 33.953819 ], [ -6.863578, 33.955622 ], [ -6.865741, 33.955659 ], [ -6.865786, 33.953857 ], [ -6.863623, 33.953819 ] ] ] } },
{ "type": "Feature", "properties": { "urban_density": 0.21242934599216687, "temperature_proxy": 28.380790748949085 }, "geometry": { "type": "Polygon", "coordinates": [ [ [ -6.863578, 33.955622 ], [ -6.863533, 33.957424 ], [ -6.865696, 33.957462 ], [ -6.865741, 33.955659 ], [ -6.863578, 33.955622 ] ] ] } },
{ "type": "Feature", "properties": { "urban_density": 0.18812959522523764, "temperature_proxy": 28.222842368964045 }, "geometry": { "type": "Polygon", "coordinates": [ [ [ -6.863533, 33.957424 ], [ -6.863488, 33.959227 ], [ -6.865651, 33.959264 ], [ -6.865696, 33.957462 ], [ -6.863533, 33.957424 ] ] ] } },
{ "type": "Feature", "properties": { "urban_density": 0.27842291472051767, "temperature_proxy": 28.809748945683364 }, "geometry": { "type": "Polygon", "coordinates": [ [ [ -6.863488, 33.959227 ], [ -6.863443, 33.961029 ], [ -6.865606, 33.961067 ], [ -6.865651, 33.959264 ], [ -6.863488, 33.959227 ] ] ] } },
{ "type": "Feature", "properties": { "urban_density": 0.31916928297285657, "temperature_proxy": 29.074600339323567 }, "geometry": { "type": "Polygon", "coordinates": [ [ [ -6.863443, 33.961029 ], [ -6.863397, 33.962832 ], [ -6.865561, 33.962869 ], [ -6.865606, 33.961067 ], [ -6.863443, 33.961029 ] ] ] } },
{ "type": "Feature", "properties": { "urban_density": 0.17895728424383506, "temperature_proxy": 28.163222347584927 }, "geometry": { "type": "Polygon", "coordinates": [ [ [ -6.863397, 33.962832 ], [ -6.863352, 33.964634 ], [ -6.865516, 33.964672 ], [ -6.865561, 33.962869 ], [ -6.863397, 33.962832 ] ] ] } },
{ "type": "Feature", "properties": { "urban_density": 0.22612223391193734, "temperature_proxy": 28.469794520427591 }, "geometry": { "type": "Polygon", "coordinates": [ [ [ -6.863352, 33.964634 ], [ -6.863307, 33.966437 ], [ -6.865471, 33.966475 ], [ -6.865516, 33.964672 ], [ -6.863352, 33.964634 ] ] ] } },
{ "type": "Feature", "properties": { "urban_density": 0.21455133636852075, "temperature_proxy": 28.394583686395386 }, "geometry": { "type": "Polygon", "coordinates": [ [ [ -6.863307, 33.966437 ], [ -6.863262, 33.96824 ], [ -6.865426, 33.968277 ], [ -6.865471, 33.966475 ], [ -6.863307, 33.966437 ] ] ] } },
{ "type": "Feature", "properties": { "urban_density": 0.12582466781478027, "temperature_proxy": 27.81786034079607 }, "geometry": { "type": "Polygon", "coordinates": [ [ [ -6.863262, 33.96824 ], [ -6.863217, 33.970042 ], [ -6.86538, 33.97008 ], [ -6.865426, 33.968277 ], [ -6.863262, 33.96824 ] ] ] } },
{ "type": "Feature", "properties": { "urban_density": 0.086147172058177721, "temperature_proxy": 27.559956618378155 }, "geometry": { "type": "Polygon", "coordinates": [ [ [ -6.863217, 33.970042 ], [ -6.863172, 33.971845 ], [ -6.865335, 33.971882 ], [ -6.86538, 33.97008 ], [ -6.863217, 33.970042 ] ] ] } },
{ "type": "Feature", "properties": { "urban_density": 0.010768493710477065, "temperature_proxy": 27.069995209118101 }, "geometry": { "type": "Polygon", "coordinates": [ [ [ -6.863172, 33.971845 ], [ -6.863127, 33.973647 ], [ -6.86529, 33.973685 ], [ -6.865335, 33.971882 ], [ -6.863172, 33.971845 ] ] ] } },
{ "type": "Feature", "properties": { "urban_density": 0.10084922257294358, "temperature_proxy": 27.655519946724134 }, "geometry": { "type": "Polygon", "coordinates": [ [ [ -6.863082, 33.97545 ], [ -6.863037, 33.977252 ], [ -6.8652, 33.97729 ], [ -6.865245, 33.975487 ], [ -6.863082, 33.97545 ] ] ] } },
{ "type": "Feature", "properties": { "urban_density": 0.082641096120249488, "temperature_proxy": 27.537167124781622 }, "geometry": { "type": "Polygon", "coordinates": [ [ [ -6.863037, 33.977252 ], [ -6.862991, 33.979055 ], [ -6.865155, 33.979092 ], [ -6.8652, 33.97729 ], [ -6.863037, 33.977252 ] ] ] } },
{ "type": "Feature", "properties": { "urban_density": 0.15258665378838776, "temperature_proxy": 27.991813249624521 }, "geometry": { "type": "Polygon", "coordinates": [ [ [ -6.862991, 33.979055 ], [ -6.862946, 33.980857 ], [ -6.86511, 33.980895 ], [ -6.865155, 33.979092 ], [ -6.862991, 33.979055 ] ] ] } },
{ "type": "Feature", "properties": { "urban_density": 0.1628229674118658, "temperature_proxy": 28.058349288177126 }, "geometry": { "type": "Polygon", "coordinates": [ [ [ -6.862946, 33.980857 ], [ -6.862901, 33.98266 ], [ -6.865065, 33.982697 ], [ -6.86511, 33.980895 ], [ -6.862946, 33.980857 ] ] ] } },
{ "type": "Feature", "properties": { "urban_density": 0.1628483821955819, "temperature_proxy": 28.058514484271281 }, "geometry": { "type": "Polygon", "coordinates": [ [ [ -6.862901, 33.98266 ], [ -6.862856, 33.984462 ], [ -6.86502, 33.9845 ], [ -6.865065, 33.982697 ], [ -6.862901, 33.98266 ] ] ] } },
{ "type": "Feature", "properties": { "urban_density": 0.27103438261289836, "temperature_proxy": 28.76172348698384 }, "geometry": { "type": "Polygon", "coordinates": [ [ [ -6.862856, 33.984462 ], [ -6.862811, 33.986265 ], [ -6.864975, 33.986302 ], [ -6.86502, 33.9845 ], [ -6.862856, 33.984462 ] ] ] } },
{ "type": "Feature", "properties": { "urban_density": 0.3133481208966471, "temperature_proxy": 29.036762785828206 }, "geometry": { "type": "Polygon", "coordinates": [ [ [ -6.862811, 33.986265 ], [ -6.862766, 33.988067 ], [ -6.86493, 33.988105 ], [ -6.864975, 33.986302 ], [ -6.862811, 33.986265 ] ] ] } },
{ "type": "Feature", "properties": { "urban_density": 0.053621852104038713, "temperature_proxy": 27.34854203867625 }, "geometry": { "type": "Polygon", "coordinates": [ [ [ -6.862766, 33.988067 ], [ -6.862721, 33.98987 ], [ -6.864885, 33.989908 ], [ -6.86493, 33.988105 ], [ -6.862766, 33.988067 ] ] ] } },
{ "type": "Feature", "properties": { "urban_density": 0.034653809147207074, "temperature_proxy": 27.225249759456847 }, "geometry": { "type": "Polygon", "coordinates": [ [ [ -6.862721, 33.98987 ], [ -6.862675, 33.991672 ], [ -6.86484, 33.99171 ], [ -6.864885, 33.989908 ], [ -6.862721, 33.98987 ] ] ] } },
{ "type": "Feature", "properties": { "urban_density": 0.067105547428547407, "temperature_proxy": 27.436186058285557 }, "geometry": { "type": "Polygon", "coordinates": [ [ [ -6.86263, 33.993475 ], [ -6.862585, 33.995277 ], [ -6.864749, 33.995315 ], [ -6.864794, 33.993513 ], [ -6.86263, 33.993475 ] ] ] } },
{ "type": "Feature", "properties": { "urban_density": 0.19368169235692081, "temperature_proxy": 28.258931000319986 }, "geometry": { "type": "Polygon", "coordinates": [ [ [ -6.862585, 33.995277 ], [ -6.86254, 33.99708 ], [ -6.864704, 33.997118 ], [ -6.864749, 33.995315 ], [ -6.862585, 33.995277 ] ] ] } },
{ "type": "Feature", "properties": { "urban_density": 0.31655219846957261, "temperature_proxy": 29.057589290052221 }, "geometry": { "type": "Polygon", "coordinates": [ [ [ -6.86254, 33.99708 ], [ -6.862495, 33.998883 ], [ -6.864659, 33.99892 ], [ -6.864704, 33.997118 ], [ -6.86254, 33.99708 ] ] ] } },
{ "type": "Feature", "properties": { "urban_density": 0.24501079993341782, "temperature_proxy": 28.592570199567216 }, "geometry": { "type": "Polygon", "coordinates": [ [ [ -6.862495, 33.998883 ], [ -6.86245, 34.000685 ], [ -6.864614, 34.000723 ], [ -6.864659, 33.99892 ], [ -6.862495, 33.998883 ] ] ] } },
{ "type": "Feature", "properties": { "urban_density": 0.21695724255128113, "temperature_proxy": 28.410222076583327 }, "geometry": { "type": "Polygon", "coordinates": [ [ [ -6.86245, 34.000685 ], [ -6.862405, 34.002488 ], [ -6.864569, 34.002525 ], [ -6.864614, 34.000723 ], [ -6.86245, 34.000685 ] ] ] } },
{ "type": "Feature", "properties": { "urban_density": 0.21578583671377474, "temperature_proxy": 28.402607938639537 }, "geometry": { "type": "Polygon", "coordinates": [ [ [ -6.862405, 34.002488 ], [ -6.862359, 34.00429 ], [ -6.864524, 34.004328 ], [ -6.864569, 34.002525 ], [ -6.862405, 34.002488 ] ] ] } },
{ "type": "Feature", "properties": { "urban_density": 0.11728908417264156, "temperature_proxy": 27.76237904712217 }, "geometry": { "type": "Polygon", "coordinates": [ [ [ -6.862359, 34.00429 ], [ -6.862314, 34.006093 ], [ -6.864479, 34.00613 ], [ -6.864524, 34.004328 ], [ -6.862359, 34.00429 ] ] ] } },
{ "type": "Feature", "properties": { "urban_density": 0.21970683487211146, "temperature_proxy": 28.428094426668725 }, "geometry": { "type": "Polygon", "coordinates": [ [ [ -6.862314, 34.006093 ], [ -6.862269, 34.007895 ], [ -6.864433, 34.007933 ], [ -6.864479, 34.00613 ], [ -6.862314, 34.006093 ] ] ] } },
{ "type": "Feature", "properties": { "urban_density": 0.51624092430393043, "temperature_proxy": 30.355566007975547 }, "geometry": { "type": "Polygon", "coordinates": [ [ [ -6.862269, 34.007895 ], [ -6.862224, 34.009698 ], [ -6.864388, 34.009735 ], [ -6.864433, 34.007933 ], [ -6.862269, 34.007895 ] ] ] } },
{ "type": "Feature", "properties": { "urban_density": 0.51033588678107922, "temperature_proxy": 30.317183264077016 }, "geometry": { "type": "Polygon", "coordinates": [ [ [ -6.862224, 34.009698 ], [ -6.862179, 34.0115 ], [ -6.864343, 34.011538 ], [ -6.864388, 34.009735 ], [ -6.862224, 34.009698 ] ] ] } },
{ "type": "Feature", "properties": { "urban_density": 0.22284695761838097, "temperature_proxy": 28.448505224519476 }, "geometry": { "type": "Polygon", "coordinates": [ [ [ -6.862179, 34.0115 ], [ -6.862133, 34.013303 ], [ -6.864298, 34.01334 ], [ -6.864343, 34.011538 ], [ -6.862179, 34.0115 ] ] ] } },
{ "type": "Feature", "properties": { "urban_density": 0.037706671798089363, "temperature_proxy": 27.245093366687581 }, "geometry": { "type": "Polygon", "coordinates": [ [ [ -6.862133, 34.013303 ], [ -6.862088, 34.015105 ], [ -6.864253, 34.015143 ], [ -6.864298, 34.01334 ], [ -6.862133, 34.013303 ] ] ] } },
{ "type": "Feature", "properties": { "urban_density": 0.099158804022396185, "temperature_proxy": 27.644532226145575 }, "geometry": { "type": "Polygon", "coordinates": [ [ [ -6.861685, 33.944769 ], [ -6.86164, 33.946572 ], [ -6.863803, 33.946609 ], [ -6.863848, 33.944807 ], [ -6.861685, 33.944769 ] ] ] } },
{ "type": "Feature", "properties": { "urban_density": 0.21589357391528474, "temperature_proxy": 28.403308230449351 }, "geometry": { "type": "Polygon", "coordinates": [ [ [ -6.86164, 33.946572 ], [ -6.861595, 33.948374 ], [ -6.863758, 33.948412 ], [ -6.863803, 33.946609 ], [ -6.86164, 33.946572 ] ] ] } },
{ "type": "Feature", "properties": { "urban_density": 0.14405722184056699, "temperature_proxy": 27.936371941963685 }, "geometry": { "type": "Polygon", "coordinates": [ [ [ -6.861595, 33.948374 ], [ -6.86155, 33.950177 ], [ -6.863713, 33.950214 ], [ -6.863758, 33.948412 ], [ -6.861595, 33.948374 ] ] ] } },
{ "type": "Feature", "properties": { "urban_density": 0.24265623806917225, "temperature_proxy": 28.57726554744962 }, "geometry": { "type": "Polygon", "coordinates": [ [ [ -6.86155, 33.950177 ], [ -6.861505, 33.951979 ], [ -6.863668, 33.952017 ], [ -6.863713, 33.950214 ], [ -6.86155, 33.950177 ] ] ] } },
{ "type": "Feature", "properties": { "urban_density": 0.23081155716056878, "temperature_proxy": 28.500275121543698 }, "geometry": { "type": "Polygon", "coordinates": [ [ [ -6.861505, 33.951979 ], [ -6.86146, 33.953782 ], [ -6.863623, 33.953819 ], [ -6.863668, 33.952017 ], [ -6.861505, 33.951979 ] ] ] } },
{ "type": "Feature", "properties": { "urban_density": 0.23092627504654548, "temperature_proxy": 28.501020787802545 }, "geometry": { "type": "Polygon", "coordinates": [ [ [ -6.86146, 33.953782 ], [ -6.861415, 33.955584 ], [ -6.863578, 33.955622 ], [ -6.863623, 33.953819 ], [ -6.86146, 33.953782 ] ] ] } },
{ "type": "Feature", "properties": { "urban_density": 0.20954728785117036, "temperature_proxy": 28.362057371032606 }, "geometry": { "type": "Polygon", "coordinates": [ [ [ -6.861415, 33.955584 ], [ -6.86137, 33.957387 ], [ -6.863533, 33.957424 ], [ -6.863578, 33.955622 ], [ -6.861415, 33.955584 ] ] ] } },
{ "type": "Feature", "properties": { "urban_density": 0.23764942653727075, "temperature_proxy": 28.544721272492261 }, "geometry": { "type": "Polygon", "coordinates": [ [ [ -6.86137, 33.957387 ], [ -6.861324, 33.959189 ], [ -6.863488, 33.959227 ], [ -6.863533, 33.957424 ], [ -6.86137, 33.957387 ] ] ] } },
{ "type": "Feature", "properties": { "urban_density": 0.21907885717461992, "temperature_proxy": 28.424012571635028 }, "geometry": { "type": "Polygon", "coordinates": [ [ [ -6.861324, 33.959189 ], [ -6.861279, 33.960992 ], [ -6.863443, 33.961029 ], [ -6.863488, 33.959227 ], [ -6.861324, 33.959189 ] ] ] } },
{ "type": "Feature", "properties": { "urban_density": 0.22615910149948512, "temperature_proxy": 28.470034159746653 }, "geometry": { "type": "Polygon", "coordinates": [ [ [ -6.861279, 33.960992 ], [ -6.861234, 33.962794 ], [ -6.863397, 33.962832 ], [ -6.863443, 33.961029 ], [ -6.861279, 33.960992 ] ] ] } },
{ "type": "Feature", "properties": { "urban_density": 0.24644351741825776, "temperature_proxy": 28.601882863218677 }, "geometry": { "type": "Polygon", "coordinates": [ [ [ -6.861234, 33.962794 ], [ -6.861189, 33.964597 ], [ -6.863352, 33.964634 ], [ -6.863397, 33.962832 ], [ -6.861234, 33.962794 ] ] ] } },
{ "type": "Feature", "properties": { "urban_density": 0.16724112615054579, "temperature_proxy": 28.087067319978548 }, "geometry": { "type": "Polygon", "coordinates": [ [ [ -6.861189, 33.964597 ], [ -6.861144, 33.966399 ], [ -6.863307, 33.966437 ], [ -6.863352, 33.964634 ], [ -6.861189, 33.964597 ] ] ] } },
{ "type": "Feature", "properties": { "urban_density": 0.16558213445350131, "temperature_proxy": 28.076283873947759 }, "geometry": { "type": "Polygon", "coordinates": [ [ [ -6.861144, 33.966399 ], [ -6.861099, 33.968202 ], [ -6.863262, 33.96824 ], [ -6.863307, 33.966437 ], [ -6.861144, 33.966399 ] ] ] } },
{ "type": "Feature", "properties": { "urban_density": 0.077489596627016766, "temperature_proxy": 27.503682378075609 }, "geometry": { "type": "Polygon", "coordinates": [ [ [ -6.861099, 33.968202 ], [ -6.861054, 33.970004 ], [ -6.863217, 33.970042 ], [ -6.863262, 33.96824 ], [ -6.861099, 33.968202 ] ] ] } },
{ "type": "Feature", "properties": { "urban_density": 0.18078102850869704, "temperature_proxy": 28.175076685306532 }, "geometry": { "type": "Polygon", "coordinates": [ [ [ -6.861054, 33.970004 ], [ -6.861008, 33.971807 ], [ -6.863172, 33.971845 ], [ -6.863217, 33.970042 ], [ -6.861054, 33.970004 ] ] ] } },
{ "type": "Feature", "properties": { "urban_density": 0.13726452625235652, "temperature_proxy": 27.892219420640316 }, "geometry": { "type": "Polygon", "coordinates": [ [ [ -6.861008, 33.971807 ], [ -6.860963, 33.97361 ], [ -6.863127, 33.973647 ], [ -6.863172, 33.971845 ], [ -6.861008, 33.971807 ] ] ] } },
{ "type": "Feature", "properties": { "urban_density": 0.089500144181522578, "temperature_proxy": 27.581750937179898 }, "geometry": { "type": "Polygon", "coordinates": [ [ [ -6.860963, 33.97361 ], [ -6.860918, 33.975412 ], [ -6.863082, 33.97545 ], [ -6.863127, 33.973647 ], [ -6.860963, 33.97361 ] ] ] } },
{ "type": "Feature", "properties": { "urban_density": 0.028219960152757455, "temperature_proxy": 27.183429740992924 }, "geometry": { "type": "Polygon", "coordinates": [ [ [ -6.860918, 33.975412 ], [ -6.860873, 33.977215 ], [ -6.863037, 33.977252 ], [ -6.863082, 33.97545 ], [ -6.860918, 33.975412 ] ] ] } },
{ "type": "Feature", "properties": { "urban_density": 0.14402177854367884, "temperature_proxy": 27.936141560533912 }, "geometry": { "type": "Polygon", "coordinates": [ [ [ -6.860873, 33.977215 ], [ -6.860828, 33.979017 ], [ -6.862991, 33.979055 ], [ -6.863037, 33.977252 ], [ -6.860873, 33.977215 ] ] ] } },
{ "type": "Feature", "properties": { "urban_density": 0.22742061640612943, "temperature_proxy": 28.478234006639841 }, "geometry": { "type": "Polygon", "coordinates": [ [ [ -6.860828, 33.979017 ], [ -6.860783, 33.98082 ], [ -6.862946, 33.980857 ], [ -6.862991, 33.979055 ], [ -6.860828, 33.979017 ] ] ] } },
{ "type": "Feature", "properties": { "urban_density": 0.2257819925295057, "temperature_proxy": 28.467582951441788 }, "geometry": { "type": "Polygon", "coordinates": [ [ [ -6.860783, 33.98082 ], [ -6.860737, 33.982622 ], [ -6.862901, 33.98266 ], [ -6.862946, 33.980857 ], [ -6.860783, 33.98082 ] ] ] } },
{ "type": "Feature", "properties": { "urban_density": 0.25064981191056473, "temperature_proxy": 28.62922377741867 }, "geometry": { "type": "Polygon", "coordinates": [ [ [ -6.860737, 33.982622 ], [ -6.860692, 33.984425 ], [ -6.862856, 33.984462 ], [ -6.862901, 33.98266 ], [ -6.860737, 33.982622 ] ] ] } },
{ "type": "Feature", "properties": { "urban_density": 0.14065238997111357, "temperature_proxy": 27.914240534812237 }, "geometry": { "type": "Polygon", "coordinates": [ [ [ -6.860692, 33.984425 ], [ -6.860647, 33.986227 ], [ -6.862811, 33.986265 ], [ -6.862856, 33.984462 ], [ -6.860692, 33.984425 ] ] ] } },
{ "type": "Feature", "properties": { "urban_density": 0.25666155837605414, "temperature_proxy": 28.668300129444351 }, "geometry": { "type": "Polygon", "coordinates": [ [ [ -6.860647, 33.986227 ], [ -6.860602, 33.98803 ], [ -6.862766, 33.988067 ], [ -6.862811, 33.986265 ], [ -6.860647, 33.986227 ] ] ] } },
{ "type": "Feature", "properties": { "urban_density": 0.10820554704443254, "temperature_proxy": 27.70333605578881 }, "geometry": { "type": "Polygon", "coordinates": [ [ [ -6.860602, 33.98803 ], [ -6.860557, 33.989832 ], [ -6.862721, 33.98987 ], [ -6.862766, 33.988067 ], [ -6.860602, 33.98803 ] ] ] } },
{ "type": "Feature", "properties": { "urban_density": 0.12789743980038104, "temperature_proxy": 27.831333358702476 }, "geometry": { "type": "Polygon", "coordinates": [ [ [ -6.860557, 33.989832 ], [ -6.860511, 33.991635 ], [ -6.862675, 33.991672 ], [ -6.862721, 33.98987 ], [ -6.860557, 33.989832 ] ] ] } },
{ "type": "Feature", "properties": { "urban_density": 0.1000550628945608, "temperature_proxy": 27.650357908814645 }, "geometry": { "type": "Polygon", "coordinates": [ [ [ -6.860511, 33.991635 ], [ -6.860466, 33.993437 ], [ -6.86263, 33.993475 ], [ -6.862675, 33.991672 ], [ -6.860511, 33.991635 ] ] ] } },
{ "type": "Feature", "properties": { "urban_density": 0.21979694083994705, "temperature_proxy": 28.428680115459656 }, "geometry": { "type": "Polygon", "coordinates": [ [ [ -6.860466, 33.993437 ], [ -6.860421, 33.99524 ], [ -6.862585, 33.995277 ], [ -6.86263, 33.993475 ], [ -6.860466, 33.993437 ] ] ] } },
{ "type": "Feature", "properties": { "urban_density": 0.13219414352108733, "temperature_proxy": 27.859261932887069 }, "geometry": { "type": "Polygon", "coordinates": [ [ [ -6.860421, 33.99524 ], [ -6.860376, 33.997042 ], [ -6.86254, 33.99708 ], [ -6.862585, 33.995277 ], [ -6.860421, 33.99524 ] ] ] } },
{ "type": "Feature", "properties": { "urban_density": 0.074834968960156359, "temperature_proxy": 27.486427298241015 }, "geometry": { "type": "Polygon", "coordinates": [ [ [ -6.860376, 33.997042 ], [ -6.860331, 33.998845 ], [ -6.862495, 33.998883 ], [ -6.86254, 33.99708 ], [ -6.860376, 33.997042 ] ] ] } },
{ "type": "Feature", "properties": { "urban_density": 0.18287109651515412, "temperature_proxy": 28.188662127348501 }, "geometry": { "type": "Polygon", "coordinates": [ [ [ -6.860331, 33.998845 ], [ -6.860285, 34.000647 ], [ -6.86245, 34.000685 ], [ -6.862495, 33.998883 ], [ -6.860331, 33.998845 ] ] ] } },
{ "type": "Feature", "properties": { "urban_density": 0.13160414464129791, "temperature_proxy": 27.855426940168435 }, "geometry": { "type": "Polygon", "coordinates": [ [ [ -6.860285, 34.000647 ], [ -6.86024, 34.00245 ], [ -6.862405, 34.002488 ], [ -6.86245, 34.000685 ], [ -6.860285, 34.000647 ] ] ] } },
{ "type": "Feature", "properties": { "urban_density": 0.11377712140475317, "temperature_proxy": 27.739551289130894 }, "geometry": { "type": "Polygon", "coordinates": [ [ [ -6.86024, 34.00245 ], [ -6.860195, 34.004252 ], [ -6.862359, 34.00429 ], [ -6.862405, 34.002488 ], [ -6.86024, 34.00245 ] ] ] } },
{ "type": "Feature", "properties": { "urban_density": 0.23817642261029964, "temperature_proxy": 28.548146746966946 }, "geometry": { "type": "Polygon", "coordinates": [ [ [ -6.860195, 34.004252 ], [ -6.86015, 34.006055 ], [ -6.862314, 34.006093 ], [ -6.862359, 34.00429 ], [ -6.860195, 34.004252 ] ] ] } },
{ "type": "Feature", "properties": { "urban_density": 0.074455361698878619, "temperature_proxy": 27.483959851042712 }, "geometry": { "type": "Polygon", "coordinates": [ [ [ -6.86015, 34.006055 ], [ -6.860105, 34.007858 ], [ -6.862269, 34.007895 ], [ -6.862314, 34.006093 ], [ -6.86015, 34.006055 ] ] ] } },
{ "type": "Feature", "properties": { "urban_density": 0.41953542140715461, "temperature_proxy": 29.726980239146506 }, "geometry": { "type": "Polygon", "coordinates": [ [ [ -6.860105, 34.007858 ], [ -6.860059, 34.00966 ], [ -6.862224, 34.009698 ], [ -6.862269, 34.007895 ], [ -6.860105, 34.007858 ] ] ] } },
{ "type": "Feature", "properties": { "urban_density": 0.27800051496097339, "temperature_proxy": 28.807003347246326 }, "geometry": { "type": "Polygon", "coordinates": [ [ [ -6.860059, 34.00966 ], [ -6.860014, 34.011463 ], [ -6.862179, 34.0115 ], [ -6.862224, 34.009698 ], [ -6.860059, 34.00966 ] ] ] } },
{ "type": "Feature", "properties": { "urban_density": 0.41924737566895209, "temperature_proxy": 29.72510794184819 }, "geometry": { "type": "Polygon", "coordinates": [ [ [ -6.860014, 34.011463 ], [ -6.859969, 34.013265 ], [ -6.862133, 34.013303 ], [ -6.862179, 34.0115 ], [ -6.860014, 34.011463 ] ] ] } },
{ "type": "Feature", "properties": { "urban_density": 0.25120795146787717, "temperature_proxy": 28.632851684541201 }, "geometry": { "type": "Polygon", "coordinates": [ [ [ -6.859969, 34.013265 ], [ -6.859924, 34.015068 ], [ -6.862088, 34.015105 ], [ -6.862133, 34.013303 ], [ -6.859969, 34.013265 ] ] ] } },
{ "type": "Feature", "properties": { "urban_density": 0.094150214776969943, "temperature_proxy": 27.611976396050306 }, "geometry": { "type": "Polygon", "coordinates": [ [ [ -6.859924, 34.015068 ], [ -6.859878, 34.01687 ], [ -6.862043, 34.016908 ], [ -6.862088, 34.015105 ], [ -6.859924, 34.015068 ] ] ] } },
{ "type": "Feature", "properties": { "urban_density": 0.01919907355390324, "temperature_proxy": 27.124793978100371 }, "geometry": { "type": "Polygon", "coordinates": [ [ [ -6.859522, 33.944731 ], [ -6.859477, 33.946534 ], [ -6.86164, 33.946572 ], [ -6.861685, 33.944769 ], [ -6.859522, 33.944731 ] ] ] } },
{ "type": "Feature", "properties": { "urban_density": 0.25294847168533774, "temperature_proxy": 28.644165065954695 }, "geometry": { "type": "Polygon", "coordinates": [ [ [ -6.859477, 33.946534 ], [ -6.859432, 33.948336 ], [ -6.861595, 33.948374 ], [ -6.86164, 33.946572 ], [ -6.859477, 33.946534 ] ] ] } },
{ "type": "Feature", "properties": { "urban_density": 0.14648802452885132, "temperature_proxy": 27.952172159437534 }, "geometry": { "type": "Polygon", "coordinates": [ [ [ -6.859432, 33.948336 ], [ -6.859387, 33.950139 ], [ -6.86155, 33.950177 ], [ -6.861595, 33.948374 ], [ -6.859432, 33.948336 ] ] ] } },
{ "type": "Feature", "properties": { "urban_density": 0.2599749105496631, "temperature_proxy": 28.689836918572809 }, "geometry": { "type": "Polygon", "coordinates": [ [ [ -6.859387, 33.950139 ], [ -6.859342, 33.951942 ], [ -6.861505, 33.951979 ], [ -6.86155, 33.950177 ], [ -6.859387, 33.950139 ] ] ] } },
{ "type": "Feature", "properties": { "urban_density": 0.24662133525386379, "temperature_proxy": 28.603038679150114 }, "geometry": { "type": "Polygon", "coordinates": [ [ [ -6.859342, 33.951942 ], [ -6.859297, 33.953744 ], [ -6.86146, 33.953782 ], [ -6.861505, 33.951979 ], [ -6.859342, 33.951942 ] ] ] } },
{ "type": "Feature", "properties": { "urban_density": 0.2725275978438837, "temperature_proxy": 28.771429385985243 }, "geometry": { "type": "Polygon", "coordinates": [ [ [ -6.859297, 33.953744 ], [ -6.859252, 33.955547 ], [ -6.861415, 33.955584 ], [ -6.86146, 33.953782 ], [ -6.859297, 33.953744 ] ] ] } },
{ "type": "Feature", "properties": { "urban_density": 0.21861691392330518, "temperature_proxy": 28.421009940501484 }, "geometry": { "type": "Polygon", "coordinates": [ [ [ -6.859252, 33.955547 ], [ -6.859206, 33.957349 ], [ -6.86137, 33.957387 ], [ -6.861415, 33.955584 ], [ -6.859252, 33.955547 ] ] ] } },
{ "type": "Feature", "properties": { "urban_density": 0.18167735362225698, "temperature_proxy": 28.180902798544672 }, "geometry": { "type": "Polygon", "coordinates": [ [ [ -6.859206, 33.957349 ], [ -6.859161, 33.959152 ], [ -6.861324, 33.959189 ], [ -6.86137, 33.957387 ], [ -6.859206, 33.957349 ] ] ] } },
{ "type": "Feature", "properties": { "urban_density": 0.23310775407000647, "temperature_proxy": 28.515200401455044 }, "geometry": { "type": "Polygon", "coordinates": [ [ [ -6.859161, 33.959152 ], [ -6.859116, 33.960954 ], [ -6.861279, 33.960992 ], [ -6.861324, 33.959189 ], [ -6.859161, 33.959152 ] ] ] } },
{ "type": "Feature", "properties": { "urban_density": 0.23528113823273433, "temperature_proxy": 28.529327398512773 }, "geometry": { "type": "Polygon", "coordinates": [ [ [ -6.859116, 33.960954 ], [ -6.859071, 33.962757 ], [ -6.861234, 33.962794 ], [ -6.861279, 33.960992 ], [ -6.859116, 33.960954 ] ] ] } },
{ "type": "Feature", "properties": { "urban_density": 0.20078101185034777, "temperature_proxy": 28.305076577027261 }, "geometry": { "type": "Polygon", "coordinates": [ [ [ -6.859071, 33.962757 ], [ -6.859026, 33.964559 ], [ -6.861189, 33.964597 ], [ -6.861234, 33.962794 ], [ -6.859071, 33.962757 ] ] ] } },
{ "type": "Feature", "properties": { "urban_density": 0.21523374761039168, "temperature_proxy": 28.399019359467545 }, "geometry": { "type": "Polygon", "coordinates": [ [ [ -6.859026, 33.964559 ], [ -6.858981, 33.966362 ], [ -6.861144, 33.966399 ], [ -6.861189, 33.964597 ], [ -6.859026, 33.964559 ] ] ] } },
{ "type": "Feature", "properties": { "urban_density": 0.17351214213270791, "temperature_proxy": 28.127828923862602 }, "geometry": { "type": "Polygon", "coordinates": [ [ [ -6.858981, 33.966362 ], [ -6.858935, 33.968164 ], [ -6.861099, 33.968202 ], [ -6.861144, 33.966399 ], [ -6.858981, 33.966362 ] ] ] } },
{ "type": "Feature", "properties": { "urban_density": 0.14364513724354067, "temperature_proxy": 27.933693392083015 }, "geometry": { "type": "Polygon", "coordinates": [ [ [ -6.858935, 33.968164 ], [ -6.85889, 33.969967 ], [ -6.861054, 33.970004 ], [ -6.861099, 33.968202 ], [ -6.858935, 33.968164 ] ] ] } },
{ "type": "Feature", "properties": { "urban_density": 0.17610574093850961, "temperature_proxy": 28.144687316100313 }, "geometry": { "type": "Polygon", "coordinates": [ [ [ -6.85889, 33.969967 ], [ -6.858845, 33.971769 ], [ -6.861008, 33.971807 ], [ -6.861054, 33.970004 ], [ -6.85889, 33.969967 ] ] ] } },
{ "type": "Feature", "properties": { "urban_density": 0.12094452776173505, "temperature_proxy": 27.786139430451279 }, "geometry": { "type": "Polygon", "coordinates": [ [ [ -6.858845, 33.971769 ], [ -6.8588, 33.973572 ], [ -6.860963, 33.97361 ], [ -6.861008, 33.971807 ], [ -6.858845, 33.971769 ] ] ] } },
{ "type": "Feature", "properties": { "urban_density": 0.1246206140318393, "temperature_proxy": 27.810033991206957 }, "geometry": { "type": "Polygon", "coordinates": [ [ [ -6.8588, 33.973572 ], [ -6.858755, 33.975374 ], [ -6.860918, 33.975412 ], [ -6.860963, 33.97361 ], [ -6.8588, 33.973572 ] ] ] } },
{ "type": "Feature", "properties": { "urban_density": 0.075113065641975424, "temperature_proxy": 27.488234926672842 }, "geometry": { "type": "Polygon", "coordinates": [ [ [ -6.858755, 33.975374 ], [ -6.858709, 33.977177 ], [ -6.860873, 33.977215 ], [ -6.860918, 33.975412 ], [ -6.858755, 33.975374 ] ] ] } },
{ "type": "Feature", "properties": { "urban_density": 0.042276722457195909, "temperature_proxy": 27.274798695971775 }, "geometry": { "type": "Polygon", "coordinates": [ [ [ -6.858709, 33.977177 ], [ -6.858664, 33.978979 ], [ -6.860828, 33.979017 ], [ -6.860873, 33.977215 ], [ -6.858709, 33.977177 ] ] ] } },
{ "type": "Feature", "properties": { "urban_density": 0.097844310300617313, "temperature_proxy": 27.635988016954013 }, "geometry": { "type": "Polygon", "coordinates": [ [ [ -6.858664, 33.978979 ], [ -6.858619, 33.980782 ], [ -6.860783, 33.98082 ], [ -6.860828, 33.979017 ], [ -6.858664, 33.978979 ] ] ] } },
{ "type": "Feature", "properties": { "urban_density": 0.23125496248742594, "temperature_proxy": 28.503157256168269 }, "geometry": { "type": "Polygon", "coordinates": [ [ [ -6.858619, 33.980782 ], [ -6.858574, 33.982585 ], [ -6.860737, 33.982622 ], [ -6.860783, 33.98082 ], [ -6.858619, 33.980782 ] ] ] } },
{ "type": "Feature", "properties": { "urban_density": 0.17014616779887121, "temperature_proxy": 28.105950090692662 }, "geometry": { "type": "Polygon", "coordinates": [ [ [ -6.858574, 33.982585 ], [ -6.858528, 33.984387 ], [ -6.860692, 33.984425 ], [ -6.860737, 33.982622 ], [ -6.858574, 33.982585 ] ] ] } },
{ "type": "Feature", "properties": { "urban_density": 0.23044976927294883, "temperature_proxy": 28.497923500274169 }, "geometry": { "type": "Polygon", "coordinates": [ [ [ -6.858528, 33.984387 ], [ -6.858483, 33.98619 ], [ -6.860647, 33.986227 ], [ -6.860692, 33.984425 ], [ -6.858528, 33.984387 ] ] ] } },
{ "type": "Feature", "properties": { "urban_density": 0.10844374735489362, "temperature_proxy": 27.704884357806808 }, "geometry": { "type": "Polygon", "coordinates": [ [ [ -6.858483, 33.98619 ], [ -6.858438, 33.987992 ], [ -6.860602, 33.98803 ], [ -6.860647, 33.986227 ], [ -6.858483, 33.98619 ] ] ] } },
{ "type": "Feature", "properties": { "urban_density": 0.057664351237860727, "temperature_proxy": 27.374818283046096 }, "geometry": { "type": "Polygon", "coordinates": [ [ [ -6.858438, 33.987992 ], [ -6.858393, 33.989795 ], [ -6.860557, 33.989832 ], [ -6.860602, 33.98803 ], [ -6.858438, 33.987992 ] ] ] } },
{ "type": "Feature", "properties": { "urban_density": 0.021428406106838487, "temperature_proxy": 27.139284639694448 }, "geometry": { "type": "Polygon", "coordinates": [ [ [ -6.858393, 33.989795 ], [ -6.858348, 33.991597 ], [ -6.860511, 33.991635 ], [ -6.860557, 33.989832 ], [ -6.858393, 33.989795 ] ] ] } },
{ "type": "Feature", "properties": { "urban_density": 0.23929781048150162, "temperature_proxy": 28.555435768129762 }, "geometry": { "type": "Polygon", "coordinates": [ [ [ -6.858348, 33.991597 ], [ -6.858302, 33.9934 ], [ -6.860466, 33.993437 ], [ -6.860511, 33.991635 ], [ -6.858348, 33.991597 ] ] ] } },
{ "type": "Feature", "properties": { "urban_density": 0.1721293280194886, "temperature_proxy": 28.118840632126677 }, "geometry": { "type": "Polygon", "coordinates": [ [ [ -6.858302, 33.9934 ], [ -6.858257, 33.995202 ], [ -6.860421, 33.99524 ], [ -6.860466, 33.993437 ], [ -6.858302, 33.9934 ] ] ] } },
{ "type": "Feature", "properties": { "urban_density": 0.20734015726760399, "temperature_proxy": 28.347711022239427 }, "geometry": { "type": "Polygon", "coordinates": [ [ [ -6.858257, 33.995202 ], [ -6.858212, 33.997005 ], [ -6.860376, 33.997042 ], [ -6.860421, 33.99524 ], [ -6.858257, 33.995202 ] ] ] } },
{ "type": "Feature", "properties": { "urban_density": 0.20311199267613383, "temperature_proxy": 28.32022795239487 }, "geometry": { "type": "Polygon", "coordinates": [ [ [ -6.858212, 33.997005 ], [ -6.858166, 33.998807 ], [ -6.860331, 33.998845 ], [ -6.860376, 33.997042 ], [ -6.858212, 33.997005 ] ] ] } },
{ "type": "Feature", "properties": { "urban_density": 0.06248739812556664, "temperature_proxy": 27.406168087816184 }, "geometry": { "type": "Polygon", "coordinates": [ [ [ -6.858166, 33.998807 ], [ -6.858121, 34.00061 ], [ -6.860285, 34.000647 ], [ -6.860331, 33.998845 ], [ -6.858166, 33.998807 ] ] ] } },
{ "type": "Feature", "properties": { "urban_density": 0.048528201968468999, "temperature_proxy": 27.315433312795047 }, "geometry": { "type": "Polygon", "coordinates": [ [ [ -6.858121, 34.00061 ], [ -6.858076, 34.002412 ], [ -6.86024, 34.00245 ], [ -6.860285, 34.000647 ], [ -6.858121, 34.00061 ] ] ] } },
{ "type": "Feature", "properties": { "urban_density": 0.088654970030163913, "temperature_proxy": 27.576257305196066 }, "geometry": { "type": "Polygon", "coordinates": [ [ [ -6.858076, 34.002412 ], [ -6.858031, 34.004215 ], [ -6.860195, 34.004252 ], [ -6.86024, 34.00245 ], [ -6.858076, 34.002412 ] ] ] } },
{ "type": "Feature", "properties": { "urban_density": 0.014413235142704064, "temperature_proxy": 27.093686028427577 }, "geometry": { "type": "Polygon", "coordinates": [ [ [ -6.858031, 34.004215 ], [ -6.857985, 34.006017 ], [ -6.86015, 34.006055 ], [ -6.860195, 34.004252 ], [ -6.858031, 34.004215 ] ] ] } },
{ "type": "Feature", "properties": { "urban_density": 0.12372868259465547, "temperature_proxy": 27.80423643686526 }, "geometry": { "type": "Polygon", "coordinates": [ [ [ -6.857985, 34.006017 ], [ -6.85794, 34.00782 ], [ -6.860105, 34.007858 ], [ -6.86015, 34.006055 ], [ -6.857985, 34.006017 ] ] ] } },
{ "type": "Feature", "properties": { "urban_density": 0.42638438503048126, "temperature_proxy": 29.77149850269813 }, "geometry": { "type": "Polygon", "coordinates": [ [ [ -6.85794, 34.00782 ], [ -6.857895, 34.009622 ], [ -6.860059, 34.00966 ], [ -6.860105, 34.007858 ], [ -6.85794, 34.00782 ] ] ] } },
{ "type": "Feature", "properties": { "urban_density": 0.50848738818437778, "temperature_proxy": 30.305168023198455 }, "geometry": { "type": "Polygon", "coordinates": [ [ [ -6.857895, 34.009622 ], [ -6.85785, 34.011425 ], [ -6.860014, 34.011463 ], [ -6.860059, 34.00966 ], [ -6.857895, 34.009622 ] ] ] } },
{ "type": "Feature", "properties": { "urban_density": 0.24179550765612429, "temperature_proxy": 28.571670799764807 }, "geometry": { "type": "Polygon", "coordinates": [ [ [ -6.85785, 34.011425 ], [ -6.857804, 34.013227 ], [ -6.859969, 34.013265 ], [ -6.860014, 34.011463 ], [ -6.85785, 34.011425 ] ] ] } },
{ "type": "Feature", "properties": { "urban_density": 0.12491745568235829, "temperature_proxy": 27.811963461935328 }, "geometry": { "type": "Polygon", "coordinates": [ [ [ -6.857804, 34.013227 ], [ -6.857759, 34.01503 ], [ -6.859924, 34.015068 ], [ -6.859969, 34.013265 ], [ -6.857804, 34.013227 ] ] ] } },
{ "type": "Feature", "properties": { "urban_density": 0.19900006324714289, "temperature_proxy": 28.293500411106429 }, "geometry": { "type": "Polygon", "coordinates": [ [ [ -6.857759, 34.01503 ], [ -6.857714, 34.016832 ], [ -6.859878, 34.01687 ], [ -6.859924, 34.015068 ], [ -6.857759, 34.01503 ] ] ] } },
{ "type": "Feature", "properties": { "urban_density": 0.067605483874311492, "temperature_proxy": 27.439435645183025 }, "geometry": { "type": "Polygon", "coordinates": [ [ [ -6.857714, 34.016832 ], [ -6.857668, 34.018635 ], [ -6.859833, 34.018673 ], [ -6.859878, 34.01687 ], [ -6.857714, 34.016832 ] ] ] } },
{ "type": "Feature", "properties": { "urban_density": 0.028300157193570846, "temperature_proxy": 27.183951021758212 }, "geometry": { "type": "Polygon", "coordinates": [ [ [ -6.857405, 33.942891 ], [ -6.85736, 33.944694 ], [ -6.859522, 33.944731 ], [ -6.859568, 33.942929 ], [ -6.857405, 33.942891 ] ] ] } },
{ "type": "Feature", "properties": { "urban_density": 0.018967315116245012, "temperature_proxy": 27.123287548255593 }, "geometry": { "type": "Polygon", "coordinates": [ [ [ -6.85736, 33.944694 ], [ -6.857314, 33.946496 ], [ -6.859477, 33.946534 ], [ -6.859522, 33.944731 ], [ -6.85736, 33.944694 ] ] ] } },
{ "type": "Feature", "properties": { "urban_density": 0.082492015338779603, "temperature_proxy": 27.536198099702066 }, "geometry": { "type": "Polygon", "coordinates": [ [ [ -6.857314, 33.946496 ], [ -6.857269, 33.948299 ], [ -6.859432, 33.948336 ], [ -6.859477, 33.946534 ], [ -6.857314, 33.946496 ] ] ] } },
{ "type": "Feature", "properties": { "urban_density": 0.072274393869246042, "temperature_proxy": 27.469783560150098 }, "geometry": { "type": "Polygon", "coordinates": [ [ [ -6.857269, 33.948299 ], [ -6.857224, 33.950101 ], [ -6.859387, 33.950139 ], [ -6.859432, 33.948336 ], [ -6.857269, 33.948299 ] ] ] } },
{ "type": "Feature", "properties": { "urban_density": 0.15795378910218147, "temperature_proxy": 28.026699629164181 }, "geometry": { "type": "Polygon", "coordinates": [ [ [ -6.857224, 33.950101 ], [ -6.857179, 33.951904 ], [ -6.859342, 33.951942 ], [ -6.859387, 33.950139 ], [ -6.857224, 33.950101 ] ] ] } },
{ "type": "Feature", "properties": { "urban_density": 0.076443591205319475, "temperature_proxy": 27.496883342834575 }, "geometry": { "type": "Polygon", "coordinates": [ [ [ -6.857179, 33.951904 ], [ -6.857134, 33.953706 ], [ -6.859297, 33.953744 ], [ -6.859342, 33.951942 ], [ -6.857179, 33.951904 ] ] ] } },
{ "type": "Feature", "properties": { "urban_density": 0.07781584920160084, "temperature_proxy": 27.505803019810404 }, "geometry": { "type": "Polygon", "coordinates": [ [ [ -6.857134, 33.953706 ], [ -6.857088, 33.955509 ], [ -6.859252, 33.955547 ], [ -6.859297, 33.953744 ], [ -6.857134, 33.953706 ] ] ] } },
{ "type": "Feature", "properties": { "urban_density": 0.24988094922035456, "temperature_proxy": 28.624226169932303 }, "geometry": { "type": "Polygon", "coordinates": [ [ [ -6.857088, 33.955509 ], [ -6.857043, 33.957311 ], [ -6.859206, 33.957349 ], [ -6.859252, 33.955547 ], [ -6.857088, 33.955509 ] ] ] } },
{ "type": "Feature", "properties": { "urban_density": 0.24892686896762939, "temperature_proxy": 28.618024648289591 }, "geometry": { "type": "Polygon", "coordinates": [ [ [ -6.857043, 33.957311 ], [ -6.856998, 33.959114 ], [ -6.859161, 33.959152 ], [ -6.859206, 33.957349 ], [ -6.857043, 33.957311 ] ] ] } },
{ "type": "Feature", "properties": { "urban_density": 0.18423707984224011, "temperature_proxy": 28.197541018974562 }, "geometry": { "type": "Polygon", "coordinates": [ [ [ -6.856998, 33.959114 ], [ -6.856953, 33.960917 ], [ -6.859116, 33.960954 ], [ -6.859161, 33.959152 ], [ -6.856998, 33.959114 ] ] ] } },
{ "type": "Feature", "properties": { "urban_density": 0.23759877076117572, "temperature_proxy": 28.544392009947643 }, "geometry": { "type": "Polygon", "coordinates": [ [ [ -6.856953, 33.960917 ], [ -6.856908, 33.962719 ], [ -6.859071, 33.962757 ], [ -6.859116, 33.960954 ], [ -6.856953, 33.960917 ] ] ] } },
{ "type": "Feature", "properties": { "urban_density": 0.21361620177035875, "temperature_proxy": 28.38850531150733 }, "geometry": { "type": "Polygon", "coordinates": [ [ [ -6.856908, 33.962719 ], [ -6.856862, 33.964522 ], [ -6.859026, 33.964559 ], [ -6.859071, 33.962757 ], [ -6.856908, 33.962719 ] ] ] } },
{ "type": "Feature", "properties": { "urban_density": 0.20005395500190376, "temperature_proxy": 28.300350707512376 }, "geometry": { "type": "Polygon", "coordinates": [ [ [ -6.856862, 33.964522 ], [ -6.856817, 33.966324 ], [ -6.858981, 33.966362 ], [ -6.859026, 33.964559 ], [ -6.856862, 33.964522 ] ] ] } },
{ "type": "Feature", "properties": { "urban_density": 0.17677341317776329, "temperature_proxy": 28.149027185655463 }, "geometry": { "type": "Polygon", "coordinates": [ [ [ -6.856817, 33.966324 ], [ -6.856772, 33.968127 ], [ -6.858935, 33.968164 ], [ -6.858981, 33.966362 ], [ -6.856817, 33.966324 ] ] ] } },
{ "type": "Feature", "properties": { "urban_density": 0.16323152318207018, "temperature_proxy": 28.061004900683457 }, "geometry": { "type": "Polygon", "coordinates": [ [ [ -6.856772, 33.968127 ], [ -6.856727, 33.969929 ], [ -6.85889, 33.969967 ], [ -6.858935, 33.968164 ], [ -6.856772, 33.968127 ] ] ] } },
{ "type": "Feature", "properties": { "urban_density": 0.14376624473747057, "temperature_proxy": 27.934480590793559 }, "geometry": { "type": "Polygon", "coordinates": [ [ [ -6.856727, 33.969929 ], [ -6.856681, 33.971732 ], [ -6.858845, 33.971769 ], [ -6.85889, 33.969967 ], [ -6.856727, 33.969929 ] ] ] } },
{ "type": "Feature", "properties": { "urban_density": 0.19972028207866432, "temperature_proxy": 28.298181833511318 }, "geometry": { "type": "Polygon", "coordinates": [ [ [ -6.856681, 33.971732 ], [ -6.856636, 33.973534 ], [ -6.8588, 33.973572 ], [ -6.858845, 33.971769 ], [ -6.856681, 33.971732 ] ] ] } },
{ "type": "Feature", "properties": { "urban_density": 0.18881942264707097, "temperature_proxy": 28.227326247205962 }, "geometry": { "type": "Polygon", "coordinates": [ [ [ -6.856636, 33.973534 ], [ -6.856591, 33.975337 ], [ -6.858755, 33.975374 ], [ -6.8588, 33.973572 ], [ -6.856636, 33.973534 ] ] ] } },
{ "type": "Feature", "properties": { "urban_density": 0.14183390989555622, "temperature_proxy": 27.921920414321114 }, "geometry": { "type": "Polygon", "coordinates": [ [ [ -6.856591, 33.975337 ], [ -6.856546, 33.977139 ], [ -6.858709, 33.977177 ], [ -6.858755, 33.975374 ], [ -6.856591, 33.975337 ] ] ] } },
{ "type": "Feature", "properties": { "urban_density": 0.087015105453023892, "temperature_proxy": 27.565598185444657 }, "geometry": { "type": "Polygon", "coordinates": [ [ [ -6.856546, 33.977139 ], [ -6.8565, 33.978942 ], [ -6.858664, 33.978979 ], [ -6.858709, 33.977177 ], [ -6.856546, 33.977139 ] ] ] } },
{ "type": "Feature", "properties": { "urban_density": 0.17133142579627456, "temperature_proxy": 28.113654267675784 }, "geometry": { "type": "Polygon", "coordinates": [ [ [ -6.856455, 33.980744 ], [ -6.85641, 33.982547 ], [ -6.858574, 33.982585 ], [ -6.858619, 33.980782 ], [ -6.856455, 33.980744 ] ] ] } },
{ "type": "Feature", "properties": { "urban_density": 0.27504240849557116, "temperature_proxy": 28.787775655221214 }, "geometry": { "type": "Polygon", "coordinates": [ [ [ -6.85641, 33.982547 ], [ -6.856365, 33.984349 ], [ -6.858528, 33.984387 ], [ -6.858574, 33.982585 ], [ -6.85641, 33.982547 ] ] ] } },
{ "type": "Feature", "properties": { "urban_density": 0.21495049809048286, "temperature_proxy": 28.39717823758814 }, "geometry": { "type": "Polygon", "coordinates": [ [ [ -6.856365, 33.984349 ], [ -6.856319, 33.986152 ], [ -6.858483, 33.98619 ], [ -6.858528, 33.984387 ], [ -6.856365, 33.984349 ] ] ] } },
{ "type": "Feature", "properties": { "urban_density": 0.23281153412613168, "temperature_proxy": 28.513274971819857 }, "geometry": { "type": "Polygon", "coordinates": [ [ [ -6.856319, 33.986152 ], [ -6.856274, 33.987954 ], [ -6.858438, 33.987992 ], [ -6.858483, 33.98619 ], [ -6.856319, 33.986152 ] ] ] } },
{ "type": "Feature", "properties": { "urban_density": 0.19365757892379784, "temperature_proxy": 28.258774263004685 }, "geometry": { "type": "Polygon", "coordinates": [ [ [ -6.856274, 33.987954 ], [ -6.856229, 33.989757 ], [ -6.858393, 33.989795 ], [ -6.858438, 33.987992 ], [ -6.856274, 33.987954 ] ] ] } },
{ "type": "Feature", "properties": { "urban_density": 0.040714613011104073, "temperature_proxy": 27.264644984572175 }, "geometry": { "type": "Polygon", "coordinates": [ [ [ -6.856229, 33.989757 ], [ -6.856184, 33.991559 ], [ -6.858348, 33.991597 ], [ -6.858393, 33.989795 ], [ -6.856229, 33.989757 ] ] ] } },
{ "type": "Feature", "properties": { "urban_density": 0.21917053494194255, "temperature_proxy": 28.424608477122625 }, "geometry": { "type": "Polygon", "coordinates": [ [ [ -6.856184, 33.991559 ], [ -6.856138, 33.993362 ], [ -6.858302, 33.9934 ], [ -6.858348, 33.991597 ], [ -6.856184, 33.991559 ] ] ] } },
{ "type": "Feature", "properties": { "urban_density": 0.31119163584560833, "temperature_proxy": 29.022745632996454 }, "geometry": { "type": "Polygon", "coordinates": [ [ [ -6.856138, 33.993362 ], [ -6.856093, 33.995164 ], [ -6.858257, 33.995202 ], [ -6.858302, 33.9934 ], [ -6.856138, 33.993362 ] ] ] } },
{ "type": "Feature", "properties": { "urban_density": 0.1672654724451374, "temperature_proxy": 28.087225570893395 }, "geometry": { "type": "Polygon", "coordinates": [ [ [ -6.856093, 33.995164 ], [ -6.856048, 33.996967 ], [ -6.858212, 33.997005 ], [ -6.858257, 33.995202 ], [ -6.856093, 33.995164 ] ] ] } },
{ "type": "Feature", "properties": { "urban_density": 0.34362834377546447, "temperature_proxy": 29.233584234540519 }, "geometry": { "type": "Polygon", "coordinates": [ [ [ -6.856048, 33.996967 ], [ -6.856002, 33.99877 ], [ -6.858166, 33.998807 ], [ -6.858212, 33.997005 ], [ -6.856048, 33.996967 ] ] ] } },
{ "type": "Feature", "properties": { "urban_density": 0.099577455822440611, "temperature_proxy": 27.647253462845864 }, "geometry": { "type": "Polygon", "coordinates": [ [ [ -6.856002, 33.99877 ], [ -6.855957, 34.000572 ], [ -6.858121, 34.00061 ], [ -6.858166, 33.998807 ], [ -6.856002, 33.99877 ] ] ] } },
{ "type": "Feature", "properties": { "urban_density": 0.33316397209838233, "temperature_proxy": 29.165565818639486 }, "geometry": { "type": "Polygon", "coordinates": [ [ [ -6.855957, 34.000572 ], [ -6.855912, 34.002375 ], [ -6.858076, 34.002412 ], [ -6.858121, 34.00061 ], [ -6.855957, 34.000572 ] ] ] } },
{ "type": "Feature", "properties": { "urban_density": 0.19705452100525372, "temperature_proxy": 28.280854386534148 }, "geometry": { "type": "Polygon", "coordinates": [ [ [ -6.855912, 34.002375 ], [ -6.855866, 34.004177 ], [ -6.858031, 34.004215 ], [ -6.858076, 34.002412 ], [ -6.855912, 34.002375 ] ] ] } },
{ "type": "Feature", "properties": { "urban_density": 0.32197365626348107, "temperature_proxy": 29.092828765712628 }, "geometry": { "type": "Polygon", "coordinates": [ [ [ -6.855866, 34.004177 ], [ -6.855821, 34.00598 ], [ -6.857985, 34.006017 ], [ -6.858031, 34.004215 ], [ -6.855866, 34.004177 ] ] ] } },
{ "type": "Feature", "properties": { "urban_density": 0.20439949553278275, "temperature_proxy": 28.328596720963088 }, "geometry": { "type": "Polygon", "coordinates": [ [ [ -6.855821, 34.00598 ], [ -6.855776, 34.007782 ], [ -6.85794, 34.00782 ], [ -6.857985, 34.006017 ], [ -6.855821, 34.00598 ] ] ] } },
{ "type": "Feature", "properties": { "urban_density": 0.2871776086559204, "temperature_proxy": 28.866654456263483 }, "geometry": { "type": "Polygon", "coordinates": [ [ [ -6.855776, 34.007782 ], [ -6.85573, 34.009585 ], [ -6.857895, 34.009622 ], [ -6.85794, 34.00782 ], [ -6.855776, 34.007782 ] ] ] } },
{ "type": "Feature", "properties": { "urban_density": 0.54816121098756221, "temperature_proxy": 30.563047871419155 }, "geometry": { "type": "Polygon", "coordinates": [ [ [ -6.85573, 34.009585 ], [ -6.855685, 34.011387 ], [ -6.85785, 34.011425 ], [ -6.857895, 34.009622 ], [ -6.85573, 34.009585 ] ] ] } },
{ "type": "Feature", "properties": { "urban_density": 0.54833654155065259, "temperature_proxy": 30.564187520079241 }, "geometry": { "type": "Polygon", "coordinates": [ [ [ -6.855685, 34.011387 ], [ -6.85564, 34.01319 ], [ -6.857804, 34.013227 ], [ -6.85785, 34.011425 ], [ -6.855685, 34.011387 ] ] ] } },
{ "type": "Feature", "properties": { "urban_density": 0.2559020567406905, "temperature_proxy": 28.663363368814487 }, "geometry": { "type": "Polygon", "coordinates": [ [ [ -6.85564, 34.01319 ], [ -6.855594, 34.014992 ], [ -6.857759, 34.01503 ], [ -6.857804, 34.013227 ], [ -6.85564, 34.01319 ] ] ] } },
{ "type": "Feature", "properties": { "urban_density": 0.1818377886023875, "temperature_proxy": 28.181945625915517 }, "geometry": { "type": "Polygon", "coordinates": [ [ [ -6.855594, 34.014992 ], [ -6.855549, 34.016795 ], [ -6.857714, 34.016832 ], [ -6.857759, 34.01503 ], [ -6.855594, 34.014992 ] ] ] } },
{ "type": "Feature", "properties": { "urban_density": 0.16837756344634963, "temperature_proxy": 28.094454162401274 }, "geometry": { "type": "Polygon", "coordinates": [ [ [ -6.855549, 34.016795 ], [ -6.855504, 34.018597 ], [ -6.857668, 34.018635 ], [ -6.857714, 34.016832 ], [ -6.855549, 34.016795 ] ] ] } },
{ "type": "Feature", "properties": { "urban_density": 0.028967356003662677, "temperature_proxy": 27.188287814023809 }, "geometry": { "type": "Polygon", "coordinates": [ [ [ -6.855504, 34.018597 ], [ -6.855458, 34.0204 ], [ -6.857623, 34.020437 ], [ -6.857668, 34.018635 ], [ -6.855504, 34.018597 ] ] ] } },
{ "type": "Feature", "properties": { "urban_density": 0.025421721486491897, "temperature_proxy": 27.165241189662197 }, "geometry": { "type": "Polygon", "coordinates": [ [ [ -6.855242, 33.942854 ], [ -6.855197, 33.944656 ], [ -6.85736, 33.944694 ], [ -6.857405, 33.942891 ], [ -6.855242, 33.942854 ] ] ] } },
{ "type": "Feature", "properties": { "urban_density": 0.023702685850278269, "temperature_proxy": 27.154067458026809 }, "geometry": { "type": "Polygon", "coordinates": [ [ [ -6.855197, 33.944656 ], [ -6.855152, 33.946459 ], [ -6.857314, 33.946496 ], [ -6.85736, 33.944694 ], [ -6.855197, 33.944656 ] ] ] } },
{ "type": "Feature", "properties": { "urban_density": 0.041202294342941613, "temperature_proxy": 27.26781491322912 }, "geometry": { "type": "Polygon", "coordinates": [ [ [ -6.855152, 33.946459 ], [ -6.855106, 33.948261 ], [ -6.857269, 33.948299 ], [ -6.857314, 33.946496 ], [ -6.855152, 33.946459 ] ] ] } },
{ "type": "Feature", "properties": { "urban_density": 0.045686481519082514, "temperature_proxy": 27.296962129874036 }, "geometry": { "type": "Polygon", "coordinates": [ [ [ -6.855106, 33.948261 ], [ -6.855061, 33.950064 ], [ -6.857224, 33.950101 ], [ -6.857269, 33.948299 ], [ -6.855106, 33.948261 ] ] ] } },
{ "type": "Feature", "properties": { "urban_density": 0.049850837637683866, "temperature_proxy": 27.324030444644944 }, "geometry": { "type": "Polygon", "coordinates": [ [ [ -6.855061, 33.950064 ], [ -6.855016, 33.951866 ], [ -6.857179, 33.951904 ], [ -6.857224, 33.950101 ], [ -6.855061, 33.950064 ] ] ] } },
{ "type": "Feature", "properties": { "urban_density": 0.025454100703675802, "temperature_proxy": 27.165451654573893 }, "geometry": { "type": "Polygon", "coordinates": [ [ [ -6.855016, 33.951866 ], [ -6.854971, 33.953669 ], [ -6.857134, 33.953706 ], [ -6.857179, 33.951904 ], [ -6.855016, 33.951866 ] ] ] } },
{ "type": "Feature", "properties": { "urban_density": 0.14351493456481151, "temperature_proxy": 27.932847074671276 }, "geometry": { "type": "Polygon", "coordinates": [ [ [ -6.854925, 33.955471 ], [ -6.85488, 33.957274 ], [ -6.857043, 33.957311 ], [ -6.857088, 33.955509 ], [ -6.854925, 33.955471 ] ] ] } },
{ "type": "Feature", "properties": { "urban_density": 0.24385827387372888, "temperature_proxy": 28.585078780179238 }, "geometry": { "type": "Polygon", "coordinates": [ [ [ -6.85488, 33.957274 ], [ -6.854835, 33.959076 ], [ -6.856998, 33.959114 ], [ -6.857043, 33.957311 ], [ -6.85488, 33.957274 ] ] ] } },
{ "type": "Feature", "properties": { "urban_density": 0.12561900320917285, "temperature_proxy": 27.816523520859622 }, "geometry": { "type": "Polygon", "coordinates": [ [ [ -6.854835, 33.959076 ], [ -6.85479, 33.960879 ], [ -6.856953, 33.960917 ], [ -6.856998, 33.959114 ], [ -6.854835, 33.959076 ] ] ] } },
{ "type": "Feature", "properties": { "urban_density": 0.079544194626850223, "temperature_proxy": 27.517037265074528 }, "geometry": { "type": "Polygon", "coordinates": [ [ [ -6.85479, 33.960879 ], [ -6.854744, 33.962681 ], [ -6.856908, 33.962719 ], [ -6.856953, 33.960917 ], [ -6.85479, 33.960879 ] ] ] } },
{ "type": "Feature", "properties": { "urban_density": 0.17557342757050975, "temperature_proxy": 28.141227279208312 }, "geometry": { "type": "Polygon", "coordinates": [ [ [ -6.854744, 33.962681 ], [ -6.854699, 33.964484 ], [ -6.856862, 33.964522 ], [ -6.856908, 33.962719 ], [ -6.854744, 33.962681 ] ] ] } },
{ "type": "Feature", "properties": { "urban_density": 0.17908502902577431, "temperature_proxy": 28.164052688667532 }, "geometry": { "type": "Polygon", "coordinates": [ [ [ -6.854699, 33.964484 ], [ -6.854654, 33.966286 ], [ -6.856817, 33.966324 ], [ -6.856862, 33.964522 ], [ -6.854699, 33.964484 ] ] ] } },
{ "type": "Feature", "properties": { "urban_density": 0.17303749255878387, "temperature_proxy": 28.124743701632095 }, "geometry": { "type": "Polygon", "coordinates": [ [ [ -6.854654, 33.966286 ], [ -6.854609, 33.968089 ], [ -6.856772, 33.968127 ], [ -6.856817, 33.966324 ], [ -6.854654, 33.966286 ] ] ] } },
{ "type": "Feature", "properties": { "urban_density": 0.19970563547764847, "temperature_proxy": 28.298086630604715 }, "geometry": { "type": "Polygon", "coordinates": [ [ [ -6.854609, 33.968089 ], [ -6.854563, 33.969891 ], [ -6.856727, 33.969929 ], [ -6.856772, 33.968127 ], [ -6.854609, 33.968089 ] ] ] } },
{ "type": "Feature", "properties": { "urban_density": 0.22618678638390632, "temperature_proxy": 28.470214111495391 }, "geometry": { "type": "Polygon", "coordinates": [ [ [ -6.854563, 33.969891 ], [ -6.854518, 33.971694 ], [ -6.856681, 33.971732 ], [ -6.856727, 33.969929 ], [ -6.854563, 33.969891 ] ] ] } },
{ "type": "Feature", "properties": { "urban_density": 0.17570802370651328, "temperature_proxy": 28.142102154092335 }, "geometry": { "type": "Polygon", "coordinates": [ [ [ -6.854518, 33.971694 ], [ -6.854473, 33.973496 ], [ -6.856636, 33.973534 ], [ -6.856681, 33.971732 ], [ -6.854518, 33.971694 ] ] ] } },
{ "type": "Feature", "properties": { "urban_density": 0.059300702375870949, "temperature_proxy": 27.385454565443162 }, "geometry": { "type": "Polygon", "coordinates": [ [ [ -6.854473, 33.973496 ], [ -6.854427, 33.975299 ], [ -6.856591, 33.975337 ], [ -6.856636, 33.973534 ], [ -6.854473, 33.973496 ] ] ] } },
{ "type": "Feature", "properties": { "urban_density": 0.014569195128864721, "temperature_proxy": 27.09469976833762 }, "geometry": { "type": "Polygon", "coordinates": [ [ [ -6.854382, 33.977102 ], [ -6.854337, 33.978904 ], [ -6.8565, 33.978942 ], [ -6.856546, 33.977139 ], [ -6.854382, 33.977102 ] ] ] } },
{ "type": "Feature", "properties": { "urban_density": 0.04745367407890673, "temperature_proxy": 27.308448881512895 }, "geometry": { "type": "Polygon", "coordinates": [ [ [ -6.854337, 33.978904 ], [ -6.854291, 33.980707 ], [ -6.856455, 33.980744 ], [ -6.8565, 33.978942 ], [ -6.854337, 33.978904 ] ] ] } },
{ "type": "Feature", "properties": { "urban_density": 0.10922952843594924, "temperature_proxy": 27.709991934833671 }, "geometry": { "type": "Polygon", "coordinates": [ [ [ -6.854246, 33.982509 ], [ -6.854201, 33.984312 ], [ -6.856365, 33.984349 ], [ -6.85641, 33.982547 ], [ -6.854246, 33.982509 ] ] ] } },
{ "type": "Feature", "properties": { "urban_density": 0.23742261011510662, "temperature_proxy": 28.543246965748192 }, "geometry": { "type": "Polygon", "coordinates": [ [ [ -6.854201, 33.984312 ], [ -6.854156, 33.986114 ], [ -6.856319, 33.986152 ], [ -6.856365, 33.984349 ], [ -6.854201, 33.984312 ] ] ] } },
{ "type": "Feature", "properties": { "urban_density": 0.21887462133933569, "temperature_proxy": 28.422685038705684 }, "geometry": { "type": "Polygon", "coordinates": [ [ [ -6.854156, 33.986114 ], [ -6.85411, 33.987917 ], [ -6.856274, 33.987954 ], [ -6.856319, 33.986152 ], [ -6.854156, 33.986114 ] ] ] } },
{ "type": "Feature", "properties": { "urban_density": 0.087110834553578848, "temperature_proxy": 27.566220424598264 }, "geometry": { "type": "Polygon", "coordinates": [ [ [ -6.85411, 33.987917 ], [ -6.854065, 33.989719 ], [ -6.856229, 33.989757 ], [ -6.856274, 33.987954 ], [ -6.85411, 33.987917 ] ] ] } },
{ "type": "Feature", "properties": { "urban_density": 0.18264569359130672, "temperature_proxy": 28.187197008343492 }, "geometry": { "type": "Polygon", "coordinates": [ [ [ -6.854065, 33.989719 ], [ -6.85402, 33.991522 ], [ -6.856184, 33.991559 ], [ -6.856229, 33.989757 ], [ -6.854065, 33.989719 ] ] ] } },
{ "type": "Feature", "properties": { "urban_density": 0.085083747647468649, "temperature_proxy": 27.553044359708547 }, "geometry": { "type": "Polygon", "coordinates": [ [ [ -6.85402, 33.991522 ], [ -6.853974, 33.993324 ], [ -6.856138, 33.993362 ], [ -6.856184, 33.991559 ], [ -6.85402, 33.991522 ] ] ] } },
{ "type": "Feature", "properties": { "urban_density": 0.16797545450339194, "temperature_proxy": 28.091840454272049 }, "geometry": { "type": "Polygon", "coordinates": [ [ [ -6.853974, 33.993324 ], [ -6.853929, 33.995127 ], [ -6.856093, 33.995164 ], [ -6.856138, 33.993362 ], [ -6.853974, 33.993324 ] ] ] } },
{ "type": "Feature", "properties": { "urban_density": 0.17537992751607281, "temperature_proxy": 28.139969528854472 }, "geometry": { "type": "Polygon", "coordinates": [ [ [ -6.853929, 33.995127 ], [ -6.853883, 33.996929 ], [ -6.856048, 33.996967 ], [ -6.856093, 33.995164 ], [ -6.853929, 33.995127 ] ] ] } },
{ "type": "Feature", "properties": { "urban_density": 0.38389396528512959, "temperature_proxy": 29.495310774353342 }, "geometry": { "type": "Polygon", "coordinates": [ [ [ -6.853883, 33.996929 ], [ -6.853838, 33.998732 ], [ -6.856002, 33.99877 ], [ -6.856048, 33.996967 ], [ -6.853883, 33.996929 ] ] ] } },
{ "type": "Feature", "properties": { "urban_density": 0.22803526337586477, "temperature_proxy": 28.482229211943121 }, "geometry": { "type": "Polygon", "coordinates": [ [ [ -6.853838, 33.998732 ], [ -6.853793, 34.000534 ], [ -6.855957, 34.000572 ], [ -6.856002, 33.99877 ], [ -6.853838, 33.998732 ] ] ] } },
{ "type": "Feature", "properties": { "urban_density": 0.17735878536244304, "temperature_proxy": 28.152832104855879 }, "geometry": { "type": "Polygon", "coordinates": [ [ [ -6.853793, 34.000534 ], [ -6.853747, 34.002337 ], [ -6.855912, 34.002375 ], [ -6.855957, 34.000572 ], [ -6.853793, 34.000534 ] ] ] } },
{ "type": "Feature", "properties": { "urban_density": 0.16495430445518156, "temperature_proxy": 28.072202978958678 }, "geometry": { "type": "Polygon", "coordinates": [ [ [ -6.853747, 34.002337 ], [ -6.853702, 34.004139 ], [ -6.855866, 34.004177 ], [ -6.855912, 34.002375 ], [ -6.853747, 34.002337 ] ] ] } },
{ "type": "Feature", "properties": { "urban_density": 0.21107089956906469, "temperature_proxy": 28.37196084719892 }, "geometry": { "type": "Polygon", "coordinates": [ [ [ -6.853702, 34.004139 ], [ -6.853657, 34.005942 ], [ -6.855821, 34.00598 ], [ -6.855866, 34.004177 ], [ -6.853702, 34.004139 ] ] ] } },
{ "type": "Feature", "properties": { "urban_density": 0.17466929340411078, "temperature_proxy": 28.135350407126719 }, "geometry": { "type": "Polygon", "coordinates": [ [ [ -6.853657, 34.005942 ], [ -6.853611, 34.007744 ], [ -6.855776, 34.007782 ], [ -6.855821, 34.00598 ], [ -6.853657, 34.005942 ] ] ] } },
{ "type": "Feature", "properties": { "urban_density": 0.18654404795831012, "temperature_proxy": 28.212536311729014 }, "geometry": { "type": "Polygon", "coordinates": [ [ [ -6.853611, 34.007744 ], [ -6.853566, 34.009547 ], [ -6.85573, 34.009585 ], [ -6.855776, 34.007782 ], [ -6.853611, 34.007744 ] ] ] } },
{ "type": "Feature", "properties": { "urban_density": 0.42310883897683255, "temperature_proxy": 29.750207453349411 }, "geometry": { "type": "Polygon", "coordinates": [ [ [ -6.853566, 34.009547 ], [ -6.853521, 34.011349 ], [ -6.855685, 34.011387 ], [ -6.85573, 34.009585 ], [ -6.853566, 34.009547 ] ] ] } },
{ "type": "Feature", "properties": { "urban_density": 0.37030127045687738, "temperature_proxy": 29.406958257969702 }, "geometry": { "type": "Polygon", "coordinates": [ [ [ -6.853521, 34.011349 ], [ -6.853475, 34.013152 ], [ -6.85564, 34.01319 ], [ -6.855685, 34.011387 ], [ -6.853521, 34.011349 ] ] ] } },
{ "type": "Feature", "properties": { "urban_density": 0.41924393220941431, "temperature_proxy": 29.725085559361194 }, "geometry": { "type": "Polygon", "coordinates": [ [ [ -6.853475, 34.013152 ], [ -6.85343, 34.014954 ], [ -6.855594, 34.014992 ], [ -6.85564, 34.01319 ], [ -6.853475, 34.013152 ] ] ] } },
{ "type": "Feature", "properties": { "urban_density": 0.30157109634656459, "temperature_proxy": 28.960212126252671 }, "geometry": { "type": "Polygon", "coordinates": [ [ [ -6.85343, 34.014954 ], [ -6.853384, 34.016757 ], [ -6.855549, 34.016795 ], [ -6.855594, 34.014992 ], [ -6.85343, 34.014954 ] ] ] } },
{ "type": "Feature", "properties": { "urban_density": 0.30065847195864659, "temperature_proxy": 28.954280067731204 }, "geometry": { "type": "Polygon", "coordinates": [ [ [ -6.853384, 34.016757 ], [ -6.853339, 34.018559 ], [ -6.855504, 34.018597 ], [ -6.855549, 34.016795 ], [ -6.853384, 34.016757 ] ] ] } },
{ "type": "Feature", "properties": { "urban_density": 0.1602812220607531, "temperature_proxy": 28.041827943394896 }, "geometry": { "type": "Polygon", "coordinates": [ [ [ -6.853339, 34.018559 ], [ -6.853294, 34.020362 ], [ -6.855458, 34.0204 ], [ -6.855504, 34.018597 ], [ -6.853339, 34.018559 ] ] ] } },
{ "type": "Feature", "properties": { "urban_density": 0.10958303482110211, "temperature_proxy": 27.712289726337165 }, "geometry": { "type": "Polygon", "coordinates": [ [ [ -6.853294, 34.020362 ], [ -6.853248, 34.022164 ], [ -6.855413, 34.022202 ], [ -6.855458, 34.0204 ], [ -6.853294, 34.020362 ] ] ] } },
{ "type": "Feature", "properties": { "urban_density": 0.031682759407608431, "temperature_proxy": 27.205937936149454 }, "geometry": { "type": "Polygon", "coordinates": [ [ [ -6.853125, 33.941013 ], [ -6.853079, 33.942816 ], [ -6.855242, 33.942854 ], [ -6.855287, 33.941051 ], [ -6.853125, 33.941013 ] ] ] } },
{ "type": "Feature", "properties": { "urban_density": 0.031016040238739606, "temperature_proxy": 27.201604261551807 }, "geometry": { "type": "Polygon", "coordinates": [ [ [ -6.853079, 33.942816 ], [ -6.853034, 33.944618 ], [ -6.855197, 33.944656 ], [ -6.855242, 33.942854 ], [ -6.853079, 33.942816 ] ] ] } },
{ "type": "Feature", "properties": { "urban_density": 0.012340192754175324, "temperature_proxy": 27.080211252902139 }, "geometry": { "type": "Polygon", "coordinates": [ [ [ -6.853034, 33.944618 ], [ -6.852989, 33.946421 ], [ -6.855152, 33.946459 ], [ -6.855197, 33.944656 ], [ -6.853034, 33.944618 ] ] ] } },
{ "type": "Feature", "properties": { "urban_density": 0.046070578627920182, "temperature_proxy": 27.299458761081482 }, "geometry": { "type": "Polygon", "coordinates": [ [ [ -6.852989, 33.946421 ], [ -6.852943, 33.948223 ], [ -6.855106, 33.948261 ], [ -6.855152, 33.946459 ], [ -6.852989, 33.946421 ] ] ] } },
{ "type": "Feature", "properties": { "urban_density": 0.24018783005939423, "temperature_proxy": 28.561220895386061 }, "geometry": { "type": "Polygon", "coordinates": [ [ [ -6.852853, 33.951828 ], [ -6.852808, 33.953631 ], [ -6.854971, 33.953669 ], [ -6.855016, 33.951866 ], [ -6.852853, 33.951828 ] ] ] } },
{ "type": "Feature", "properties": { "urban_density": 0.34968959852043785, "temperature_proxy": 29.272982390382847 }, "geometry": { "type": "Polygon", "coordinates": [ [ [ -6.852808, 33.953631 ], [ -6.852762, 33.955434 ], [ -6.854925, 33.955471 ], [ -6.854971, 33.953669 ], [ -6.852808, 33.953631 ] ] ] } },
{ "type": "Feature", "properties": { "urban_density": 0.063912529682839614, "temperature_proxy": 27.415431442938459 }, "geometry": { "type": "Polygon", "coordinates": [ [ [ -6.852762, 33.955434 ], [ -6.852717, 33.957236 ], [ -6.85488, 33.957274 ], [ -6.854925, 33.955471 ], [ -6.852762, 33.955434 ] ] ] } },
{ "type": "Feature", "properties": { "urban_density": 0.18064086942875904, "temperature_proxy": 28.174165651286934 }, "geometry": { "type": "Polygon", "coordinates": [ [ [ -6.852717, 33.957236 ], [ -6.852672, 33.959039 ], [ -6.854835, 33.959076 ], [ -6.85488, 33.957274 ], [ -6.852717, 33.957236 ] ] ] } },
{ "type": "Feature", "properties": { "urban_density": 0.16790607245078015, "temperature_proxy": 28.091389470930071 }, "geometry": { "type": "Polygon", "coordinates": [ [ [ -6.852672, 33.959039 ], [ -6.852626, 33.960841 ], [ -6.85479, 33.960879 ], [ -6.854835, 33.959076 ], [ -6.852672, 33.959039 ] ] ] } },
{ "type": "Feature", "properties": { "urban_density": 0.16517623758761721, "temperature_proxy": 28.073645544319511 }, "geometry": { "type": "Polygon", "coordinates": [ [ [ -6.852626, 33.960841 ], [ -6.852581, 33.962644 ], [ -6.854744, 33.962681 ], [ -6.85479, 33.960879 ], [ -6.852626, 33.960841 ] ] ] } },
{ "type": "Feature", "properties": { "urban_density": 0.14536146762791427, "temperature_proxy": 27.944849539581444 }, "geometry": { "type": "Polygon", "coordinates": [ [ [ -6.852581, 33.962644 ], [ -6.852536, 33.964446 ], [ -6.854699, 33.964484 ], [ -6.854744, 33.962681 ], [ -6.852581, 33.962644 ] ] ] } },
{ "type": "Feature", "properties": { "urban_density": 0.19855706211741694, "temperature_proxy": 28.290620903763209 }, "geometry": { "type": "Polygon", "coordinates": [ [ [ -6.852536, 33.964446 ], [ -6.85249, 33.966249 ], [ -6.854654, 33.966286 ], [ -6.854699, 33.964484 ], [ -6.852536, 33.964446 ] ] ] } },
{ "type": "Feature", "properties": { "urban_density": 0.18695944672782777, "temperature_proxy": 28.215236403730881 }, "geometry": { "type": "Polygon", "coordinates": [ [ [ -6.85249, 33.966249 ], [ -6.852445, 33.968051 ], [ -6.854609, 33.968089 ], [ -6.854654, 33.966286 ], [ -6.85249, 33.966249 ] ] ] } },
{ "type": "Feature", "properties": { "urban_density": 0.14168169979880244, "temperature_proxy": 27.920931048692214 }, "geometry": { "type": "Polygon", "coordinates": [ [ [ -6.852445, 33.968051 ], [ -6.8524, 33.969854 ], [ -6.854563, 33.969891 ], [ -6.854609, 33.968089 ], [ -6.852445, 33.968051 ] ] ] } },
{ "type": "Feature", "properties": { "urban_density": 0.14985616767281701, "temperature_proxy": 27.97406508987331 }, "geometry": { "type": "Polygon", "coordinates": [ [ [ -6.8524, 33.969854 ], [ -6.852354, 33.971656 ], [ -6.854518, 33.971694 ], [ -6.854563, 33.969891 ], [ -6.8524, 33.969854 ] ] ] } },
{ "type": "Feature", "properties": { "urban_density": 0.15044330834706218, "temperature_proxy": 27.977881504255905 }, "geometry": { "type": "Polygon", "coordinates": [ [ [ -6.852354, 33.971656 ], [ -6.852309, 33.973459 ], [ -6.854473, 33.973496 ], [ -6.854518, 33.971694 ], [ -6.852354, 33.971656 ] ] ] } },
{ "type": "Feature", "properties": { "urban_density": 0.086840387864007829, "temperature_proxy": 27.564462521116052 }, "geometry": { "type": "Polygon", "coordinates": [ [ [ -6.852309, 33.973459 ], [ -6.852264, 33.975261 ], [ -6.854427, 33.975299 ], [ -6.854473, 33.973496 ], [ -6.852309, 33.973459 ] ] ] } },
{ "type": "Feature", "properties": { "urban_density": 0.079998770114778392, "temperature_proxy": 27.519992005746058 }, "geometry": { "type": "Polygon", "coordinates": [ [ [ -6.852264, 33.975261 ], [ -6.852218, 33.977064 ], [ -6.854382, 33.977102 ], [ -6.854427, 33.975299 ], [ -6.852264, 33.975261 ] ] ] } },
{ "type": "Feature", "properties": { "urban_density": 0.041482798793271561, "temperature_proxy": 27.269638192156265 }, "geometry": { "type": "Polygon", "coordinates": [ [ [ -6.852128, 33.980669 ], [ -6.852082, 33.982471 ], [ -6.854246, 33.982509 ], [ -6.854291, 33.980707 ], [ -6.852128, 33.980669 ] ] ] } },
{ "type": "Feature", "properties": { "urban_density": 0.04307205469692664, "temperature_proxy": 27.279968355530023 }, "geometry": { "type": "Polygon", "coordinates": [ [ [ -6.852082, 33.982471 ], [ -6.852037, 33.984274 ], [ -6.854201, 33.984312 ], [ -6.854246, 33.982509 ], [ -6.852082, 33.982471 ] ] ] } },
{ "type": "Feature", "properties": { "urban_density": 0.05446846103930375, "temperature_proxy": 27.354044996755473 }, "geometry": { "type": "Polygon", "coordinates": [ [ [ -6.852037, 33.984274 ], [ -6.851992, 33.986076 ], [ -6.854156, 33.986114 ], [ -6.854201, 33.984312 ], [ -6.852037, 33.984274 ] ] ] } },
{ "type": "Feature", "properties": { "urban_density": 0.062506399071360325, "temperature_proxy": 27.406291593963843 }, "geometry": { "type": "Polygon", "coordinates": [ [ [ -6.851992, 33.986076 ], [ -6.851946, 33.987879 ], [ -6.85411, 33.987917 ], [ -6.854156, 33.986114 ], [ -6.851992, 33.986076 ] ] ] } },
{ "type": "Feature", "properties": { "urban_density": 0.2343973622716217, "temperature_proxy": 28.523582854765539 }, "geometry": { "type": "Polygon", "coordinates": [ [ [ -6.851946, 33.987879 ], [ -6.851901, 33.989681 ], [ -6.854065, 33.989719 ], [ -6.85411, 33.987917 ], [ -6.851946, 33.987879 ] ] ] } },
{ "type": "Feature", "properties": { "urban_density": 0.25155450188066947, "temperature_proxy": 28.635104262224353 }, "geometry": { "type": "Polygon", "coordinates": [ [ [ -6.851901, 33.989681 ], [ -6.851856, 33.991484 ], [ -6.85402, 33.991522 ], [ -6.854065, 33.989719 ], [ -6.851901, 33.989681 ] ] ] } },
{ "type": "Feature", "properties": { "urban_density": 0.284924933088058, "temperature_proxy": 28.852012065072376 }, "geometry": { "type": "Polygon", "coordinates": [ [ [ -6.851856, 33.991484 ], [ -6.85181, 33.993286 ], [ -6.853974, 33.993324 ], [ -6.85402, 33.991522 ], [ -6.851856, 33.991484 ] ] ] } },
{ "type": "Feature", "properties": { "urban_density": 0.10521242174392548, "temperature_proxy": 27.683880741335514 }, "geometry": { "type": "Polygon", "coordinates": [ [ [ -6.85181, 33.993286 ], [ -6.851765, 33.995089 ], [ -6.853929, 33.995127 ], [ -6.853974, 33.993324 ], [ -6.85181, 33.993286 ] ] ] } },
{ "type": "Feature", "properties": { "urban_density": 0.023836920476949412, "temperature_proxy": 27.154939983100171 }, "geometry": { "type": "Polygon", "coordinates": [ [ [ -6.851765, 33.995089 ], [ -6.851719, 33.996891 ], [ -6.853883, 33.996929 ], [ -6.853929, 33.995127 ], [ -6.851765, 33.995089 ] ] ] } },
{ "type": "Feature", "properties": { "urban_density": 0.17000712381350302, "temperature_proxy": 28.10504630478777 }, "geometry": { "type": "Polygon", "coordinates": [ [ [ -6.851719, 33.996891 ], [ -6.851674, 33.998694 ], [ -6.853838, 33.998732 ], [ -6.853883, 33.996929 ], [ -6.851719, 33.996891 ] ] ] } },
{ "type": "Feature", "properties": { "urban_density": 0.26621001108215453, "temperature_proxy": 28.730365072034004 }, "geometry": { "type": "Polygon", "coordinates": [ [ [ -6.851674, 33.998694 ], [ -6.851629, 34.000496 ], [ -6.853793, 34.000534 ], [ -6.853838, 33.998732 ], [ -6.851674, 33.998694 ] ] ] } },
{ "type": "Feature", "properties": { "urban_density": 0.25536551932352591, "temperature_proxy": 28.659875875602918 }, "geometry": { "type": "Polygon", "coordinates": [ [ [ -6.851629, 34.000496 ], [ -6.851583, 34.002299 ], [ -6.853747, 34.002337 ], [ -6.853793, 34.000534 ], [ -6.851629, 34.000496 ] ] ] } },
{ "type": "Feature", "properties": { "urban_density": 0.20950264316294234, "temperature_proxy": 28.361767180559124 }, "geometry": { "type": "Polygon", "coordinates": [ [ [ -6.851583, 34.002299 ], [ -6.851538, 34.004102 ], [ -6.853702, 34.004139 ], [ -6.853747, 34.002337 ], [ -6.851583, 34.002299 ] ] ] } },
{ "type": "Feature", "properties": { "urban_density": 0.239957115413999, "temperature_proxy": 28.559721250190993 }, "geometry": { "type": "Polygon", "coordinates": [ [ [ -6.851538, 34.004102 ], [ -6.851492, 34.005904 ], [ -6.853657, 34.005942 ], [ -6.853702, 34.004139 ], [ -6.851538, 34.004102 ] ] ] } },
{ "type": "Feature", "properties": { "urban_density": 0.23877895633729845, "temperature_proxy": 28.55206321619244 }, "geometry": { "type": "Polygon", "coordinates": [ [ [ -6.851492, 34.005904 ], [ -6.851447, 34.007707 ], [ -6.853611, 34.007744 ], [ -6.853657, 34.005942 ], [ -6.851492, 34.005904 ] ] ] } },
{ "type": "Feature", "properties": { "urban_density": 0.097960206199752139, "temperature_proxy": 27.636741340298389 }, "geometry": { "type": "Polygon", "coordinates": [ [ [ -6.851447, 34.007707 ], [ -6.851402, 34.009509 ], [ -6.853566, 34.009547 ], [ -6.853611, 34.007744 ], [ -6.851447, 34.007707 ] ] ] } },
{ "type": "Feature", "properties": { "urban_density": 0.17218630451890263, "temperature_proxy": 28.119210979372866 }, "geometry": { "type": "Polygon", "coordinates": [ [ [ -6.851402, 34.009509 ], [ -6.851356, 34.011312 ], [ -6.853521, 34.011349 ], [ -6.853566, 34.009547 ], [ -6.851402, 34.009509 ] ] ] } },
{ "type": "Feature", "properties": { "urban_density": 0.35351148489120299, "temperature_proxy": 29.297824651792819 }, "geometry": { "type": "Polygon", "coordinates": [ [ [ -6.851356, 34.011312 ], [ -6.851311, 34.013114 ], [ -6.853475, 34.013152 ], [ -6.853521, 34.011349 ], [ -6.851356, 34.011312 ] ] ] } },
{ "type": "Feature", "properties": { "urban_density": 0.45646004027376741, "temperature_proxy": 29.96699026177949 }, "geometry": { "type": "Polygon", "coordinates": [ [ [ -6.851311, 34.013114 ], [ -6.851265, 34.014917 ], [ -6.85343, 34.014954 ], [ -6.853475, 34.013152 ], [ -6.851311, 34.013114 ] ] ] } },
{ "type": "Feature", "properties": { "urban_density": 0.41484879256600304, "temperature_proxy": 29.696517151679018 }, "geometry": { "type": "Polygon", "coordinates": [ [ [ -6.851265, 34.014917 ], [ -6.85122, 34.016719 ], [ -6.853384, 34.016757 ], [ -6.85343, 34.014954 ], [ -6.851265, 34.014917 ] ] ] } },
{ "type": "Feature", "properties": { "urban_density": 0.26939243825291581, "temperature_proxy": 28.751050848643953 }, "geometry": { "type": "Polygon", "coordinates": [ [ [ -6.85122, 34.016719 ], [ -6.851174, 34.018522 ], [ -6.853339, 34.018559 ], [ -6.853384, 34.016757 ], [ -6.85122, 34.016719 ] ] ] } },
{ "type": "Feature", "properties": { "urban_density": 0.27488861173954082, "temperature_proxy": 28.786775976307016 }, "geometry": { "type": "Polygon", "coordinates": [ [ [ -6.851174, 34.018522 ], [ -6.851129, 34.020324 ], [ -6.853294, 34.020362 ], [ -6.853339, 34.018559 ], [ -6.851174, 34.018522 ] ] ] } },
{ "type": "Feature", "properties": { "urban_density": 0.36563573941022903, "temperature_proxy": 29.376632306166488 }, "geometry": { "type": "Polygon", "coordinates": [ [ [ -6.851129, 34.020324 ], [ -6.851083, 34.022127 ], [ -6.853248, 34.022164 ], [ -6.853294, 34.020362 ], [ -6.851129, 34.020324 ] ] ] } },
{ "type": "Feature", "properties": { "urban_density": 0.28267696197223802, "temperature_proxy": 28.837400252819549 }, "geometry": { "type": "Polygon", "coordinates": [ [ [ -6.851083, 34.022127 ], [ -6.851038, 34.023929 ], [ -6.853203, 34.023967 ], [ -6.853248, 34.022164 ], [ -6.851083, 34.022127 ] ] ] } },
{ "type": "Feature", "properties": { "urban_density": 0.030247753644288288, "temperature_proxy": 27.196610398687874 }, "geometry": { "type": "Polygon", "coordinates": [ [ [ -6.851038, 34.023929 ], [ -6.850993, 34.025732 ], [ -6.853157, 34.025769 ], [ -6.853203, 34.023967 ], [ -6.851038, 34.023929 ] ] ] } },
{ "type": "Feature", "properties": { "urban_density": 0.028205745966655066, "temperature_proxy": 27.183337348783258 }, "geometry": { "type": "Polygon", "coordinates": [ [ [ -6.850962, 33.940976 ], [ -6.850917, 33.942778 ], [ -6.853079, 33.942816 ], [ -6.853125, 33.941013 ], [ -6.850962, 33.940976 ] ] ] } },
{ "type": "Feature", "properties": { "urban_density": 0.037960858671285271, "temperature_proxy": 27.246745581363353 }, "geometry": { "type": "Polygon", "coordinates": [ [ [ -6.850917, 33.942778 ], [ -6.850871, 33.944581 ], [ -6.853034, 33.944618 ], [ -6.853079, 33.942816 ], [ -6.850917, 33.942778 ] ] ] } },
{ "type": "Feature", "properties": { "urban_density": 0.022628682199284537, "temperature_proxy": 27.14708643429535 }, "geometry": { "type": "Polygon", "coordinates": [ [ [ -6.850871, 33.944581 ], [ -6.850826, 33.946383 ], [ -6.852989, 33.946421 ], [ -6.853034, 33.944618 ], [ -6.850871, 33.944581 ] ] ] } },
{ "type": "Feature", "properties": { "urban_density": 0.026018551610718327, "temperature_proxy": 27.16912058546967 }, "geometry": { "type": "Polygon", "coordinates": [ [ [ -6.850826, 33.946383 ], [ -6.850781, 33.948186 ], [ -6.852943, 33.948223 ], [ -6.852989, 33.946421 ], [ -6.850826, 33.946383 ] ] ] } },
{ "type": "Feature", "properties": { "urban_density": 0.086839528229990665, "temperature_proxy": 27.564456933494938 }, "geometry": { "type": "Polygon", "coordinates": [ [ [ -6.850781, 33.948186 ], [ -6.850735, 33.949988 ], [ -6.852898, 33.950026 ], [ -6.852943, 33.948223 ], [ -6.850781, 33.948186 ] ] ] } },
{ "type": "Feature", "properties": { "urban_density": 0.17986427925150164, "temperature_proxy": 28.169117815134761 }, "geometry": { "type": "Polygon", "coordinates": [ [ [ -6.850735, 33.949988 ], [ -6.85069, 33.951791 ], [ -6.852853, 33.951828 ], [ -6.852898, 33.950026 ], [ -6.850735, 33.949988 ] ] ] } },
{ "type": "Feature", "properties": { "urban_density": 0.031700951016236767, "temperature_proxy": 27.20605618160554 }, "geometry": { "type": "Polygon", "coordinates": [ [ [ -6.85069, 33.951791 ], [ -6.850645, 33.953593 ], [ -6.852808, 33.953631 ], [ -6.852853, 33.951828 ], [ -6.85069, 33.951791 ] ] ] } },
{ "type": "Feature", "properties": { "urban_density": 0.16533904032526014, "temperature_proxy": 28.07470376211419 }, "geometry": { "type": "Polygon", "coordinates": [ [ [ -6.850645, 33.953593 ], [ -6.850599, 33.955396 ], [ -6.852762, 33.955434 ], [ -6.852808, 33.953631 ], [ -6.850645, 33.953593 ] ] ] } },
{ "type": "Feature", "properties": { "urban_density": 0.014402141671808619, "temperature_proxy": 27.093613920866755 }, "geometry": { "type": "Polygon", "coordinates": [ [ [ -6.850599, 33.955396 ], [ -6.850554, 33.957198 ], [ -6.852717, 33.957236 ], [ -6.852762, 33.955434 ], [ -6.850599, 33.955396 ] ] ] } },
{ "type": "Feature", "properties": { "urban_density": 0.1363217289015474, "temperature_proxy": 27.886091237860057 }, "geometry": { "type": "Polygon", "coordinates": [ [ [ -6.850554, 33.957198 ], [ -6.850509, 33.959001 ], [ -6.852672, 33.959039 ], [ -6.852717, 33.957236 ], [ -6.850554, 33.957198 ] ] ] } },
{ "type": "Feature", "properties": { "urban_density": 0.20769459922057484, "temperature_proxy": 28.350014894933736 }, "geometry": { "type": "Polygon", "coordinates": [ [ [ -6.850509, 33.959001 ], [ -6.850463, 33.960803 ], [ -6.852626, 33.960841 ], [ -6.852672, 33.959039 ], [ -6.850509, 33.959001 ] ] ] } },
{ "type": "Feature", "properties": { "urban_density": 0.19231486297845846, "temperature_proxy": 28.25004660935998 }, "geometry": { "type": "Polygon", "coordinates": [ [ [ -6.850463, 33.960803 ], [ -6.850418, 33.962606 ], [ -6.852581, 33.962644 ], [ -6.852626, 33.960841 ], [ -6.850463, 33.960803 ] ] ] } },
{ "type": "Feature", "properties": { "urban_density": 0.22391874318480096, "temperature_proxy": 28.455471830701207 }, "geometry": { "type": "Polygon", "coordinates": [ [ [ -6.850418, 33.962606 ], [ -6.850372, 33.964408 ], [ -6.852536, 33.964446 ], [ -6.852581, 33.962644 ], [ -6.850418, 33.962606 ] ] ] } },
{ "type": "Feature", "properties": { "urban_density": 0.13803282791974167, "temperature_proxy": 27.89721338147832 }, "geometry": { "type": "Polygon", "coordinates": [ [ [ -6.850372, 33.964408 ], [ -6.850327, 33.966211 ], [ -6.85249, 33.966249 ], [ -6.852536, 33.964446 ], [ -6.850372, 33.964408 ] ] ] } },
{ "type": "Feature", "properties": { "urban_density": 0.17236880362614612, "temperature_proxy": 28.120397223569949 }, "geometry": { "type": "Polygon", "coordinates": [ [ [ -6.850327, 33.966211 ], [ -6.850282, 33.968013 ], [ -6.852445, 33.968051 ], [ -6.85249, 33.966249 ], [ -6.850327, 33.966211 ] ] ] } },
{ "type": "Feature", "properties": { "urban_density": 0.18488620985936868, "temperature_proxy": 28.201760364085896 }, "geometry": { "type": "Polygon", "coordinates": [ [ [ -6.850282, 33.968013 ], [ -6.850236, 33.969816 ], [ -6.8524, 33.969854 ], [ -6.852445, 33.968051 ], [ -6.850282, 33.968013 ] ] ] } },
{ "type": "Feature", "properties": { "urban_density": 0.046912222631429877, "temperature_proxy": 27.304929447104293 }, "geometry": { "type": "Polygon", "coordinates": [ [ [ -6.850236, 33.969816 ], [ -6.850191, 33.971618 ], [ -6.852354, 33.971656 ], [ -6.8524, 33.969854 ], [ -6.850236, 33.969816 ] ] ] } },
{ "type": "Feature", "properties": { "urban_density": 0.12123489149065117, "temperature_proxy": 27.788026794689234 }, "geometry": { "type": "Polygon", "coordinates": [ [ [ -6.850191, 33.971618 ], [ -6.850146, 33.973421 ], [ -6.852309, 33.973459 ], [ -6.852354, 33.971656 ], [ -6.850191, 33.971618 ] ] ] } },
{ "type": "Feature", "properties": { "urban_density": 0.12780342823627808, "temperature_proxy": 27.830722283535806 }, "geometry": { "type": "Polygon", "coordinates": [ [ [ -6.850146, 33.973421 ], [ -6.8501, 33.975223 ], [ -6.852264, 33.975261 ], [ -6.852309, 33.973459 ], [ -6.850146, 33.973421 ] ] ] } },
{ "type": "Feature", "properties": { "urban_density": 0.055368641646586267, "temperature_proxy": 27.359896170702811 }, "geometry": { "type": "Polygon", "coordinates": [ [ [ -6.8501, 33.975223 ], [ -6.850055, 33.977026 ], [ -6.852218, 33.977064 ], [ -6.852264, 33.975261 ], [ -6.8501, 33.975223 ] ] ] } },
{ "type": "Feature", "properties": { "urban_density": 0.19791327976750281, "temperature_proxy": 28.286436318488768 }, "geometry": { "type": "Polygon", "coordinates": [ [ [ -6.850055, 33.977026 ], [ -6.850009, 33.978828 ], [ -6.852173, 33.978866 ], [ -6.852218, 33.977064 ], [ -6.850055, 33.977026 ] ] ] } },
{ "type": "Feature", "properties": { "urban_density": 0.026394131986941353, "temperature_proxy": 27.171561857915119 }, "geometry": { "type": "Polygon", "coordinates": [ [ [ -6.850009, 33.978828 ], [ -6.849964, 33.980631 ], [ -6.852128, 33.980669 ], [ -6.852173, 33.978866 ], [ -6.850009, 33.978828 ] ] ] } },
{ "type": "Feature", "properties": { "urban_density": 0.24406450385114473, "temperature_proxy": 28.586419275032441 }, "geometry": { "type": "Polygon", "coordinates": [ [ [ -6.849919, 33.982434 ], [ -6.849873, 33.984236 ], [ -6.852037, 33.984274 ], [ -6.852082, 33.982471 ], [ -6.849919, 33.982434 ] ] ] } },
{ "type": "Feature", "properties": { "urban_density": 0.15352799990682695, "temperature_proxy": 27.997931999394375 }, "geometry": { "type": "Polygon", "coordinates": [ [ [ -6.849873, 33.984236 ], [ -6.849828, 33.986039 ], [ -6.851992, 33.986076 ], [ -6.852037, 33.984274 ], [ -6.849873, 33.984236 ] ] ] } },
{ "type": "Feature", "properties": { "urban_density": 0.10494768484804597, "temperature_proxy": 27.6821599515123 }, "geometry": { "type": "Polygon", "coordinates": [ [ [ -6.849828, 33.986039 ], [ -6.849782, 33.987841 ], [ -6.851946, 33.987879 ], [ -6.851992, 33.986076 ], [ -6.849828, 33.986039 ] ] ] } },
{ "type": "Feature", "properties": { "urban_density": 0.28054678562513574, "temperature_proxy": 28.823554106563382 }, "geometry": { "type": "Polygon", "coordinates": [ [ [ -6.849782, 33.987841 ], [ -6.849737, 33.989644 ], [ -6.851901, 33.989681 ], [ -6.851946, 33.987879 ], [ -6.849782, 33.987841 ] ] ] } },
{ "type": "Feature", "properties": { "urban_density": 0.42259957218085181, "temperature_proxy": 29.746897219175537 }, "geometry": { "type": "Polygon", "coordinates": [ [ [ -6.849737, 33.989644 ], [ -6.849692, 33.991446 ], [ -6.851856, 33.991484 ], [ -6.851901, 33.989681 ], [ -6.849737, 33.989644 ] ] ] } },
{ "type": "Feature", "properties": { "urban_density": 0.16499331620457997, "temperature_proxy": 28.072456555329769 }, "geometry": { "type": "Polygon", "coordinates": [ [ [ -6.849692, 33.991446 ], [ -6.849646, 33.993249 ], [ -6.85181, 33.993286 ], [ -6.851856, 33.991484 ], [ -6.849692, 33.991446 ] ] ] } },
{ "type": "Feature", "properties": { "urban_density": 0.43309339120440865, "temperature_proxy": 29.815107042828657 }, "geometry": { "type": "Polygon", "coordinates": [ [ [ -6.849646, 33.993249 ], [ -6.849601, 33.995051 ], [ -6.851765, 33.995089 ], [ -6.85181, 33.993286 ], [ -6.849646, 33.993249 ] ] ] } },
{ "type": "Feature", "properties": { "urban_density": 0.41122085111727502, "temperature_proxy": 29.672935532262287 }, "geometry": { "type": "Polygon", "coordinates": [ [ [ -6.849601, 33.995051 ], [ -6.849555, 33.996854 ], [ -6.851719, 33.996891 ], [ -6.851765, 33.995089 ], [ -6.849601, 33.995051 ] ] ] } },
{ "type": "Feature", "properties": { "urban_density": 0.50400359170371056, "temperature_proxy": 30.276023346074119 }, "geometry": { "type": "Polygon", "coordinates": [ [ [ -6.849555, 33.996854 ], [ -6.84951, 33.998656 ], [ -6.851674, 33.998694 ], [ -6.851719, 33.996891 ], [ -6.849555, 33.996854 ] ] ] } },
{ "type": "Feature", "properties": { "urban_density": 0.40120130011058469, "temperature_proxy": 29.6078084507188 }, "geometry": { "type": "Polygon", "coordinates": [ [ [ -6.84951, 33.998656 ], [ -6.849464, 34.000459 ], [ -6.851629, 34.000496 ], [ -6.851674, 33.998694 ], [ -6.84951, 33.998656 ] ] ] } },
{ "type": "Feature", "properties": { "urban_density": 0.39656445048577033, "temperature_proxy": 29.577668928157507 }, "geometry": { "type": "Polygon", "coordinates": [ [ [ -6.849464, 34.000459 ], [ -6.849419, 34.002261 ], [ -6.851583, 34.002299 ], [ -6.851629, 34.000496 ], [ -6.849464, 34.000459 ] ] ] } },
{ "type": "Feature", "properties": { "urban_density": 0.48873043707461622, "temperature_proxy": 30.176747840985005 }, "geometry": { "type": "Polygon", "coordinates": [ [ [ -6.849419, 34.002261 ], [ -6.849373, 34.004064 ], [ -6.851538, 34.004102 ], [ -6.851583, 34.002299 ], [ -6.849419, 34.002261 ] ] ] } },
{ "type": "Feature", "properties": { "urban_density": 0.71102866938918019, "temperature_proxy": 31.621686351029673 }, "geometry": { "type": "Polygon", "coordinates": [ [ [ -6.849373, 34.004064 ], [ -6.849328, 34.005866 ], [ -6.851492, 34.005904 ], [ -6.851538, 34.004102 ], [ -6.849373, 34.004064 ] ] ] } },
{ "type": "Feature", "properties": { "urban_density": 0.38065693606701773, "temperature_proxy": 29.474270084435616 }, "geometry": { "type": "Polygon", "coordinates": [ [ [ -6.849328, 34.005866 ], [ -6.849283, 34.007669 ], [ -6.851447, 34.007707 ], [ -6.851492, 34.005904 ], [ -6.849328, 34.005866 ] ] ] } },
{ "type": "Feature", "properties": { "urban_density": 0.41559480848722052, "temperature_proxy": 29.701366255166935 }, "geometry": { "type": "Polygon", "coordinates": [ [ [ -6.849283, 34.007669 ], [ -6.849237, 34.009471 ], [ -6.851402, 34.009509 ], [ -6.851447, 34.007707 ], [ -6.849283, 34.007669 ] ] ] } },
{ "type": "Feature", "properties": { "urban_density": 0.01673390020613847, "temperature_proxy": 27.108770351339899 }, "geometry": { "type": "Polygon", "coordinates": [ [ [ -6.849237, 34.009471 ], [ -6.849192, 34.011274 ], [ -6.851356, 34.011312 ], [ -6.851402, 34.009509 ], [ -6.849237, 34.009471 ] ] ] } },
{ "type": "Feature", "properties": { "urban_density": 0.21097332522852622, "temperature_proxy": 28.371326613985421 }, "geometry": { "type": "Polygon", "coordinates": [ [ [ -6.849192, 34.011274 ], [ -6.849146, 34.013076 ], [ -6.851311, 34.013114 ], [ -6.851356, 34.011312 ], [ -6.849192, 34.011274 ] ] ] } },
{ "type": "Feature", "properties": { "urban_density": 0.50336203974566374, "temperature_proxy": 30.271853258346816 }, "geometry": { "type": "Polygon", "coordinates": [ [ [ -6.849146, 34.013076 ], [ -6.849101, 34.014879 ], [ -6.851265, 34.014917 ], [ -6.851311, 34.013114 ], [ -6.849146, 34.013076 ] ] ] } },
{ "type": "Feature", "properties": { "urban_density": 0.39577528226488529, "temperature_proxy": 29.572539334721753 }, "geometry": { "type": "Polygon", "coordinates": [ [ [ -6.849101, 34.014879 ], [ -6.849055, 34.016681 ], [ -6.85122, 34.016719 ], [ -6.851265, 34.014917 ], [ -6.849101, 34.014879 ] ] ] } },
{ "type": "Feature", "properties": { "urban_density": 0.37638095472242633, "temperature_proxy": 29.44647620569577 }, "geometry": { "type": "Polygon", "coordinates": [ [ [ -6.849055, 34.016681 ], [ -6.84901, 34.018484 ], [ -6.851174, 34.018522 ], [ -6.85122, 34.016719 ], [ -6.849055, 34.016681 ] ] ] } },
{ "type": "Feature", "properties": { "urban_density": 0.29398647944543049, "temperature_proxy": 28.910912116395298 }, "geometry": { "type": "Polygon", "coordinates": [ [ [ -6.84901, 34.018484 ], [ -6.848964, 34.020286 ], [ -6.851129, 34.020324 ], [ -6.851174, 34.018522 ], [ -6.84901, 34.018484 ] ] ] } },
{ "type": "Feature", "properties": { "urban_density": 0.47018434066681031, "temperature_proxy": 30.056198214334266 }, "geometry": { "type": "Polygon", "coordinates": [ [ [ -6.848964, 34.020286 ], [ -6.848919, 34.022089 ], [ -6.851083, 34.022127 ], [ -6.851129, 34.020324 ], [ -6.848964, 34.020286 ] ] ] } },
{ "type": "Feature", "properties": { "urban_density": 0.47755746645213665, "temperature_proxy": 30.104123531938889 }, "geometry": { "type": "Polygon", "coordinates": [ [ [ -6.848919, 34.022089 ], [ -6.848873, 34.023891 ], [ -6.851038, 34.023929 ], [ -6.851083, 34.022127 ], [ -6.848919, 34.022089 ] ] ] } },
{ "type": "Feature", "properties": { "urban_density": 0.38395724228774131, "temperature_proxy": 29.495722074870319 }, "geometry": { "type": "Polygon", "coordinates": [ [ [ -6.848873, 34.023891 ], [ -6.848828, 34.025694 ], [ -6.850993, 34.025732 ], [ -6.851038, 34.023929 ], [ -6.848873, 34.023891 ] ] ] } },
{ "type": "Feature", "properties": { "urban_density": 0.036990329953935773, "temperature_proxy": 27.240437144700582 }, "geometry": { "type": "Polygon", "coordinates": [ [ [ -6.848828, 34.025694 ], [ -6.848782, 34.027496 ], [ -6.850947, 34.027534 ], [ -6.850993, 34.025732 ], [ -6.848828, 34.025694 ] ] ] } },
{ "type": "Feature", "properties": { "urban_density": 0.023466281128070473, "temperature_proxy": 27.152530827332459 }, "geometry": { "type": "Polygon", "coordinates": [ [ [ -6.848799, 33.940938 ], [ -6.848754, 33.94274 ], [ -6.850917, 33.942778 ], [ -6.850962, 33.940976 ], [ -6.848799, 33.940938 ] ] ] } },
{ "type": "Feature", "properties": { "urban_density": 0.011066971499782191, "temperature_proxy": 27.071935314748583 }, "geometry": { "type": "Polygon", "coordinates": [ [ [ -6.848708, 33.944543 ], [ -6.848663, 33.946345 ], [ -6.850826, 33.946383 ], [ -6.850871, 33.944581 ], [ -6.848708, 33.944543 ] ] ] } },
{ "type": "Feature", "properties": { "urban_density": 0.26306770605515029, "temperature_proxy": 28.709940089358476 }, "geometry": { "type": "Polygon", "coordinates": [ [ [ -6.848663, 33.946345 ], [ -6.848618, 33.948148 ], [ -6.850781, 33.948186 ], [ -6.850826, 33.946383 ], [ -6.848663, 33.946345 ] ] ] } },
{ "type": "Feature", "properties": { "urban_density": 0.03472514230290899, "temperature_proxy": 27.225713424968909 }, "geometry": { "type": "Polygon", "coordinates": [ [ [ -6.848618, 33.948148 ], [ -6.848572, 33.94995 ], [ -6.850735, 33.949988 ], [ -6.850781, 33.948186 ], [ -6.848618, 33.948148 ] ] ] } },
{ "type": "Feature", "properties": { "urban_density": 0.20201829608339508, "temperature_proxy": 28.313118924542067 }, "geometry": { "type": "Polygon", "coordinates": [ [ [ -6.848572, 33.94995 ], [ -6.848527, 33.951753 ], [ -6.85069, 33.951791 ], [ -6.850735, 33.949988 ], [ -6.848572, 33.94995 ] ] ] } },
{ "type": "Feature", "properties": { "urban_density": 0.017639954290042729, "temperature_proxy": 27.114659702885277 }, "geometry": { "type": "Polygon", "coordinates": [ [ [ -6.848527, 33.951753 ], [ -6.848482, 33.953555 ], [ -6.850645, 33.953593 ], [ -6.85069, 33.951791 ], [ -6.848527, 33.951753 ] ] ] } },
{ "type": "Feature", "properties": { "urban_density": 0.1960516607020813, "temperature_proxy": 28.274335794563527 }, "geometry": { "type": "Polygon", "coordinates": [ [ [ -6.848482, 33.953555 ], [ -6.848436, 33.955358 ], [ -6.850599, 33.955396 ], [ -6.850645, 33.953593 ], [ -6.848482, 33.953555 ] ] ] } },
{ "type": "Feature", "properties": { "urban_density": 0.10399558190700184, "temperature_proxy": 27.675971282395512 }, "geometry": { "type": "Polygon", "coordinates": [ [ [ -6.848436, 33.955358 ], [ -6.848391, 33.95716 ], [ -6.850554, 33.957198 ], [ -6.850599, 33.955396 ], [ -6.848436, 33.955358 ] ] ] } },
{ "type": "Feature", "properties": { "urban_density": 0.10885200722225905, "temperature_proxy": 27.707538046944684 }, "geometry": { "type": "Polygon", "coordinates": [ [ [ -6.848391, 33.95716 ], [ -6.848345, 33.958963 ], [ -6.850509, 33.959001 ], [ -6.850554, 33.957198 ], [ -6.848391, 33.95716 ] ] ] } },
{ "type": "Feature", "properties": { "urban_density": 0.19366086482776496, "temperature_proxy": 28.258795621380472 }, "geometry": { "type": "Polygon", "coordinates": [ [ [ -6.848345, 33.958963 ], [ -6.8483, 33.960765 ], [ -6.850463, 33.960803 ], [ -6.850509, 33.959001 ], [ -6.848345, 33.958963 ] ] ] } },
{ "type": "Feature", "properties": { "urban_density": 0.22127755885777942, "temperature_proxy": 28.438304132575567 }, "geometry": { "type": "Polygon", "coordinates": [ [ [ -6.8483, 33.960765 ], [ -6.848255, 33.962568 ], [ -6.850418, 33.962606 ], [ -6.850463, 33.960803 ], [ -6.8483, 33.960765 ] ] ] } },
{ "type": "Feature", "properties": { "urban_density": 0.14691777764743566, "temperature_proxy": 27.95496555470833 }, "geometry": { "type": "Polygon", "coordinates": [ [ [ -6.848255, 33.962568 ], [ -6.848209, 33.964371 ], [ -6.850372, 33.964408 ], [ -6.850418, 33.962606 ], [ -6.848255, 33.962568 ] ] ] } },
{ "type": "Feature", "properties": { "urban_density": 0.081616290580141998, "temperature_proxy": 27.530505888770922 }, "geometry": { "type": "Polygon", "coordinates": [ [ [ -6.848209, 33.964371 ], [ -6.848164, 33.966173 ], [ -6.850327, 33.966211 ], [ -6.850372, 33.964408 ], [ -6.848209, 33.964371 ] ] ] } },
{ "type": "Feature", "properties": { "urban_density": 0.16429633950950923, "temperature_proxy": 28.067926206811808 }, "geometry": { "type": "Polygon", "coordinates": [ [ [ -6.848164, 33.966173 ], [ -6.848118, 33.967976 ], [ -6.850282, 33.968013 ], [ -6.850327, 33.966211 ], [ -6.848164, 33.966173 ] ] ] } },
{ "type": "Feature", "properties": { "urban_density": 0.19622557203659854, "temperature_proxy": 28.275466218237892 }, "geometry": { "type": "Polygon", "coordinates": [ [ [ -6.848118, 33.967976 ], [ -6.848073, 33.969778 ], [ -6.850236, 33.969816 ], [ -6.850282, 33.968013 ], [ -6.848118, 33.967976 ] ] ] } },
{ "type": "Feature", "properties": { "urban_density": 0.11948579235150289, "temperature_proxy": 27.776657650284768 }, "geometry": { "type": "Polygon", "coordinates": [ [ [ -6.848073, 33.969778 ], [ -6.848028, 33.971581 ], [ -6.850191, 33.971618 ], [ -6.850236, 33.969816 ], [ -6.848073, 33.969778 ] ] ] } },
{ "type": "Feature", "properties": { "urban_density": 0.13913440441021815, "temperature_proxy": 27.904373628666416 }, "geometry": { "type": "Polygon", "coordinates": [ [ [ -6.848028, 33.971581 ], [ -6.847982, 33.973383 ], [ -6.850146, 33.973421 ], [ -6.850191, 33.971618 ], [ -6.848028, 33.971581 ] ] ] } },
{ "type": "Feature", "properties": { "urban_density": 0.13416989184845676, "temperature_proxy": 27.872104297014967 }, "geometry": { "type": "Polygon", "coordinates": [ [ [ -6.847982, 33.973383 ], [ -6.847937, 33.975186 ], [ -6.8501, 33.975223 ], [ -6.850146, 33.973421 ], [ -6.847982, 33.973383 ] ] ] } },
{ "type": "Feature", "properties": { "urban_density": 0.11956365724056547, "temperature_proxy": 27.777163772063677 }, "geometry": { "type": "Polygon", "coordinates": [ [ [ -6.847937, 33.975186 ], [ -6.847891, 33.976988 ], [ -6.850055, 33.977026 ], [ -6.8501, 33.975223 ], [ -6.847937, 33.975186 ] ] ] } },
{ "type": "Feature", "properties": { "urban_density": 0.1594588271142372, "temperature_proxy": 28.036482376242542 }, "geometry": { "type": "Polygon", "coordinates": [ [ [ -6.847891, 33.976988 ], [ -6.847846, 33.978791 ], [ -6.850009, 33.978828 ], [ -6.850055, 33.977026 ], [ -6.847891, 33.976988 ] ] ] } },
{ "type": "Feature", "properties": { "urban_density": 0.12232801791317623, "temperature_proxy": 27.795132116435646 }, "geometry": { "type": "Polygon", "coordinates": [ [ [ -6.847846, 33.978791 ], [ -6.8478, 33.980593 ], [ -6.849964, 33.980631 ], [ -6.850009, 33.978828 ], [ -6.847846, 33.978791 ] ] ] } },
{ "type": "Feature", "properties": { "urban_density": 0.014718467358298992, "temperature_proxy": 27.095670037828942 }, "geometry": { "type": "Polygon", "coordinates": [ [ [ -6.8478, 33.980593 ], [ -6.847755, 33.982396 ], [ -6.849919, 33.982434 ], [ -6.849964, 33.980631 ], [ -6.8478, 33.980593 ] ] ] } },
{ "type": "Feature", "properties": { "urban_density": 0.015104872515912957, "temperature_proxy": 27.098181671353434 }, "geometry": { "type": "Polygon", "coordinates": [ [ [ -6.847755, 33.982396 ], [ -6.847709, 33.984198 ], [ -6.849873, 33.984236 ], [ -6.849919, 33.982434 ], [ -6.847755, 33.982396 ] ] ] } },
{ "type": "Feature", "properties": { "urban_density": 0.020086940316854124, "temperature_proxy": 27.130565112059553 }, "geometry": { "type": "Polygon", "coordinates": [ [ [ -6.847709, 33.984198 ], [ -6.847664, 33.986001 ], [ -6.849828, 33.986039 ], [ -6.849873, 33.984236 ], [ -6.847709, 33.984198 ] ] ] } },
{ "type": "Feature", "properties": { "urban_density": 0.27854323368786643, "temperature_proxy": 28.810531018971133 }, "geometry": { "type": "Polygon", "coordinates": [ [ [ -6.847664, 33.986001 ], [ -6.847619, 33.987803 ], [ -6.849782, 33.987841 ], [ -6.849828, 33.986039 ], [ -6.847664, 33.986001 ] ] ] } },
{ "type": "Feature", "properties": { "urban_density": 0.18482468436365515, "temperature_proxy": 28.201360448363758 }, "geometry": { "type": "Polygon", "coordinates": [ [ [ -6.847619, 33.987803 ], [ -6.847573, 33.989606 ], [ -6.849737, 33.989644 ], [ -6.849782, 33.987841 ], [ -6.847619, 33.987803 ] ] ] } },
{ "type": "Feature", "properties": { "urban_density": 0.25320668285037928, "temperature_proxy": 28.645843438527464 }, "geometry": { "type": "Polygon", "coordinates": [ [ [ -6.847573, 33.989606 ], [ -6.847528, 33.991408 ], [ -6.849692, 33.991446 ], [ -6.849737, 33.989644 ], [ -6.847573, 33.989606 ] ] ] } },
{ "type": "Feature", "properties": { "urban_density": 0.36159476387242911, "temperature_proxy": 29.350365965170788 }, "geometry": { "type": "Polygon", "coordinates": [ [ [ -6.847528, 33.991408 ], [ -6.847482, 33.993211 ], [ -6.849646, 33.993249 ], [ -6.849692, 33.991446 ], [ -6.847528, 33.991408 ] ] ] } },
{ "type": "Feature", "properties": { "urban_density": 0.49975579881222393, "temperature_proxy": 30.248412692279455 }, "geometry": { "type": "Polygon", "coordinates": [ [ [ -6.847482, 33.993211 ], [ -6.847437, 33.995013 ], [ -6.849601, 33.995051 ], [ -6.849646, 33.993249 ], [ -6.847482, 33.993211 ] ] ] } },
{ "type": "Feature", "properties": { "urban_density": 0.4939685041651104, "temperature_proxy": 30.210795277073217 }, "geometry": { "type": "Polygon", "coordinates": [ [ [ -6.847437, 33.995013 ], [ -6.847391, 33.996816 ], [ -6.849555, 33.996854 ], [ -6.849601, 33.995051 ], [ -6.847437, 33.995013 ] ] ] } },
{ "type": "Feature", "properties": { "urban_density": 0.58407734459861438, "temperature_proxy": 30.796502739890993 }, "geometry": { "type": "Polygon", "coordinates": [ [ [ -6.847391, 33.996816 ], [ -6.847346, 33.998618 ], [ -6.84951, 33.998656 ], [ -6.849555, 33.996854 ], [ -6.847391, 33.996816 ] ] ] } },
{ "type": "Feature", "properties": { "urban_density": 0.55252167431431398, "temperature_proxy": 30.59139088304304 }, "geometry": { "type": "Polygon", "coordinates": [ [ [ -6.847346, 33.998618 ], [ -6.8473, 34.000421 ], [ -6.849464, 34.000459 ], [ -6.84951, 33.998656 ], [ -6.847346, 33.998618 ] ] ] } },
{ "type": "Feature", "properties": { "urban_density": 0.61222461723152299, "temperature_proxy": 30.9794600120049 }, "geometry": { "type": "Polygon", "coordinates": [ [ [ -6.8473, 34.000421 ], [ -6.847255, 34.002223 ], [ -6.849419, 34.002261 ], [ -6.849464, 34.000459 ], [ -6.8473, 34.000421 ] ] ] } },
{ "type": "Feature", "properties": { "urban_density": 0.63307584504005299, "temperature_proxy": 31.114992992760342 }, "geometry": { "type": "Polygon", "coordinates": [ [ [ -6.847255, 34.002223 ], [ -6.847209, 34.004026 ], [ -6.849373, 34.004064 ], [ -6.849419, 34.002261 ], [ -6.847255, 34.002223 ] ] ] } },
{ "type": "Feature", "properties": { "urban_density": 0.43574015005444861, "temperature_proxy": 29.832310975353916 }, "geometry": { "type": "Polygon", "coordinates": [ [ [ -6.847209, 34.004026 ], [ -6.847164, 34.005828 ], [ -6.849328, 34.005866 ], [ -6.849373, 34.004064 ], [ -6.847209, 34.004026 ] ] ] } },
{ "type": "Feature", "properties": { "urban_density": 0.26870280748368669, "temperature_proxy": 28.746568248643964 }, "geometry": { "type": "Polygon", "coordinates": [ [ [ -6.847164, 34.005828 ], [ -6.847118, 34.007631 ], [ -6.849283, 34.007669 ], [ -6.849328, 34.005866 ], [ -6.847164, 34.005828 ] ] ] } },
{ "type": "Feature", "properties": { "urban_density": 0.093093903359943664, "temperature_proxy": 27.605110371839633 }, "geometry": { "type": "Polygon", "coordinates": [ [ [ -6.847118, 34.007631 ], [ -6.847073, 34.009433 ], [ -6.849237, 34.009471 ], [ -6.849283, 34.007669 ], [ -6.847118, 34.007631 ] ] ] } },
{ "type": "Feature", "properties": { "urban_density": 0.04600271736226369, "temperature_proxy": 27.299017662854713 }, "geometry": { "type": "Polygon", "coordinates": [ [ [ -6.847073, 34.009433 ], [ -6.847027, 34.011236 ], [ -6.849192, 34.011274 ], [ -6.849237, 34.009471 ], [ -6.847073, 34.009433 ] ] ] } },
{ "type": "Feature", "properties": { "urban_density": 0.27798759042371585, "temperature_proxy": 28.806919337754152 }, "geometry": { "type": "Polygon", "coordinates": [ [ [ -6.847027, 34.011236 ], [ -6.846982, 34.013038 ], [ -6.849146, 34.013076 ], [ -6.849192, 34.011274 ], [ -6.847027, 34.011236 ] ] ] } },
{ "type": "Feature", "properties": { "urban_density": 0.49641065076932456, "temperature_proxy": 30.22666923000061 }, "geometry": { "type": "Polygon", "coordinates": [ [ [ -6.846982, 34.013038 ], [ -6.846936, 34.014841 ], [ -6.849101, 34.014879 ], [ -6.849146, 34.013076 ], [ -6.846982, 34.013038 ] ] ] } },
{ "type": "Feature", "properties": { "urban_density": 0.43627406077601055, "temperature_proxy": 29.835781395044069 }, "geometry": { "type": "Polygon", "coordinates": [ [ [ -6.846936, 34.014841 ], [ -6.846891, 34.016643 ], [ -6.849055, 34.016681 ], [ -6.849101, 34.014879 ], [ -6.846936, 34.014841 ] ] ] } },
{ "type": "Feature", "properties": { "urban_density": 0.26777537201187618, "temperature_proxy": 28.740539918077197 }, "geometry": { "type": "Polygon", "coordinates": [ [ [ -6.846891, 34.016643 ], [ -6.846845, 34.018446 ], [ -6.84901, 34.018484 ], [ -6.849055, 34.016681 ], [ -6.846891, 34.016643 ] ] ] } },
{ "type": "Feature", "properties": { "urban_density": 0.30930845795733469, "temperature_proxy": 29.010504976722675 }, "geometry": { "type": "Polygon", "coordinates": [ [ [ -6.846845, 34.018446 ], [ -6.8468, 34.020248 ], [ -6.848964, 34.020286 ], [ -6.84901, 34.018484 ], [ -6.846845, 34.018446 ] ] ] } },
{ "type": "Feature", "properties": { "urban_density": 0.34285938787646691, "temperature_proxy": 29.228586021197035 }, "geometry": { "type": "Polygon", "coordinates": [ [ [ -6.8468, 34.020248 ], [ -6.846754, 34.022051 ], [ -6.848919, 34.022089 ], [ -6.848964, 34.020286 ], [ -6.8468, 34.020248 ] ] ] } },
{ "type": "Feature", "properties": { "urban_density": 0.520768421221251, "temperature_proxy": 30.384994737938133 }, "geometry": { "type": "Polygon", "coordinates": [ [ [ -6.846754, 34.022051 ], [ -6.846708, 34.023853 ], [ -6.848873, 34.023891 ], [ -6.848919, 34.022089 ], [ -6.846754, 34.022051 ] ] ] } },
{ "type": "Feature", "properties": { "urban_density": 0.52229969626539519, "temperature_proxy": 30.394948025725068 }, "geometry": { "type": "Polygon", "coordinates": [ [ [ -6.846708, 34.023853 ], [ -6.846663, 34.025656 ], [ -6.848828, 34.025694 ], [ -6.848873, 34.023891 ], [ -6.846708, 34.023853 ] ] ] } },
{ "type": "Feature", "properties": { "urban_density": 0.33372856978916204, "temperature_proxy": 29.169235703629553 }, "geometry": { "type": "Polygon", "coordinates": [ [ [ -6.846663, 34.025656 ], [ -6.846617, 34.027458 ], [ -6.848782, 34.027496 ], [ -6.848828, 34.025694 ], [ -6.846663, 34.025656 ] ] ] } },
{ "type": "Feature", "properties": { "urban_density": 0.016741159917725085, "temperature_proxy": 27.108817539465214 }, "geometry": { "type": "Polygon", "coordinates": [ [ [ -6.846636, 33.9409 ], [ -6.846591, 33.942702 ], [ -6.848754, 33.94274 ], [ -6.848799, 33.940938 ], [ -6.846636, 33.9409 ] ] ] } },
{ "type": "Feature", "properties": { "urban_density": 0.013375738132992384, "temperature_proxy": 27.08694229786445 }, "geometry": { "type": "Polygon", "coordinates": [ [ [ -6.846591, 33.942702 ], [ -6.846546, 33.944505 ], [ -6.848708, 33.944543 ], [ -6.848754, 33.94274 ], [ -6.846591, 33.942702 ] ] ] } },
{ "type": "Feature", "properties": { "urban_density": 0.052813145040054882, "temperature_proxy": 27.343285442760358 }, "geometry": { "type": "Polygon", "coordinates": [ [ [ -6.8465, 33.946307 ], [ -6.846455, 33.94811 ], [ -6.848618, 33.948148 ], [ -6.848663, 33.946345 ], [ -6.8465, 33.946307 ] ] ] } },
{ "type": "Feature", "properties": { "urban_density": 0.20356785901352173, "temperature_proxy": 28.32319108358789 }, "geometry": { "type": "Polygon", "coordinates": [ [ [ -6.846455, 33.94811 ], [ -6.846409, 33.949913 ], [ -6.848572, 33.94995 ], [ -6.848618, 33.948148 ], [ -6.846455, 33.94811 ] ] ] } },
{ "type": "Feature", "properties": { "urban_density": 0.067866794065387676, "temperature_proxy": 27.441134161425019 }, "geometry": { "type": "Polygon", "coordinates": [ [ [ -6.846409, 33.949913 ], [ -6.846364, 33.951715 ], [ -6.848527, 33.951753 ], [ -6.848572, 33.94995 ], [ -6.846409, 33.949913 ] ] ] } },
{ "type": "Feature", "properties": { "urban_density": 0.049425952546251699, "temperature_proxy": 27.321268691550635 }, "geometry": { "type": "Polygon", "coordinates": [ [ [ -6.846364, 33.951715 ], [ -6.846319, 33.953518 ], [ -6.848482, 33.953555 ], [ -6.848527, 33.951753 ], [ -6.846364, 33.951715 ] ] ] } },
{ "type": "Feature", "properties": { "urban_density": 0.054660739833385048, "temperature_proxy": 27.355294808917002 }, "geometry": { "type": "Polygon", "coordinates": [ [ [ -6.846319, 33.953518 ], [ -6.846273, 33.95532 ], [ -6.848436, 33.955358 ], [ -6.848482, 33.953555 ], [ -6.846319, 33.953518 ] ] ] } },
{ "type": "Feature", "properties": { "urban_density": 0.13582165539643712, "temperature_proxy": 27.882840760076842 }, "geometry": { "type": "Polygon", "coordinates": [ [ [ -6.846273, 33.95532 ], [ -6.846228, 33.957123 ], [ -6.848391, 33.95716 ], [ -6.848436, 33.955358 ], [ -6.846273, 33.95532 ] ] ] } },
{ "type": "Feature", "properties": { "urban_density": 0.16002997630409019, "temperature_proxy": 28.040194845976586 }, "geometry": { "type": "Polygon", "coordinates": [ [ [ -6.846228, 33.957123 ], [ -6.846182, 33.958925 ], [ -6.848345, 33.958963 ], [ -6.848391, 33.95716 ], [ -6.846228, 33.957123 ] ] ] } },
{ "type": "Feature", "properties": { "urban_density": 0.17998619680477124, "temperature_proxy": 28.169910279231011 }, "geometry": { "type": "Polygon", "coordinates": [ [ [ -6.846182, 33.958925 ], [ -6.846137, 33.960728 ], [ -6.8483, 33.960765 ], [ -6.848345, 33.958963 ], [ -6.846182, 33.958925 ] ] ] } },
{ "type": "Feature", "properties": { "urban_density": 0.16832404322349526, "temperature_proxy": 28.094106280952719 }, "geometry": { "type": "Polygon", "coordinates": [ [ [ -6.846137, 33.960728 ], [ -6.846091, 33.96253 ], [ -6.848255, 33.962568 ], [ -6.8483, 33.960765 ], [ -6.846137, 33.960728 ] ] ] } },
{ "type": "Feature", "properties": { "urban_density": 0.13159760282688152, "temperature_proxy": 27.855384418374729 }, "geometry": { "type": "Polygon", "coordinates": [ [ [ -6.846091, 33.96253 ], [ -6.846046, 33.964333 ], [ -6.848209, 33.964371 ], [ -6.848255, 33.962568 ], [ -6.846091, 33.96253 ] ] ] } },
{ "type": "Feature", "properties": { "urban_density": 0.15831923981393292, "temperature_proxy": 28.029075058790564 }, "geometry": { "type": "Polygon", "coordinates": [ [ [ -6.846046, 33.964333 ], [ -6.846, 33.966135 ], [ -6.848164, 33.966173 ], [ -6.848209, 33.964371 ], [ -6.846046, 33.964333 ] ] ] } },
{ "type": "Feature", "properties": { "urban_density": 0.19974981217697249, "temperature_proxy": 28.298373779150321 }, "geometry": { "type": "Polygon", "coordinates": [ [ [ -6.846, 33.966135 ], [ -6.845955, 33.967938 ], [ -6.848118, 33.967976 ], [ -6.848164, 33.966173 ], [ -6.846, 33.966135 ] ] ] } },
{ "type": "Feature", "properties": { "urban_density": 0.22170573266142216, "temperature_proxy": 28.441087262299245 }, "geometry": { "type": "Polygon", "coordinates": [ [ [ -6.845955, 33.967938 ], [ -6.84591, 33.96974 ], [ -6.848073, 33.969778 ], [ -6.848118, 33.967976 ], [ -6.845955, 33.967938 ] ] ] } },
{ "type": "Feature", "properties": { "urban_density": 0.24508893977892141, "temperature_proxy": 28.593078108562988 }, "geometry": { "type": "Polygon", "coordinates": [ [ [ -6.84591, 33.96974 ], [ -6.845864, 33.971543 ], [ -6.848028, 33.971581 ], [ -6.848073, 33.969778 ], [ -6.84591, 33.96974 ] ] ] } },
{ "type": "Feature", "properties": { "urban_density": 0.21668198600397745, "temperature_proxy": 28.408432909025855 }, "geometry": { "type": "Polygon", "coordinates": [ [ [ -6.845864, 33.971543 ], [ -6.845819, 33.973345 ], [ -6.847982, 33.973383 ], [ -6.848028, 33.971581 ], [ -6.845864, 33.971543 ] ] ] } },
{ "type": "Feature", "properties": { "urban_density": 0.13383632064546724, "temperature_proxy": 27.869936084195537 }, "geometry": { "type": "Polygon", "coordinates": [ [ [ -6.845819, 33.973345 ], [ -6.845773, 33.975148 ], [ -6.847937, 33.975186 ], [ -6.847982, 33.973383 ], [ -6.845819, 33.973345 ] ] ] } },
{ "type": "Feature", "properties": { "urban_density": 0.19841308617182163, "temperature_proxy": 28.289685060116842 }, "geometry": { "type": "Polygon", "coordinates": [ [ [ -6.845773, 33.975148 ], [ -6.845728, 33.97695 ], [ -6.847891, 33.976988 ], [ -6.847937, 33.975186 ], [ -6.845773, 33.975148 ] ] ] } },
{ "type": "Feature", "properties": { "urban_density": 0.072561798360958385, "temperature_proxy": 27.471651689346231 }, "geometry": { "type": "Polygon", "coordinates": [ [ [ -6.845728, 33.97695 ], [ -6.845682, 33.978753 ], [ -6.847846, 33.978791 ], [ -6.847891, 33.976988 ], [ -6.845728, 33.97695 ] ] ] } },
{ "type": "Feature", "properties": { "urban_density": 0.12118936242026411, "temperature_proxy": 27.787730855731716 }, "geometry": { "type": "Polygon", "coordinates": [ [ [ -6.845682, 33.978753 ], [ -6.845637, 33.980555 ], [ -6.8478, 33.980593 ], [ -6.847846, 33.978791 ], [ -6.845682, 33.978753 ] ] ] } },
{ "type": "Feature", "properties": { "urban_density": 0.025060771577529402, "temperature_proxy": 27.162895015253941 }, "geometry": { "type": "Polygon", "coordinates": [ [ [ -6.845637, 33.980555 ], [ -6.845591, 33.982358 ], [ -6.847755, 33.982396 ], [ -6.8478, 33.980593 ], [ -6.845637, 33.980555 ] ] ] } },
{ "type": "Feature", "properties": { "urban_density": 0.092864848175405593, "temperature_proxy": 27.603621513140137 }, "geometry": { "type": "Polygon", "coordinates": [ [ [ -6.8455, 33.985963 ], [ -6.845455, 33.987765 ], [ -6.847619, 33.987803 ], [ -6.847664, 33.986001 ], [ -6.8455, 33.985963 ] ] ] } },
{ "type": "Feature", "properties": { "urban_density": 0.16585881067405653, "temperature_proxy": 28.078082269381369 }, "geometry": { "type": "Polygon", "coordinates": [ [ [ -6.845455, 33.987765 ], [ -6.845409, 33.989568 ], [ -6.847573, 33.989606 ], [ -6.847619, 33.987803 ], [ -6.845455, 33.987765 ] ] ] } },
{ "type": "Feature", "properties": { "urban_density": 0.24161686387924755, "temperature_proxy": 28.570509615215109 }, "geometry": { "type": "Polygon", "coordinates": [ [ [ -6.845409, 33.989568 ], [ -6.845364, 33.99137 ], [ -6.847528, 33.991408 ], [ -6.847573, 33.989606 ], [ -6.845409, 33.989568 ] ] ] } },
{ "type": "Feature", "properties": { "urban_density": 0.13026300665792023, "temperature_proxy": 27.846709543276482 }, "geometry": { "type": "Polygon", "coordinates": [ [ [ -6.845364, 33.99137 ], [ -6.845318, 33.993173 ], [ -6.847482, 33.993211 ], [ -6.847528, 33.991408 ], [ -6.845364, 33.99137 ] ] ] } },
{ "type": "Feature", "properties": { "urban_density": 0.41161396218383478, "temperature_proxy": 29.675490754194925 }, "geometry": { "type": "Polygon", "coordinates": [ [ [ -6.845318, 33.993173 ], [ -6.845273, 33.994975 ], [ -6.847437, 33.995013 ], [ -6.847482, 33.993211 ], [ -6.845318, 33.993173 ] ] ] } },
{ "type": "Feature", "properties": { "urban_density": 0.49732176188700666, "temperature_proxy": 30.232591452265545 }, "geometry": { "type": "Polygon", "coordinates": [ [ [ -6.845273, 33.994975 ], [ -6.845227, 33.996778 ], [ -6.847391, 33.996816 ], [ -6.847437, 33.995013 ], [ -6.845273, 33.994975 ] ] ] } },
{ "type": "Feature", "properties": { "urban_density": 0.61763630201250175, "temperature_proxy": 31.014635963081261 }, "geometry": { "type": "Polygon", "coordinates": [ [ [ -6.845227, 33.996778 ], [ -6.845182, 33.99858 ], [ -6.847346, 33.998618 ], [ -6.847391, 33.996816 ], [ -6.845227, 33.996778 ] ] ] } },
{ "type": "Feature", "properties": { "urban_density": 0.64521277661413634, "temperature_proxy": 31.193883047991886 }, "geometry": { "type": "Polygon", "coordinates": [ [ [ -6.845182, 33.99858 ], [ -6.845136, 34.000383 ], [ -6.8473, 34.000421 ], [ -6.847346, 33.998618 ], [ -6.845182, 33.99858 ] ] ] } },
{ "type": "Feature", "properties": { "urban_density": 0.5407278996555438, "temperature_proxy": 30.514731347761035 }, "geometry": { "type": "Polygon", "coordinates": [ [ [ -6.845136, 34.000383 ], [ -6.84509, 34.002185 ], [ -6.847255, 34.002223 ], [ -6.8473, 34.000421 ], [ -6.845136, 34.000383 ] ] ] } },
{ "type": "Feature", "properties": { "urban_density": 0.7087655839922995, "temperature_proxy": 31.606976295949949 }, "geometry": { "type": "Polygon", "coordinates": [ [ [ -6.84509, 34.002185 ], [ -6.845045, 34.003988 ], [ -6.847209, 34.004026 ], [ -6.847255, 34.002223 ], [ -6.84509, 34.002185 ] ] ] } },
{ "type": "Feature", "properties": { "urban_density": 0.38571686713877545, "temperature_proxy": 29.50715963640204 }, "geometry": { "type": "Polygon", "coordinates": [ [ [ -6.845045, 34.003988 ], [ -6.844999, 34.00579 ], [ -6.847164, 34.005828 ], [ -6.847209, 34.004026 ], [ -6.845045, 34.003988 ] ] ] } },
{ "type": "Feature", "properties": { "urban_density": 0.24466443137825986, "temperature_proxy": 28.590318803958688 }, "geometry": { "type": "Polygon", "coordinates": [ [ [ -6.844999, 34.00579 ], [ -6.844954, 34.007593 ], [ -6.847118, 34.007631 ], [ -6.847164, 34.005828 ], [ -6.844999, 34.00579 ] ] ] } },
{ "type": "Feature", "properties": { "urban_density": 0.034841783677292799, "temperature_proxy": 27.226471593902403 }, "geometry": { "type": "Polygon", "coordinates": [ [ [ -6.844954, 34.007593 ], [ -6.844908, 34.009395 ], [ -6.847073, 34.009433 ], [ -6.847118, 34.007631 ], [ -6.844954, 34.007593 ] ] ] } },
{ "type": "Feature", "properties": { "urban_density": 0.18541908202219001, "temperature_proxy": 28.205224033144233 }, "geometry": { "type": "Polygon", "coordinates": [ [ [ -6.844908, 34.009395 ], [ -6.844863, 34.011198 ], [ -6.847027, 34.011236 ], [ -6.847073, 34.009433 ], [ -6.844908, 34.009395 ] ] ] } },
{ "type": "Feature", "properties": { "urban_density": 0.28621497127788376, "temperature_proxy": 28.860397313306244 }, "geometry": { "type": "Polygon", "coordinates": [ [ [ -6.844863, 34.011198 ], [ -6.844817, 34.013 ], [ -6.846982, 34.013038 ], [ -6.847027, 34.011236 ], [ -6.844863, 34.011198 ] ] ] } },
{ "type": "Feature", "properties": { "urban_density": 0.48661375832650428, "temperature_proxy": 30.162989429122277 }, "geometry": { "type": "Polygon", "coordinates": [ [ [ -6.844817, 34.013 ], [ -6.844772, 34.014803 ], [ -6.846936, 34.014841 ], [ -6.846982, 34.013038 ], [ -6.844817, 34.013 ] ] ] } },
{ "type": "Feature", "properties": { "urban_density": 0.45721355890756904, "temperature_proxy": 29.971888132899199 }, "geometry": { "type": "Polygon", "coordinates": [ [ [ -6.844772, 34.014803 ], [ -6.844726, 34.016605 ], [ -6.846891, 34.016643 ], [ -6.846936, 34.014841 ], [ -6.844772, 34.014803 ] ] ] } },
{ "type": "Feature", "properties": { "urban_density": 0.4462988979628017, "temperature_proxy": 29.900942836758212 }, "geometry": { "type": "Polygon", "coordinates": [ [ [ -6.844726, 34.016605 ], [ -6.84468, 34.018408 ], [ -6.846845, 34.018446 ], [ -6.846891, 34.016643 ], [ -6.844726, 34.016605 ] ] ] } },
{ "type": "Feature", "properties": { "urban_density": 0.23101148802271795, "temperature_proxy": 28.501574672147665 }, "geometry": { "type": "Polygon", "coordinates": [ [ [ -6.84468, 34.018408 ], [ -6.844635, 34.02021 ], [ -6.8468, 34.020248 ], [ -6.846845, 34.018446 ], [ -6.84468, 34.018408 ] ] ] } },
{ "type": "Feature", "properties": { "urban_density": 0.42054645654892109, "temperature_proxy": 29.733551967567987 }, "geometry": { "type": "Polygon", "coordinates": [ [ [ -6.844635, 34.02021 ], [ -6.844589, 34.022013 ], [ -6.846754, 34.022051 ], [ -6.8468, 34.020248 ], [ -6.844635, 34.02021 ] ] ] } },
{ "type": "Feature", "properties": { "urban_density": 0.41660735505358043, "temperature_proxy": 29.707947807848271 }, "geometry": { "type": "Polygon", "coordinates": [ [ [ -6.844589, 34.022013 ], [ -6.844544, 34.023815 ], [ -6.846708, 34.023853 ], [ -6.846754, 34.022051 ], [ -6.844589, 34.022013 ] ] ] } },
{ "type": "Feature", "properties": { "urban_density": 0.61192573510866755, "temperature_proxy": 30.977517278206339 }, "geometry": { "type": "Polygon", "coordinates": [ [ [ -6.844544, 34.023815 ], [ -6.844498, 34.025618 ], [ -6.846663, 34.025656 ], [ -6.846708, 34.023853 ], [ -6.844544, 34.023815 ] ] ] } },
{ "type": "Feature", "properties": { "urban_density": 0.42354762088954528, "temperature_proxy": 29.753059535782043 }, "geometry": { "type": "Polygon", "coordinates": [ [ [ -6.844498, 34.025618 ], [ -6.844452, 34.02742 ], [ -6.846617, 34.027458 ], [ -6.846663, 34.025656 ], [ -6.844498, 34.025618 ] ] ] } },
{ "type": "Feature", "properties": { "urban_density": 0.16982311382242243, "temperature_proxy": 28.103850239845745 }, "geometry": { "type": "Polygon", "coordinates": [ [ [ -6.844452, 34.02742 ], [ -6.844407, 34.029223 ], [ -6.846572, 34.029261 ], [ -6.846617, 34.027458 ], [ -6.844452, 34.02742 ] ] ] } },
{ "type": "Feature", "properties": { "urban_density": 0.017633892987944107, "temperature_proxy": 27.114620304421635 }, "geometry": { "type": "Polygon", "coordinates": [ [ [ -6.844361, 34.031025 ], [ -6.844316, 34.032828 ], [ -6.846481, 34.032866 ], [ -6.846526, 34.031063 ], [ -6.844361, 34.031025 ] ] ] } },
{ "type": "Feature", "properties": { "urban_density": 0.074075960795374804, "temperature_proxy": 27.481493745169935 }, "geometry": { "type": "Polygon", "coordinates": [ [ [ -6.844292, 33.948072 ], [ -6.844247, 33.949875 ], [ -6.846409, 33.949913 ], [ -6.846455, 33.94811 ], [ -6.844292, 33.948072 ] ] ] } },
{ "type": "Feature", "properties": { "urban_density": 0.13021649720225809, "temperature_proxy": 27.846407231814677 }, "geometry": { "type": "Polygon", "coordinates": [ [ [ -6.844247, 33.949875 ], [ -6.844201, 33.951677 ], [ -6.846364, 33.951715 ], [ -6.846409, 33.949913 ], [ -6.844247, 33.949875 ] ] ] } },
{ "type": "Feature", "properties": { "urban_density": 0.14202271367739669, "temperature_proxy": 27.923147638903078 }, "geometry": { "type": "Polygon", "coordinates": [ [ [ -6.844201, 33.951677 ], [ -6.844156, 33.95348 ], [ -6.846319, 33.953518 ], [ -6.846364, 33.951715 ], [ -6.844201, 33.951677 ] ] ] } },
{ "type": "Feature", "properties": { "urban_density": 0.13742871105666637, "temperature_proxy": 27.893286621868331 }, "geometry": { "type": "Polygon", "coordinates": [ [ [ -6.844156, 33.95348 ], [ -6.84411, 33.955282 ], [ -6.846273, 33.95532 ], [ -6.846319, 33.953518 ], [ -6.844156, 33.95348 ] ] ] } },
{ "type": "Feature", "properties": { "urban_density": 0.11569219418773177, "temperature_proxy": 27.751999262220256 }, "geometry": { "type": "Polygon", "coordinates": [ [ [ -6.84411, 33.955282 ], [ -6.844065, 33.957085 ], [ -6.846228, 33.957123 ], [ -6.846273, 33.95532 ], [ -6.84411, 33.955282 ] ] ] } },
{ "type": "Feature", "properties": { "urban_density": 0.12422231590985702, "temperature_proxy": 27.807445053414071 }, "geometry": { "type": "Polygon", "coordinates": [ [ [ -6.844065, 33.957085 ], [ -6.844019, 33.958887 ], [ -6.846182, 33.958925 ], [ -6.846228, 33.957123 ], [ -6.844065, 33.957085 ] ] ] } },
{ "type": "Feature", "properties": { "urban_density": 0.18313483056801935, "temperature_proxy": 28.190376398692127 }, "geometry": { "type": "Polygon", "coordinates": [ [ [ -6.844019, 33.958887 ], [ -6.843974, 33.96069 ], [ -6.846137, 33.960728 ], [ -6.846182, 33.958925 ], [ -6.844019, 33.958887 ] ] ] } },
{ "type": "Feature", "properties": { "urban_density": 0.16918072520642236, "temperature_proxy": 28.099674713841747 }, "geometry": { "type": "Polygon", "coordinates": [ [ [ -6.843974, 33.96069 ], [ -6.843928, 33.962492 ], [ -6.846091, 33.96253 ], [ -6.846137, 33.960728 ], [ -6.843974, 33.96069 ] ] ] } },
{ "type": "Feature", "properties": { "urban_density": 0.16304350001645126, "temperature_proxy": 28.059782750106933 }, "geometry": { "type": "Polygon", "coordinates": [ [ [ -6.843928, 33.962492 ], [ -6.843883, 33.964295 ], [ -6.846046, 33.964333 ], [ -6.846091, 33.96253 ], [ -6.843928, 33.962492 ] ] ] } },
{ "type": "Feature", "properties": { "urban_density": 0.16552265852657477, "temperature_proxy": 28.075897280422737 }, "geometry": { "type": "Polygon", "coordinates": [ [ [ -6.843883, 33.964295 ], [ -6.843837, 33.966097 ], [ -6.846, 33.966135 ], [ -6.846046, 33.964333 ], [ -6.843883, 33.964295 ] ] ] } },
{ "type": "Feature", "properties": { "urban_density": 0.17791601983432695, "temperature_proxy": 28.156454128923126 }, "geometry": { "type": "Polygon", "coordinates": [ [ [ -6.843837, 33.966097 ], [ -6.843792, 33.9679 ], [ -6.845955, 33.967938 ], [ -6.846, 33.966135 ], [ -6.843837, 33.966097 ] ] ] } },
{ "type": "Feature", "properties": { "urban_density": 0.22456072950091516, "temperature_proxy": 28.459644741755948 }, "geometry": { "type": "Polygon", "coordinates": [ [ [ -6.843792, 33.9679 ], [ -6.843746, 33.969702 ], [ -6.84591, 33.96974 ], [ -6.845955, 33.967938 ], [ -6.843792, 33.9679 ] ] ] } },
{ "type": "Feature", "properties": { "urban_density": 0.18578659333565636, "temperature_proxy": 28.207612856681767 }, "geometry": { "type": "Polygon", "coordinates": [ [ [ -6.843746, 33.969702 ], [ -6.843701, 33.971505 ], [ -6.845864, 33.971543 ], [ -6.84591, 33.96974 ], [ -6.843746, 33.969702 ] ] ] } },
{ "type": "Feature", "properties": { "urban_density": 0.20612718318968701, "temperature_proxy": 28.339826690732966 }, "geometry": { "type": "Polygon", "coordinates": [ [ [ -6.843701, 33.971505 ], [ -6.843655, 33.973307 ], [ -6.845819, 33.973345 ], [ -6.845864, 33.971543 ], [ -6.843701, 33.971505 ] ] ] } },
{ "type": "Feature", "properties": { "urban_density": 0.15177203441375511, "temperature_proxy": 27.986518223689409 }, "geometry": { "type": "Polygon", "coordinates": [ [ [ -6.843655, 33.973307 ], [ -6.84361, 33.97511 ], [ -6.845773, 33.975148 ], [ -6.845819, 33.973345 ], [ -6.843655, 33.973307 ] ] ] } },
{ "type": "Feature", "properties": { "urban_density": 0.19678338354555536, "temperature_proxy": 28.279091993046109 }, "geometry": { "type": "Polygon", "coordinates": [ [ [ -6.84361, 33.97511 ], [ -6.843564, 33.976912 ], [ -6.845728, 33.97695 ], [ -6.845773, 33.975148 ], [ -6.84361, 33.97511 ] ] ] } },
{ "type": "Feature", "properties": { "urban_density": 0.10630208191198205, "temperature_proxy": 27.690963532427883 }, "geometry": { "type": "Polygon", "coordinates": [ [ [ -6.843564, 33.976912 ], [ -6.843518, 33.978715 ], [ -6.845682, 33.978753 ], [ -6.845728, 33.97695 ], [ -6.843564, 33.976912 ] ] ] } },
{ "type": "Feature", "properties": { "urban_density": 0.1009584451756451, "temperature_proxy": 27.656229893641694 }, "geometry": { "type": "Polygon", "coordinates": [ [ [ -6.843518, 33.978715 ], [ -6.843473, 33.980517 ], [ -6.845637, 33.980555 ], [ -6.845682, 33.978753 ], [ -6.843518, 33.978715 ] ] ] } },
{ "type": "Feature", "properties": { "urban_density": 0.13987149763986836, "temperature_proxy": 27.909164734659143 }, "geometry": { "type": "Polygon", "coordinates": [ [ [ -6.843473, 33.980517 ], [ -6.843427, 33.98232 ], [ -6.845591, 33.982358 ], [ -6.845637, 33.980555 ], [ -6.843473, 33.980517 ] ] ] } },
{ "type": "Feature", "properties": { "urban_density": 0.012785078396731797, "temperature_proxy": 27.083103009578757 }, "geometry": { "type": "Polygon", "coordinates": [ [ [ -6.843291, 33.987727 ], [ -6.843245, 33.98953 ], [ -6.845409, 33.989568 ], [ -6.845455, 33.987765 ], [ -6.843291, 33.987727 ] ] ] } },
{ "type": "Feature", "properties": { "urban_density": 0.1796578351966244, "temperature_proxy": 28.16777592877806 }, "geometry": { "type": "Polygon", "coordinates": [ [ [ -6.843245, 33.98953 ], [ -6.8432, 33.991332 ], [ -6.845364, 33.99137 ], [ -6.845409, 33.989568 ], [ -6.843245, 33.98953 ] ] ] } },
{ "type": "Feature", "properties": { "urban_density": 0.23354027867493488, "temperature_proxy": 28.518011811387076 }, "geometry": { "type": "Polygon", "coordinates": [ [ [ -6.8432, 33.991332 ], [ -6.843154, 33.993135 ], [ -6.845318, 33.993173 ], [ -6.845364, 33.99137 ], [ -6.8432, 33.991332 ] ] ] } },
{ "type": "Feature", "properties": { "urban_density": 0.23006224226838945, "temperature_proxy": 28.49540457474453 }, "geometry": { "type": "Polygon", "coordinates": [ [ [ -6.843154, 33.993135 ], [ -6.843109, 33.994937 ], [ -6.845273, 33.994975 ], [ -6.845318, 33.993173 ], [ -6.843154, 33.993135 ] ] ] } },
{ "type": "Feature", "properties": { "urban_density": 0.23739544684668634, "temperature_proxy": 28.54307040450346 }, "geometry": { "type": "Polygon", "coordinates": [ [ [ -6.843109, 33.994937 ], [ -6.843063, 33.99674 ], [ -6.845227, 33.996778 ], [ -6.845273, 33.994975 ], [ -6.843109, 33.994937 ] ] ] } },
{ "type": "Feature", "properties": { "urban_density": 0.28583951945469666, "temperature_proxy": 28.857956876455528 }, "geometry": { "type": "Polygon", "coordinates": [ [ [ -6.843063, 33.99674 ], [ -6.843017, 33.998542 ], [ -6.845182, 33.99858 ], [ -6.845227, 33.996778 ], [ -6.843063, 33.99674 ] ] ] } },
{ "type": "Feature", "properties": { "urban_density": 0.3026901211963271, "temperature_proxy": 28.967485787776127 }, "geometry": { "type": "Polygon", "coordinates": [ [ [ -6.843017, 33.998542 ], [ -6.842972, 34.000345 ], [ -6.845136, 34.000383 ], [ -6.845182, 33.99858 ], [ -6.843017, 33.998542 ] ] ] } },
{ "type": "Feature", "properties": { "urban_density": 0.15269348024240254, "temperature_proxy": 27.992507621575616 }, "geometry": { "type": "Polygon", "coordinates": [ [ [ -6.842972, 34.000345 ], [ -6.842926, 34.002147 ], [ -6.84509, 34.002185 ], [ -6.845136, 34.000383 ], [ -6.842972, 34.000345 ] ] ] } },
{ "type": "Feature", "properties": { "urban_density": 0.29849283991216835, "temperature_proxy": 28.940203459429092 }, "geometry": { "type": "Polygon", "coordinates": [ [ [ -6.842926, 34.002147 ], [ -6.842881, 34.00395 ], [ -6.845045, 34.003988 ], [ -6.84509, 34.002185 ], [ -6.842926, 34.002147 ] ] ] } },
{ "type": "Feature", "properties": { "urban_density": 0.19896914761441262, "temperature_proxy": 28.293299459493682 }, "geometry": { "type": "Polygon", "coordinates": [ [ [ -6.842881, 34.00395 ], [ -6.842835, 34.005752 ], [ -6.844999, 34.00579 ], [ -6.845045, 34.003988 ], [ -6.842881, 34.00395 ] ] ] } },
{ "type": "Feature", "properties": { "urban_density": 0.16118658930554003, "temperature_proxy": 28.047712830486009 }, "geometry": { "type": "Polygon", "coordinates": [ [ [ -6.842835, 34.005752 ], [ -6.842789, 34.007555 ], [ -6.844954, 34.007593 ], [ -6.844999, 34.00579 ], [ -6.842835, 34.005752 ] ] ] } },
{ "type": "Feature", "properties": { "urban_density": 0.26261296778841986, "temperature_proxy": 28.706984290624728 }, "geometry": { "type": "Polygon", "coordinates": [ [ [ -6.842789, 34.007555 ], [ -6.842744, 34.009357 ], [ -6.844908, 34.009395 ], [ -6.844954, 34.007593 ], [ -6.842789, 34.007555 ] ] ] } },
{ "type": "Feature", "properties": { "urban_density": 0.22997410645021654, "temperature_proxy": 28.494831691926407 }, "geometry": { "type": "Polygon", "coordinates": [ [ [ -6.842744, 34.009357 ], [ -6.842698, 34.01116 ], [ -6.844863, 34.011198 ], [ -6.844908, 34.009395 ], [ -6.842744, 34.009357 ] ] ] } },
{ "type": "Feature", "properties": { "urban_density": 0.26949643347789654, "temperature_proxy": 28.751726817606329 }, "geometry": { "type": "Polygon", "coordinates": [ [ [ -6.842698, 34.01116 ], [ -6.842653, 34.012962 ], [ -6.844817, 34.013 ], [ -6.844863, 34.011198 ], [ -6.842698, 34.01116 ] ] ] } },
{ "type": "Feature", "properties": { "urban_density": 0.25937549229147994, "temperature_proxy": 28.685940699894619 }, "geometry": { "type": "Polygon", "coordinates": [ [ [ -6.842653, 34.012962 ], [ -6.842607, 34.014765 ], [ -6.844772, 34.014803 ], [ -6.844817, 34.013 ], [ -6.842653, 34.012962 ] ] ] } },
{ "type": "Feature", "properties": { "urban_density": 0.20060621214053556, "temperature_proxy": 28.303940378913481 }, "geometry": { "type": "Polygon", "coordinates": [ [ [ -6.842607, 34.014765 ], [ -6.842561, 34.016567 ], [ -6.844726, 34.016605 ], [ -6.844772, 34.014803 ], [ -6.842607, 34.014765 ] ] ] } },
{ "type": "Feature", "properties": { "urban_density": 0.3696887413560247, "temperature_proxy": 29.40297681881416 }, "geometry": { "type": "Polygon", "coordinates": [ [ [ -6.842561, 34.016567 ], [ -6.842516, 34.01837 ], [ -6.84468, 34.018408 ], [ -6.844726, 34.016605 ], [ -6.842561, 34.016567 ] ] ] } },
{ "type": "Feature", "properties": { "urban_density": 0.34081713954514531, "temperature_proxy": 29.215311407043444 }, "geometry": { "type": "Polygon", "coordinates": [ [ [ -6.842516, 34.01837 ], [ -6.84247, 34.020172 ], [ -6.844635, 34.02021 ], [ -6.84468, 34.018408 ], [ -6.842516, 34.01837 ] ] ] } },
{ "type": "Feature", "properties": { "urban_density": 0.39512141272406842, "temperature_proxy": 29.568289182706444 }, "geometry": { "type": "Polygon", "coordinates": [ [ [ -6.84247, 34.020172 ], [ -6.842424, 34.021975 ], [ -6.844589, 34.022013 ], [ -6.844635, 34.02021 ], [ -6.84247, 34.020172 ] ] ] } },
{ "type": "Feature", "properties": { "urban_density": 0.18645709928354595, "temperature_proxy": 28.21197114534305 }, "geometry": { "type": "Polygon", "coordinates": [ [ [ -6.842424, 34.021975 ], [ -6.842379, 34.023777 ], [ -6.844544, 34.023815 ], [ -6.844589, 34.022013 ], [ -6.842424, 34.021975 ] ] ] } },
{ "type": "Feature", "properties": { "urban_density": 0.27849418755456651, "temperature_proxy": 28.810212219104681 }, "geometry": { "type": "Polygon", "coordinates": [ [ [ -6.842379, 34.023777 ], [ -6.842333, 34.02558 ], [ -6.844498, 34.025618 ], [ -6.844544, 34.023815 ], [ -6.842379, 34.023777 ] ] ] } },
{ "type": "Feature", "properties": { "urban_density": 0.18280299951701576, "temperature_proxy": 28.188219496860601 }, "geometry": { "type": "Polygon", "coordinates": [ [ [ -6.842333, 34.02558 ], [ -6.842288, 34.027382 ], [ -6.844452, 34.02742 ], [ -6.844498, 34.025618 ], [ -6.842333, 34.02558 ] ] ] } },
{ "type": "Feature", "properties": { "urban_density": 0.033934155903812414, "temperature_proxy": 27.220572013374781 }, "geometry": { "type": "Polygon", "coordinates": [ [ [ -6.842196, 34.030987 ], [ -6.842151, 34.03279 ], [ -6.844316, 34.032828 ], [ -6.844361, 34.031025 ], [ -6.842196, 34.030987 ] ] ] } },
{ "type": "Feature", "properties": { "urban_density": 0.030186354145417003, "temperature_proxy": 27.196211301945212 }, "geometry": { "type": "Polygon", "coordinates": [ [ [ -6.842266, 33.942627 ], [ -6.84222, 33.944429 ], [ -6.844383, 33.944467 ], [ -6.844428, 33.942665 ], [ -6.842266, 33.942627 ] ] ] } },
{ "type": "Feature", "properties": { "urban_density": 0.010586686111087212, "temperature_proxy": 27.068813459722065 }, "geometry": { "type": "Polygon", "coordinates": [ [ [ -6.84222, 33.944429 ], [ -6.842175, 33.946232 ], [ -6.844337, 33.94627 ], [ -6.844383, 33.944467 ], [ -6.84222, 33.944429 ] ] ] } },
{ "type": "Feature", "properties": { "urban_density": 0.023477109318919182, "temperature_proxy": 27.152601210572975 }, "geometry": { "type": "Polygon", "coordinates": [ [ [ -6.842175, 33.946232 ], [ -6.842129, 33.948034 ], [ -6.844292, 33.948072 ], [ -6.844337, 33.94627 ], [ -6.842175, 33.946232 ] ] ] } },
{ "type": "Feature", "properties": { "urban_density": 0.32301153225577478, "temperature_proxy": 29.099574959662537 }, "geometry": { "type": "Polygon", "coordinates": [ [ [ -6.842129, 33.948034 ], [ -6.842084, 33.949837 ], [ -6.844247, 33.949875 ], [ -6.844292, 33.948072 ], [ -6.842129, 33.948034 ] ] ] } },
{ "type": "Feature", "properties": { "urban_density": 0.17006230513922044, "temperature_proxy": 28.105404983404934 }, "geometry": { "type": "Polygon", "coordinates": [ [ [ -6.842084, 33.949837 ], [ -6.842038, 33.951639 ], [ -6.844201, 33.951677 ], [ -6.844247, 33.949875 ], [ -6.842084, 33.949837 ] ] ] } },
{ "type": "Feature", "properties": { "urban_density": 0.060218855481560821, "temperature_proxy": 27.391422560630147 }, "geometry": { "type": "Polygon", "coordinates": [ [ [ -6.842038, 33.951639 ], [ -6.841993, 33.953442 ], [ -6.844156, 33.95348 ], [ -6.844201, 33.951677 ], [ -6.842038, 33.951639 ] ] ] } },
{ "type": "Feature", "properties": { "urban_density": 0.060559612772873334, "temperature_proxy": 27.393637483023678 }, "geometry": { "type": "Polygon", "coordinates": [ [ [ -6.841993, 33.953442 ], [ -6.841947, 33.955244 ], [ -6.84411, 33.955282 ], [ -6.844156, 33.95348 ], [ -6.841993, 33.953442 ] ] ] } },
{ "type": "Feature", "properties": { "urban_density": 0.11409863791290417, "temperature_proxy": 27.741641146433878 }, "geometry": { "type": "Polygon", "coordinates": [ [ [ -6.841947, 33.955244 ], [ -6.841902, 33.957047 ], [ -6.844065, 33.957085 ], [ -6.84411, 33.955282 ], [ -6.841947, 33.955244 ] ] ] } },
{ "type": "Feature", "properties": { "urban_density": 0.11957403803766838, "temperature_proxy": 27.777231247244845 }, "geometry": { "type": "Polygon", "coordinates": [ [ [ -6.841902, 33.957047 ], [ -6.841856, 33.958849 ], [ -6.844019, 33.958887 ], [ -6.844065, 33.957085 ], [ -6.841902, 33.957047 ] ] ] } },
{ "type": "Feature", "properties": { "urban_density": 0.077466743938503349, "temperature_proxy": 27.503533835600273 }, "geometry": { "type": "Polygon", "coordinates": [ [ [ -6.841856, 33.958849 ], [ -6.84181, 33.960652 ], [ -6.843974, 33.96069 ], [ -6.844019, 33.958887 ], [ -6.841856, 33.958849 ] ] ] } },
{ "type": "Feature", "properties": { "urban_density": 0.14597432310969335, "temperature_proxy": 27.948833100213008 }, "geometry": { "type": "Polygon", "coordinates": [ [ [ -6.84181, 33.960652 ], [ -6.841765, 33.962454 ], [ -6.843928, 33.962492 ], [ -6.843974, 33.96069 ], [ -6.84181, 33.960652 ] ] ] } },
{ "type": "Feature", "properties": { "urban_density": 0.18069061775730019, "temperature_proxy": 28.174489015422452 }, "geometry": { "type": "Polygon", "coordinates": [ [ [ -6.841765, 33.962454 ], [ -6.841719, 33.964257 ], [ -6.843883, 33.964295 ], [ -6.843928, 33.962492 ], [ -6.841765, 33.962454 ] ] ] } },
{ "type": "Feature", "properties": { "urban_density": 0.15074943790254325, "temperature_proxy": 27.979871346366529 }, "geometry": { "type": "Polygon", "coordinates": [ [ [ -6.841719, 33.964257 ], [ -6.841674, 33.966059 ], [ -6.843837, 33.966097 ], [ -6.843883, 33.964295 ], [ -6.841719, 33.964257 ] ] ] } },
{ "type": "Feature", "properties": { "urban_density": 0.134803703197138, "temperature_proxy": 27.876224070781397 }, "geometry": { "type": "Polygon", "coordinates": [ [ [ -6.841674, 33.966059 ], [ -6.841628, 33.967862 ], [ -6.843792, 33.9679 ], [ -6.843837, 33.966097 ], [ -6.841674, 33.966059 ] ] ] } },
{ "type": "Feature", "properties": { "urban_density": 0.18952264563188165, "temperature_proxy": 28.231897196607232 }, "geometry": { "type": "Polygon", "coordinates": [ [ [ -6.841628, 33.967862 ], [ -6.841583, 33.969664 ], [ -6.843746, 33.969702 ], [ -6.843792, 33.9679 ], [ -6.841628, 33.967862 ] ] ] } },
{ "type": "Feature", "properties": { "urban_density": 0.14395608083570161, "temperature_proxy": 27.935714525432061 }, "geometry": { "type": "Polygon", "coordinates": [ [ [ -6.841583, 33.969664 ], [ -6.841537, 33.971467 ], [ -6.843701, 33.971505 ], [ -6.843746, 33.969702 ], [ -6.841583, 33.969664 ] ] ] } },
{ "type": "Feature", "properties": { "urban_density": 0.086490855938920766, "temperature_proxy": 27.562190563602986 }, "geometry": { "type": "Polygon", "coordinates": [ [ [ -6.841537, 33.971467 ], [ -6.841492, 33.973269 ], [ -6.843655, 33.973307 ], [ -6.843701, 33.971505 ], [ -6.841537, 33.971467 ] ] ] } },
{ "type": "Feature", "properties": { "urban_density": 0.1535823568185781, "temperature_proxy": 27.998285319320757 }, "geometry": { "type": "Polygon", "coordinates": [ [ [ -6.841492, 33.973269 ], [ -6.841446, 33.975072 ], [ -6.84361, 33.97511 ], [ -6.843655, 33.973307 ], [ -6.841492, 33.973269 ] ] ] } },
{ "type": "Feature", "properties": { "urban_density": 0.16056744762029973, "temperature_proxy": 28.043688409531949 }, "geometry": { "type": "Polygon", "coordinates": [ [ [ -6.841446, 33.975072 ], [ -6.8414, 33.976874 ], [ -6.843564, 33.976912 ], [ -6.84361, 33.97511 ], [ -6.841446, 33.975072 ] ] ] } },
{ "type": "Feature", "properties": { "urban_density": 0.17404968671429008, "temperature_proxy": 28.131322963642887 }, "geometry": { "type": "Polygon", "coordinates": [ [ [ -6.8414, 33.976874 ], [ -6.841355, 33.978677 ], [ -6.843518, 33.978715 ], [ -6.843564, 33.976912 ], [ -6.8414, 33.976874 ] ] ] } },
{ "type": "Feature", "properties": { "urban_density": 0.1710385348023746, "temperature_proxy": 28.111750476215434 }, "geometry": { "type": "Polygon", "coordinates": [ [ [ -6.841355, 33.978677 ], [ -6.841309, 33.980479 ], [ -6.843473, 33.980517 ], [ -6.843518, 33.978715 ], [ -6.841355, 33.978677 ] ] ] } },
{ "type": "Feature", "properties": { "urban_density": 0.090566290244058933, "temperature_proxy": 27.588680886586381 }, "geometry": { "type": "Polygon", "coordinates": [ [ [ -6.841309, 33.980479 ], [ -6.841264, 33.982282 ], [ -6.843427, 33.98232 ], [ -6.843473, 33.980517 ], [ -6.841309, 33.980479 ] ] ] } },
{ "type": "Feature", "properties": { "urban_density": 0.12166621728458833, "temperature_proxy": 27.790830412349823 }, "geometry": { "type": "Polygon", "coordinates": [ [ [ -6.841264, 33.982282 ], [ -6.841218, 33.984084 ], [ -6.843382, 33.984122 ], [ -6.843427, 33.98232 ], [ -6.841264, 33.982282 ] ] ] } },
{ "type": "Feature", "properties": { "urban_density": 0.018897751341520875, "temperature_proxy": 27.122835383719885 }, "geometry": { "type": "Polygon", "coordinates": [ [ [ -6.841218, 33.984084 ], [ -6.841172, 33.985887 ], [ -6.843336, 33.985925 ], [ -6.843382, 33.984122 ], [ -6.841218, 33.984084 ] ] ] } },
{ "type": "Feature", "properties": { "urban_density": 0.092270662636864773, "temperature_proxy": 27.599759307139621 }, "geometry": { "type": "Polygon", "coordinates": [ [ [ -6.841081, 33.989492 ], [ -6.841036, 33.991294 ], [ -6.8432, 33.991332 ], [ -6.843245, 33.98953 ], [ -6.841081, 33.989492 ] ] ] } },
{ "type": "Feature", "properties": { "urban_density": 0.28773935430540237, "temperature_proxy": 28.870305802985115 }, "geometry": { "type": "Polygon", "coordinates": [ [ [ -6.841036, 33.991294 ], [ -6.84099, 33.993097 ], [ -6.843154, 33.993135 ], [ -6.8432, 33.991332 ], [ -6.841036, 33.991294 ] ] ] } },
{ "type": "Feature", "properties": { "urban_density": 0.098800037611643993, "temperature_proxy": 27.642200244475685 }, "geometry": { "type": "Polygon", "coordinates": [ [ [ -6.84099, 33.993097 ], [ -6.840944, 33.994899 ], [ -6.843109, 33.994937 ], [ -6.843154, 33.993135 ], [ -6.84099, 33.993097 ] ] ] } },
{ "type": "Feature", "properties": { "urban_density": 0.10464973449604335, "temperature_proxy": 27.680223274224282 }, "geometry": { "type": "Polygon", "coordinates": [ [ [ -6.840944, 33.994899 ], [ -6.840899, 33.996702 ], [ -6.843063, 33.99674 ], [ -6.843109, 33.994937 ], [ -6.840944, 33.994899 ] ] ] } },
{ "type": "Feature", "properties": { "urban_density": 0.076023026728198717, "temperature_proxy": 27.494149673733293 }, "geometry": { "type": "Polygon", "coordinates": [ [ [ -6.840899, 33.996702 ], [ -6.840853, 33.998504 ], [ -6.843017, 33.998542 ], [ -6.843063, 33.99674 ], [ -6.840899, 33.996702 ] ] ] } },
{ "type": "Feature", "properties": { "urban_density": 0.21257201185935751, "temperature_proxy": 28.381718077085825 }, "geometry": { "type": "Polygon", "coordinates": [ [ [ -6.840853, 33.998504 ], [ -6.840808, 34.000307 ], [ -6.842972, 34.000345 ], [ -6.843017, 33.998542 ], [ -6.840853, 33.998504 ] ] ] } },
{ "type": "Feature", "properties": { "urban_density": 0.12053776269194705, "temperature_proxy": 27.783495457497654 }, "geometry": { "type": "Polygon", "coordinates": [ [ [ -6.840808, 34.000307 ], [ -6.840762, 34.002109 ], [ -6.842926, 34.002147 ], [ -6.842972, 34.000345 ], [ -6.840808, 34.000307 ] ] ] } },
{ "type": "Feature", "properties": { "urban_density": 0.056185646952043478, "temperature_proxy": 27.365206705188282 }, "geometry": { "type": "Polygon", "coordinates": [ [ [ -6.840762, 34.002109 ], [ -6.840716, 34.003912 ], [ -6.842881, 34.00395 ], [ -6.842926, 34.002147 ], [ -6.840762, 34.002109 ] ] ] } },
{ "type": "Feature", "properties": { "urban_density": 0.11869382872246947, "temperature_proxy": 27.771509886696052 }, "geometry": { "type": "Polygon", "coordinates": [ [ [ -6.840716, 34.003912 ], [ -6.840671, 34.005714 ], [ -6.842835, 34.005752 ], [ -6.842881, 34.00395 ], [ -6.840716, 34.003912 ] ] ] } },
{ "type": "Feature", "properties": { "urban_density": 0.10598032231983043, "temperature_proxy": 27.688872095078899 }, "geometry": { "type": "Polygon", "coordinates": [ [ [ -6.840671, 34.005714 ], [ -6.840625, 34.007517 ], [ -6.842789, 34.007555 ], [ -6.842835, 34.005752 ], [ -6.840671, 34.005714 ] ] ] } },
{ "type": "Feature", "properties": { "urban_density": 0.15692728003238512, "temperature_proxy": 28.020027320210502 }, "geometry": { "type": "Polygon", "coordinates": [ [ [ -6.840625, 34.007517 ], [ -6.840579, 34.009319 ], [ -6.842744, 34.009357 ], [ -6.842789, 34.007555 ], [ -6.840625, 34.007517 ] ] ] } },
{ "type": "Feature", "properties": { "urban_density": 0.15632880942224911, "temperature_proxy": 28.016137261244619 }, "geometry": { "type": "Polygon", "coordinates": [ [ [ -6.840579, 34.009319 ], [ -6.840534, 34.011122 ], [ -6.842698, 34.01116 ], [ -6.842744, 34.009357 ], [ -6.840579, 34.009319 ] ] ] } },
{ "type": "Feature", "properties": { "urban_density": 0.11912356597037688, "temperature_proxy": 27.77430317880745 }, "geometry": { "type": "Polygon", "coordinates": [ [ [ -6.840534, 34.011122 ], [ -6.840488, 34.012924 ], [ -6.842653, 34.012962 ], [ -6.842698, 34.01116 ], [ -6.840534, 34.011122 ] ] ] } },
{ "type": "Feature", "properties": { "urban_density": 0.24618053524821504, "temperature_proxy": 28.600173479113398 }, "geometry": { "type": "Polygon", "coordinates": [ [ [ -6.840488, 34.012924 ], [ -6.840442, 34.014727 ], [ -6.842607, 34.014765 ], [ -6.842653, 34.012962 ], [ -6.840488, 34.012924 ] ] ] } },
{ "type": "Feature", "properties": { "urban_density": 0.24154408900604935, "temperature_proxy": 28.57003657853932 }, "geometry": { "type": "Polygon", "coordinates": [ [ [ -6.840442, 34.014727 ], [ -6.840397, 34.016529 ], [ -6.842561, 34.016567 ], [ -6.842607, 34.014765 ], [ -6.840442, 34.014727 ] ] ] } },
{ "type": "Feature", "properties": { "urban_density": 0.23126955210601496, "temperature_proxy": 28.503252088689099 }, "geometry": { "type": "Polygon", "coordinates": [ [ [ -6.840397, 34.016529 ], [ -6.840351, 34.018332 ], [ -6.842516, 34.01837 ], [ -6.842561, 34.016567 ], [ -6.840397, 34.016529 ] ] ] } },
{ "type": "Feature", "properties": { "urban_density": 0.30487040715302888, "temperature_proxy": 28.981657646494689 }, "geometry": { "type": "Polygon", "coordinates": [ [ [ -6.840351, 34.018332 ], [ -6.840305, 34.020134 ], [ -6.84247, 34.020172 ], [ -6.842516, 34.01837 ], [ -6.840351, 34.018332 ] ] ] } },
{ "type": "Feature", "properties": { "urban_density": 0.19654836860748032, "temperature_proxy": 28.277564395948623 }, "geometry": { "type": "Polygon", "coordinates": [ [ [ -6.840305, 34.020134 ], [ -6.84026, 34.021937 ], [ -6.842424, 34.021975 ], [ -6.84247, 34.020172 ], [ -6.840305, 34.020134 ] ] ] } },
{ "type": "Feature", "properties": { "urban_density": 0.14862993544387343, "temperature_proxy": 27.966094580385178 }, "geometry": { "type": "Polygon", "coordinates": [ [ [ -6.84026, 34.021937 ], [ -6.840214, 34.023739 ], [ -6.842379, 34.023777 ], [ -6.842424, 34.021975 ], [ -6.84026, 34.021937 ] ] ] } },
{ "type": "Feature", "properties": { "urban_density": 0.41389020725034842, "temperature_proxy": 29.690286347127266 }, "geometry": { "type": "Polygon", "coordinates": [ [ [ -6.840214, 34.023739 ], [ -6.840168, 34.025542 ], [ -6.842333, 34.02558 ], [ -6.842379, 34.023777 ], [ -6.840214, 34.023739 ] ] ] } },
{ "type": "Feature", "properties": { "urban_density": 0.62699582924074659, "temperature_proxy": 31.075472890064852 }, "geometry": { "type": "Polygon", "coordinates": [ [ [ -6.840168, 34.025542 ], [ -6.840123, 34.027344 ], [ -6.842288, 34.027382 ], [ -6.842333, 34.02558 ], [ -6.840168, 34.025542 ] ] ] } },
{ "type": "Feature", "properties": { "urban_density": 0.19991698147176401, "temperature_proxy": 28.299460379566465 }, "geometry": { "type": "Polygon", "coordinates": [ [ [ -6.840123, 34.027344 ], [ -6.840077, 34.029147 ], [ -6.842242, 34.029185 ], [ -6.842288, 34.027382 ], [ -6.840123, 34.027344 ] ] ] } },
{ "type": "Feature", "properties": { "urban_density": 0.015977669632649072, "temperature_proxy": 27.103854852612219 }, "geometry": { "type": "Polygon", "coordinates": [ [ [ -6.840031, 34.030949 ], [ -6.839986, 34.032752 ], [ -6.842151, 34.03279 ], [ -6.842196, 34.030987 ], [ -6.840031, 34.030949 ] ] ] } },
{ "type": "Feature", "properties": { "urban_density": 0.030041774982043846, "temperature_proxy": 27.195271537383285 }, "geometry": { "type": "Polygon", "coordinates": [ [ [ -6.840103, 33.942589 ], [ -6.840057, 33.944391 ], [ -6.84222, 33.944429 ], [ -6.842266, 33.942627 ], [ -6.840103, 33.942589 ] ] ] } },
{ "type": "Feature", "properties": { "urban_density": 0.068268396893760366, "temperature_proxy": 27.443744579809444 }, "geometry": { "type": "Polygon", "coordinates": [ [ [ -6.840057, 33.944391 ], [ -6.840012, 33.946194 ], [ -6.842175, 33.946232 ], [ -6.84222, 33.944429 ], [ -6.840057, 33.944391 ] ] ] } },
{ "type": "Feature", "properties": { "urban_density": 0.10053490794905591, "temperature_proxy": 27.653476901668864 }, "geometry": { "type": "Polygon", "coordinates": [ [ [ -6.839921, 33.949799 ], [ -6.839875, 33.951601 ], [ -6.842038, 33.951639 ], [ -6.842084, 33.949837 ], [ -6.839921, 33.949799 ] ] ] } },
{ "type": "Feature", "properties": { "urban_density": 0.039227600022932504, "temperature_proxy": 27.254979400149061 }, "geometry": { "type": "Polygon", "coordinates": [ [ [ -6.839875, 33.951601 ], [ -6.83983, 33.953404 ], [ -6.841993, 33.953442 ], [ -6.842038, 33.951639 ], [ -6.839875, 33.951601 ] ] ] } },
{ "type": "Feature", "properties": { "urban_density": 0.059512215516560253, "temperature_proxy": 27.386829400857643 }, "geometry": { "type": "Polygon", "coordinates": [ [ [ -6.83983, 33.953404 ], [ -6.839784, 33.955206 ], [ -6.841947, 33.955244 ], [ -6.841993, 33.953442 ], [ -6.83983, 33.953404 ] ] ] } },
{ "type": "Feature", "properties": { "urban_density": 0.031355128919630569, "temperature_proxy": 27.203808337977598 }, "geometry": { "type": "Polygon", "coordinates": [ [ [ -6.839784, 33.955206 ], [ -6.839738, 33.957009 ], [ -6.841902, 33.957047 ], [ -6.841947, 33.955244 ], [ -6.839784, 33.955206 ] ] ] } },
{ "type": "Feature", "properties": { "urban_density": 0.11977704539358461, "temperature_proxy": 27.778550795058301 }, "geometry": { "type": "Polygon", "coordinates": [ [ [ -6.839738, 33.957009 ], [ -6.839693, 33.958811 ], [ -6.841856, 33.958849 ], [ -6.841902, 33.957047 ], [ -6.839738, 33.957009 ] ] ] } },
{ "type": "Feature", "properties": { "urban_density": 0.17848911658431948, "temperature_proxy": 28.160179257798077 }, "geometry": { "type": "Polygon", "coordinates": [ [ [ -6.839693, 33.958811 ], [ -6.839647, 33.960614 ], [ -6.84181, 33.960652 ], [ -6.841856, 33.958849 ], [ -6.839693, 33.958811 ] ] ] } },
{ "type": "Feature", "properties": { "urban_density": 0.20485994644657202, "temperature_proxy": 28.331589651902718 }, "geometry": { "type": "Polygon", "coordinates": [ [ [ -6.839647, 33.960614 ], [ -6.839602, 33.962416 ], [ -6.841765, 33.962454 ], [ -6.84181, 33.960652 ], [ -6.839647, 33.960614 ] ] ] } },
{ "type": "Feature", "properties": { "urban_density": 0.13137542547284542, "temperature_proxy": 27.853940265573495 }, "geometry": { "type": "Polygon", "coordinates": [ [ [ -6.839602, 33.962416 ], [ -6.839556, 33.964219 ], [ -6.841719, 33.964257 ], [ -6.841765, 33.962454 ], [ -6.839602, 33.962416 ] ] ] } },
{ "type": "Feature", "properties": { "urban_density": 0.17463487076910209, "temperature_proxy": 28.135126659999163 }, "geometry": { "type": "Polygon", "coordinates": [ [ [ -6.839556, 33.964219 ], [ -6.83951, 33.966021 ], [ -6.841674, 33.966059 ], [ -6.841719, 33.964257 ], [ -6.839556, 33.964219 ] ] ] } },
{ "type": "Feature", "properties": { "urban_density": 0.15568707223941017, "temperature_proxy": 28.011965969556165 }, "geometry": { "type": "Polygon", "coordinates": [ [ [ -6.83951, 33.966021 ], [ -6.839465, 33.967824 ], [ -6.841628, 33.967862 ], [ -6.841674, 33.966059 ], [ -6.83951, 33.966021 ] ] ] } },
{ "type": "Feature", "properties": { "urban_density": 0.16885983931273252, "temperature_proxy": 28.09758895553276 }, "geometry": { "type": "Polygon", "coordinates": [ [ [ -6.839465, 33.967824 ], [ -6.839419, 33.969626 ], [ -6.841583, 33.969664 ], [ -6.841628, 33.967862 ], [ -6.839465, 33.967824 ] ] ] } },
{ "type": "Feature", "properties": { "urban_density": 0.16219989765746665, "temperature_proxy": 28.054299334773532 }, "geometry": { "type": "Polygon", "coordinates": [ [ [ -6.839419, 33.969626 ], [ -6.839374, 33.971429 ], [ -6.841537, 33.971467 ], [ -6.841583, 33.969664 ], [ -6.839419, 33.969626 ] ] ] } },
{ "type": "Feature", "properties": { "urban_density": 0.17807357844481453, "temperature_proxy": 28.157478259891295 }, "geometry": { "type": "Polygon", "coordinates": [ [ [ -6.839374, 33.971429 ], [ -6.839328, 33.973231 ], [ -6.841492, 33.973269 ], [ -6.841537, 33.971467 ], [ -6.839374, 33.971429 ] ] ] } },
{ "type": "Feature", "properties": { "urban_density": 0.092045352259839938, "temperature_proxy": 27.598294789688961 }, "geometry": { "type": "Polygon", "coordinates": [ [ [ -6.839328, 33.973231 ], [ -6.839282, 33.975034 ], [ -6.841446, 33.975072 ], [ -6.841492, 33.973269 ], [ -6.839328, 33.973231 ] ] ] } },
{ "type": "Feature", "properties": { "urban_density": 0.10512947527919175, "temperature_proxy": 27.683341589314747 }, "geometry": { "type": "Polygon", "coordinates": [ [ [ -6.839282, 33.975034 ], [ -6.839237, 33.976836 ], [ -6.8414, 33.976874 ], [ -6.841446, 33.975072 ], [ -6.839282, 33.975034 ] ] ] } },
{ "type": "Feature", "properties": { "urban_density": 0.1258395669358327, "temperature_proxy": 27.817957185082914 }, "geometry": { "type": "Polygon", "coordinates": [ [ [ -6.839237, 33.976836 ], [ -6.839191, 33.978639 ], [ -6.841355, 33.978677 ], [ -6.8414, 33.976874 ], [ -6.839237, 33.976836 ] ] ] } },
{ "type": "Feature", "properties": { "urban_density": 0.15647016117155482, "temperature_proxy": 28.017056047615107 }, "geometry": { "type": "Polygon", "coordinates": [ [ [ -6.839191, 33.978639 ], [ -6.839146, 33.980441 ], [ -6.841309, 33.980479 ], [ -6.841355, 33.978677 ], [ -6.839191, 33.978639 ] ] ] } },
{ "type": "Feature", "properties": { "urban_density": 0.17006622756041617, "temperature_proxy": 28.105430479142704 }, "geometry": { "type": "Polygon", "coordinates": [ [ [ -6.839146, 33.980441 ], [ -6.8391, 33.982244 ], [ -6.841264, 33.982282 ], [ -6.841309, 33.980479 ], [ -6.839146, 33.980441 ] ] ] } },
{ "type": "Feature", "properties": { "urban_density": 0.12538773629990063, "temperature_proxy": 27.815020285949355 }, "geometry": { "type": "Polygon", "coordinates": [ [ [ -6.8391, 33.982244 ], [ -6.839054, 33.984046 ], [ -6.841218, 33.984084 ], [ -6.841264, 33.982282 ], [ -6.8391, 33.982244 ] ] ] } },
{ "type": "Feature", "properties": { "urban_density": 0.09036365740577168, "temperature_proxy": 27.587363773137515 }, "geometry": { "type": "Polygon", "coordinates": [ [ [ -6.839054, 33.984046 ], [ -6.839009, 33.985849 ], [ -6.841172, 33.985887 ], [ -6.841218, 33.984084 ], [ -6.839054, 33.984046 ] ] ] } },
{ "type": "Feature", "properties": { "urban_density": 0.024550399752066413, "temperature_proxy": 27.159577598388431 }, "geometry": { "type": "Polygon", "coordinates": [ [ [ -6.839009, 33.985849 ], [ -6.838963, 33.987651 ], [ -6.841127, 33.987689 ], [ -6.841172, 33.985887 ], [ -6.839009, 33.985849 ] ] ] } },
{ "type": "Feature", "properties": { "urban_density": 0.032643927395660501, "temperature_proxy": 27.212185528071792 }, "geometry": { "type": "Polygon", "coordinates": [ [ [ -6.838963, 33.987651 ], [ -6.838917, 33.989454 ], [ -6.841081, 33.989492 ], [ -6.841127, 33.987689 ], [ -6.838963, 33.987651 ] ] ] } },
{ "type": "Feature", "properties": { "urban_density": 0.073260449474124897, "temperature_proxy": 27.476192921581813 }, "geometry": { "type": "Polygon", "coordinates": [ [ [ -6.838826, 33.993059 ], [ -6.83878, 33.994861 ], [ -6.840944, 33.994899 ], [ -6.84099, 33.993097 ], [ -6.838826, 33.993059 ] ] ] } },
{ "type": "Feature", "properties": { "urban_density": 0.02140224092015041, "temperature_proxy": 27.139114565980979 }, "geometry": { "type": "Polygon", "coordinates": [ [ [ -6.83878, 33.994861 ], [ -6.838735, 33.996664 ], [ -6.840899, 33.996702 ], [ -6.840944, 33.994899 ], [ -6.83878, 33.994861 ] ] ] } },
{ "type": "Feature", "properties": { "urban_density": 0.034818090132609572, "temperature_proxy": 27.226317585861963 }, "geometry": { "type": "Polygon", "coordinates": [ [ [ -6.838689, 33.998466 ], [ -6.838643, 34.000269 ], [ -6.840808, 34.000307 ], [ -6.840853, 33.998504 ], [ -6.838689, 33.998466 ] ] ] } },
{ "type": "Feature", "properties": { "urban_density": 0.016724363572704876, "temperature_proxy": 27.108708363222583 }, "geometry": { "type": "Polygon", "coordinates": [ [ [ -6.838643, 34.000269 ], [ -6.838598, 34.002071 ], [ -6.840762, 34.002109 ], [ -6.840808, 34.000307 ], [ -6.838643, 34.000269 ] ] ] } },
{ "type": "Feature", "properties": { "urban_density": 0.14163554707666887, "temperature_proxy": 27.920631055998349 }, "geometry": { "type": "Polygon", "coordinates": [ [ [ -6.838552, 34.003874 ], [ -6.838506, 34.005676 ], [ -6.840671, 34.005714 ], [ -6.840716, 34.003912 ], [ -6.838552, 34.003874 ] ] ] } },
{ "type": "Feature", "properties": { "urban_density": 0.1208313224834083, "temperature_proxy": 27.785403596142153 }, "geometry": { "type": "Polygon", "coordinates": [ [ [ -6.838506, 34.005676 ], [ -6.838461, 34.007479 ], [ -6.840625, 34.007517 ], [ -6.840671, 34.005714 ], [ -6.838506, 34.005676 ] ] ] } },
{ "type": "Feature", "properties": { "urban_density": 0.062059671685386217, "temperature_proxy": 27.403387865955011 }, "geometry": { "type": "Polygon", "coordinates": [ [ [ -6.838461, 34.007479 ], [ -6.838415, 34.009281 ], [ -6.840579, 34.009319 ], [ -6.840625, 34.007517 ], [ -6.838461, 34.007479 ] ] ] } },
{ "type": "Feature", "properties": { "urban_density": 0.19063383335723441, "temperature_proxy": 28.239119916822023 }, "geometry": { "type": "Polygon", "coordinates": [ [ [ -6.838415, 34.009281 ], [ -6.838369, 34.011084 ], [ -6.840534, 34.011122 ], [ -6.840579, 34.009319 ], [ -6.838415, 34.009281 ] ] ] } },
{ "type": "Feature", "properties": { "urban_density": 0.072635226287679489, "temperature_proxy": 27.472128970869917 }, "geometry": { "type": "Polygon", "coordinates": [ [ [ -6.838369, 34.011084 ], [ -6.838324, 34.012886 ], [ -6.840488, 34.012924 ], [ -6.840534, 34.011122 ], [ -6.838369, 34.011084 ] ] ] } },
{ "type": "Feature", "properties": { "urban_density": 0.11344471667846298, "temperature_proxy": 27.737390658410011 }, "geometry": { "type": "Polygon", "coordinates": [ [ [ -6.838324, 34.012886 ], [ -6.838278, 34.014689 ], [ -6.840442, 34.014727 ], [ -6.840488, 34.012924 ], [ -6.838324, 34.012886 ] ] ] } },
{ "type": "Feature", "properties": { "urban_density": 0.24089007396198212, "temperature_proxy": 28.565785480752883 }, "geometry": { "type": "Polygon", "coordinates": [ [ [ -6.838278, 34.014689 ], [ -6.838232, 34.016491 ], [ -6.840397, 34.016529 ], [ -6.840442, 34.014727 ], [ -6.838278, 34.014689 ] ] ] } },
{ "type": "Feature", "properties": { "urban_density": 0.27899551752890245, "temperature_proxy": 28.813470863937866 }, "geometry": { "type": "Polygon", "coordinates": [ [ [ -6.838232, 34.016491 ], [ -6.838186, 34.018294 ], [ -6.840351, 34.018332 ], [ -6.840397, 34.016529 ], [ -6.838232, 34.016491 ] ] ] } },
{ "type": "Feature", "properties": { "urban_density": 0.27632998948943516, "temperature_proxy": 28.796144931681329 }, "geometry": { "type": "Polygon", "coordinates": [ [ [ -6.838186, 34.018294 ], [ -6.838141, 34.020096 ], [ -6.840305, 34.020134 ], [ -6.840351, 34.018332 ], [ -6.838186, 34.018294 ] ] ] } },
{ "type": "Feature", "properties": { "urban_density": 0.27339896729928326, "temperature_proxy": 28.777093287445339 }, "geometry": { "type": "Polygon", "coordinates": [ [ [ -6.838141, 34.020096 ], [ -6.838095, 34.021899 ], [ -6.84026, 34.021937 ], [ -6.840305, 34.020134 ], [ -6.838141, 34.020096 ] ] ] } },
{ "type": "Feature", "properties": { "urban_density": 0.53986290035925022, "temperature_proxy": 30.509108852335125 }, "geometry": { "type": "Polygon", "coordinates": [ [ [ -6.838095, 34.021899 ], [ -6.838049, 34.023701 ], [ -6.840214, 34.023739 ], [ -6.84026, 34.021937 ], [ -6.838095, 34.021899 ] ] ] } },
{ "type": "Feature", "properties": { "urban_density": 0.68403432563580313, "temperature_proxy": 31.446223116632719 }, "geometry": { "type": "Polygon", "coordinates": [ [ [ -6.838049, 34.023701 ], [ -6.838004, 34.025504 ], [ -6.840168, 34.025542 ], [ -6.840214, 34.023739 ], [ -6.838049, 34.023701 ] ] ] } },
{ "type": "Feature", "properties": { "urban_density": 0.61660951960406318, "temperature_proxy": 31.007961877426411 }, "geometry": { "type": "Polygon", "coordinates": [ [ [ -6.838004, 34.025504 ], [ -6.837958, 34.027306 ], [ -6.840123, 34.027344 ], [ -6.840168, 34.025542 ], [ -6.838004, 34.025504 ] ] ] } },
{ "type": "Feature", "properties": { "urban_density": 0.49433478317476404, "temperature_proxy": 30.213176090635965 }, "geometry": { "type": "Polygon", "coordinates": [ [ [ -6.837958, 34.027306 ], [ -6.837912, 34.029109 ], [ -6.840077, 34.029147 ], [ -6.840123, 34.027344 ], [ -6.837958, 34.027306 ] ] ] } },
{ "type": "Feature", "properties": { "urban_density": 0.091106015615603123, "temperature_proxy": 27.592189101501422 }, "geometry": { "type": "Polygon", "coordinates": [ [ [ -6.837912, 34.029109 ], [ -6.837866, 34.030911 ], [ -6.840031, 34.030949 ], [ -6.840077, 34.029147 ], [ -6.837912, 34.029109 ] ] ] } },
{ "type": "Feature", "properties": { "urban_density": 0.081861990765775203, "temperature_proxy": 27.532102939977538 }, "geometry": { "type": "Polygon", "coordinates": [ [ [ -6.837866, 34.030911 ], [ -6.837821, 34.032714 ], [ -6.839986, 34.032752 ], [ -6.840031, 34.030949 ], [ -6.837866, 34.030911 ] ] ] } },
{ "type": "Feature", "properties": { "urban_density": 0.15846663564533464, "temperature_proxy": 28.030033131694676 }, "geometry": { "type": "Polygon", "coordinates": [ [ [ -6.83794, 33.942551 ], [ -6.837895, 33.944353 ], [ -6.840057, 33.944391 ], [ -6.840103, 33.942589 ], [ -6.83794, 33.942551 ] ] ] } },
{ "type": "Feature", "properties": { "urban_density": 0.11845291708026359, "temperature_proxy": 27.769943961021713 }, "geometry": { "type": "Polygon", "coordinates": [ [ [ -6.837895, 33.944353 ], [ -6.837849, 33.946156 ], [ -6.840012, 33.946194 ], [ -6.840057, 33.944391 ], [ -6.837895, 33.944353 ] ] ] } },
{ "type": "Feature", "properties": { "urban_density": 0.029059780596533837, "temperature_proxy": 27.18888857387747 }, "geometry": { "type": "Polygon", "coordinates": [ [ [ -6.837758, 33.949761 ], [ -6.837712, 33.951563 ], [ -6.839875, 33.951601 ], [ -6.839921, 33.949799 ], [ -6.837758, 33.949761 ] ] ] } },
{ "type": "Feature", "properties": { "urban_density": 0.093671310722242995, "temperature_proxy": 27.60886351969458 }, "geometry": { "type": "Polygon", "coordinates": [ [ [ -6.837712, 33.951563 ], [ -6.837667, 33.953366 ], [ -6.83983, 33.953404 ], [ -6.839875, 33.951601 ], [ -6.837712, 33.951563 ] ] ] } },
{ "type": "Feature", "properties": { "urban_density": 0.14526183357906128, "temperature_proxy": 27.9442019182639 }, "geometry": { "type": "Polygon", "coordinates": [ [ [ -6.837667, 33.953366 ], [ -6.837621, 33.955168 ], [ -6.839784, 33.955206 ], [ -6.83983, 33.953404 ], [ -6.837667, 33.953366 ] ] ] } },
{ "type": "Feature", "properties": { "urban_density": 0.092412929648251874, "temperature_proxy": 27.600684042713638 }, "geometry": { "type": "Polygon", "coordinates": [ [ [ -6.837621, 33.955168 ], [ -6.837575, 33.956971 ], [ -6.839738, 33.957009 ], [ -6.839784, 33.955206 ], [ -6.837621, 33.955168 ] ] ] } },
{ "type": "Feature", "properties": { "urban_density": 0.16940215805939998, "temperature_proxy": 28.1011140273861 }, "geometry": { "type": "Polygon", "coordinates": [ [ [ -6.837575, 33.956971 ], [ -6.83753, 33.958773 ], [ -6.839693, 33.958811 ], [ -6.839738, 33.957009 ], [ -6.837575, 33.956971 ] ] ] } },
{ "type": "Feature", "properties": { "urban_density": 0.15975571438717695, "temperature_proxy": 28.038412143516652 }, "geometry": { "type": "Polygon", "coordinates": [ [ [ -6.83753, 33.958773 ], [ -6.837484, 33.960576 ], [ -6.839647, 33.960614 ], [ -6.839693, 33.958811 ], [ -6.83753, 33.958773 ] ] ] } },
{ "type": "Feature", "properties": { "urban_density": 0.16386880427608488, "temperature_proxy": 28.065147227794551 }, "geometry": { "type": "Polygon", "coordinates": [ [ [ -6.837484, 33.960576 ], [ -6.837438, 33.962378 ], [ -6.839602, 33.962416 ], [ -6.839647, 33.960614 ], [ -6.837484, 33.960576 ] ] ] } },
{ "type": "Feature", "properties": { "urban_density": 0.18569054958657713, "temperature_proxy": 28.206988572312753 }, "geometry": { "type": "Polygon", "coordinates": [ [ [ -6.837438, 33.962378 ], [ -6.837393, 33.964181 ], [ -6.839556, 33.964219 ], [ -6.839602, 33.962416 ], [ -6.837438, 33.962378 ] ] ] } },
{ "type": "Feature", "properties": { "urban_density": 0.12386855532940777, "temperature_proxy": 27.805145609641151 }, "geometry": { "type": "Polygon", "coordinates": [ [ [ -6.837393, 33.964181 ], [ -6.837347, 33.965983 ], [ -6.83951, 33.966021 ], [ -6.839556, 33.964219 ], [ -6.837393, 33.964181 ] ] ] } },
{ "type": "Feature", "properties": { "urban_density": 0.14990137534285339, "temperature_proxy": 27.974358939728546 }, "geometry": { "type": "Polygon", "coordinates": [ [ [ -6.837347, 33.965983 ], [ -6.837302, 33.967786 ], [ -6.839465, 33.967824 ], [ -6.83951, 33.966021 ], [ -6.837347, 33.965983 ] ] ] } },
{ "type": "Feature", "properties": { "urban_density": 0.15583400138685555, "temperature_proxy": 28.012921009014562 }, "geometry": { "type": "Polygon", "coordinates": [ [ [ -6.837302, 33.967786 ], [ -6.837256, 33.969588 ], [ -6.839419, 33.969626 ], [ -6.839465, 33.967824 ], [ -6.837302, 33.967786 ] ] ] } },
{ "type": "Feature", "properties": { "urban_density": 0.20267049398152837, "temperature_proxy": 28.317358210879934 }, "geometry": { "type": "Polygon", "coordinates": [ [ [ -6.837256, 33.969588 ], [ -6.83721, 33.971391 ], [ -6.839374, 33.971429 ], [ -6.839419, 33.969626 ], [ -6.837256, 33.969588 ] ] ] } },
{ "type": "Feature", "properties": { "urban_density": 0.17608110429174542, "temperature_proxy": 28.144527177896347 }, "geometry": { "type": "Polygon", "coordinates": [ [ [ -6.83721, 33.971391 ], [ -6.837165, 33.973193 ], [ -6.839328, 33.973231 ], [ -6.839374, 33.971429 ], [ -6.83721, 33.971391 ] ] ] } },
{ "type": "Feature", "properties": { "urban_density": 0.16993421341900333, "temperature_proxy": 28.10457238722352 }, "geometry": { "type": "Polygon", "coordinates": [ [ [ -6.837165, 33.973193 ], [ -6.837119, 33.974996 ], [ -6.839282, 33.975034 ], [ -6.839328, 33.973231 ], [ -6.837165, 33.973193 ] ] ] } },
{ "type": "Feature", "properties": { "urban_density": 0.13932110708695852, "temperature_proxy": 27.90558719606523 }, "geometry": { "type": "Polygon", "coordinates": [ [ [ -6.837119, 33.974996 ], [ -6.837073, 33.976798 ], [ -6.839237, 33.976836 ], [ -6.839282, 33.975034 ], [ -6.837119, 33.974996 ] ] ] } },
{ "type": "Feature", "properties": { "urban_density": 0.18108261137462961, "temperature_proxy": 28.177036973935092 }, "geometry": { "type": "Polygon", "coordinates": [ [ [ -6.837073, 33.976798 ], [ -6.837028, 33.978601 ], [ -6.839191, 33.978639 ], [ -6.839237, 33.976836 ], [ -6.837073, 33.976798 ] ] ] } },
{ "type": "Feature", "properties": { "urban_density": 0.19482420228896594, "temperature_proxy": 28.266357314878277 }, "geometry": { "type": "Polygon", "coordinates": [ [ [ -6.837028, 33.978601 ], [ -6.836982, 33.980403 ], [ -6.839146, 33.980441 ], [ -6.839191, 33.978639 ], [ -6.837028, 33.978601 ] ] ] } },
{ "type": "Feature", "properties": { "urban_density": 0.22007990876522726, "temperature_proxy": 28.430519406973978 }, "geometry": { "type": "Polygon", "coordinates": [ [ [ -6.836982, 33.980403 ], [ -6.836936, 33.982206 ], [ -6.8391, 33.982244 ], [ -6.839146, 33.980441 ], [ -6.836982, 33.980403 ] ] ] } },
{ "type": "Feature", "properties": { "urban_density": 0.18842521471166673, "temperature_proxy": 28.224763895625834 }, "geometry": { "type": "Polygon", "coordinates": [ [ [ -6.836936, 33.982206 ], [ -6.836891, 33.984008 ], [ -6.839054, 33.984046 ], [ -6.8391, 33.982244 ], [ -6.836936, 33.982206 ] ] ] } },
{ "type": "Feature", "properties": { "urban_density": 0.15959069855596145, "temperature_proxy": 28.03733954061375 }, "geometry": { "type": "Polygon", "coordinates": [ [ [ -6.836891, 33.984008 ], [ -6.836845, 33.985811 ], [ -6.839009, 33.985849 ], [ -6.839054, 33.984046 ], [ -6.836891, 33.984008 ] ] ] } },
{ "type": "Feature", "properties": { "urban_density": 0.19210694307391266, "temperature_proxy": 28.248695129980433 }, "geometry": { "type": "Polygon", "coordinates": [ [ [ -6.836845, 33.985811 ], [ -6.836799, 33.987613 ], [ -6.838963, 33.987651 ], [ -6.839009, 33.985849 ], [ -6.836845, 33.985811 ] ] ] } },
{ "type": "Feature", "properties": { "urban_density": 0.14079785852277812, "temperature_proxy": 27.915186080398058 }, "geometry": { "type": "Polygon", "coordinates": [ [ [ -6.836799, 33.987613 ], [ -6.836753, 33.989416 ], [ -6.838917, 33.989454 ], [ -6.838963, 33.987651 ], [ -6.836799, 33.987613 ] ] ] } },
{ "type": "Feature", "properties": { "urban_density": 0.23286072913513026, "temperature_proxy": 28.513594739378348 }, "geometry": { "type": "Polygon", "coordinates": [ [ [ -6.836753, 33.989416 ], [ -6.836708, 33.991218 ], [ -6.838872, 33.991256 ], [ -6.838917, 33.989454 ], [ -6.836753, 33.989416 ] ] ] } },
{ "type": "Feature", "properties": { "urban_density": 0.011284355945126175, "temperature_proxy": 27.073348313643319 }, "geometry": { "type": "Polygon", "coordinates": [ [ [ -6.836616, 33.994823 ], [ -6.836571, 33.996626 ], [ -6.838735, 33.996664 ], [ -6.83878, 33.994861 ], [ -6.836616, 33.994823 ] ] ] } },
{ "type": "Feature", "properties": { "urban_density": 0.040273303205287984, "temperature_proxy": 27.261776470834373 }, "geometry": { "type": "Polygon", "coordinates": [ [ [ -6.836571, 33.996626 ], [ -6.836525, 33.998428 ], [ -6.838689, 33.998466 ], [ -6.838735, 33.996664 ], [ -6.836571, 33.996626 ] ] ] } },
{ "type": "Feature", "properties": { "urban_density": 0.16985767133318527, "temperature_proxy": 28.104074863665705 }, "geometry": { "type": "Polygon", "coordinates": [ [ [ -6.836342, 34.005638 ], [ -6.836296, 34.007441 ], [ -6.838461, 34.007479 ], [ -6.838506, 34.005676 ], [ -6.836342, 34.005638 ] ] ] } },
{ "type": "Feature", "properties": { "urban_density": 0.46438572491569413, "temperature_proxy": 30.018507211952013 }, "geometry": { "type": "Polygon", "coordinates": [ [ [ -6.836296, 34.007441 ], [ -6.836251, 34.009243 ], [ -6.838415, 34.009281 ], [ -6.838461, 34.007479 ], [ -6.836296, 34.007441 ] ] ] } },
{ "type": "Feature", "properties": { "urban_density": 0.38831179928181503, "temperature_proxy": 29.524026695331798 }, "geometry": { "type": "Polygon", "coordinates": [ [ [ -6.836251, 34.009243 ], [ -6.836205, 34.011046 ], [ -6.838369, 34.011084 ], [ -6.838415, 34.009281 ], [ -6.836251, 34.009243 ] ] ] } },
{ "type": "Feature", "properties": { "urban_density": 0.32620656781065288, "temperature_proxy": 29.120342690769242 }, "geometry": { "type": "Polygon", "coordinates": [ [ [ -6.836205, 34.011046 ], [ -6.836159, 34.012848 ], [ -6.838324, 34.012886 ], [ -6.838369, 34.011084 ], [ -6.836205, 34.011046 ] ] ] } },
{ "type": "Feature", "properties": { "urban_density": 0.28569718326570348, "temperature_proxy": 28.857031691227071 }, "geometry": { "type": "Polygon", "coordinates": [ [ [ -6.836159, 34.012848 ], [ -6.836113, 34.014651 ], [ -6.838278, 34.014689 ], [ -6.838324, 34.012886 ], [ -6.836159, 34.012848 ] ] ] } },
{ "type": "Feature", "properties": { "urban_density": 0.58076166540609009, "temperature_proxy": 30.774950825139584 }, "geometry": { "type": "Polygon", "coordinates": [ [ [ -6.836113, 34.014651 ], [ -6.836068, 34.016453 ], [ -6.838232, 34.016491 ], [ -6.838278, 34.014689 ], [ -6.836113, 34.014651 ] ] ] } },
{ "type": "Feature", "properties": { "urban_density": 0.4702455376330964, "temperature_proxy": 30.056595994615126 }, "geometry": { "type": "Polygon", "coordinates": [ [ [ -6.836068, 34.016453 ], [ -6.836022, 34.018256 ], [ -6.838186, 34.018294 ], [ -6.838232, 34.016491 ], [ -6.836068, 34.016453 ] ] ] } },
{ "type": "Feature", "properties": { "urban_density": 0.32016488128907222, "temperature_proxy": 29.081071728378969 }, "geometry": { "type": "Polygon", "coordinates": [ [ [ -6.836022, 34.018256 ], [ -6.835976, 34.020058 ], [ -6.838141, 34.020096 ], [ -6.838186, 34.018294 ], [ -6.836022, 34.018256 ] ] ] } },
{ "type": "Feature", "properties": { "urban_density": 0.51129108985607874, "temperature_proxy": 30.323392084064512 }, "geometry": { "type": "Polygon", "coordinates": [ [ [ -6.835976, 34.020058 ], [ -6.83593, 34.021861 ], [ -6.838095, 34.021899 ], [ -6.838141, 34.020096 ], [ -6.835976, 34.020058 ] ] ] } },
{ "type": "Feature", "properties": { "urban_density": 0.42155307860144359, "temperature_proxy": 29.740095010909382 }, "geometry": { "type": "Polygon", "coordinates": [ [ [ -6.83593, 34.021861 ], [ -6.835885, 34.023663 ], [ -6.838049, 34.023701 ], [ -6.838095, 34.021899 ], [ -6.83593, 34.021861 ] ] ] } },
{ "type": "Feature", "properties": { "urban_density": 0.60374376318384948, "temperature_proxy": 30.924334460695022 }, "geometry": { "type": "Polygon", "coordinates": [ [ [ -6.835885, 34.023663 ], [ -6.835839, 34.025466 ], [ -6.838004, 34.025504 ], [ -6.838049, 34.023701 ], [ -6.835885, 34.023663 ] ] ] } },
{ "type": "Feature", "properties": { "urban_density": 0.51793875097670872, "temperature_proxy": 30.366601881348608 }, "geometry": { "type": "Polygon", "coordinates": [ [ [ -6.835839, 34.025466 ], [ -6.835793, 34.027268 ], [ -6.837958, 34.027306 ], [ -6.838004, 34.025504 ], [ -6.835839, 34.025466 ] ] ] } },
{ "type": "Feature", "properties": { "urban_density": 0.59090837015248654, "temperature_proxy": 30.840904405991161 }, "geometry": { "type": "Polygon", "coordinates": [ [ [ -6.835793, 34.027268 ], [ -6.835747, 34.029071 ], [ -6.837912, 34.029109 ], [ -6.837958, 34.027306 ], [ -6.835793, 34.027268 ] ] ] } },
{ "type": "Feature", "properties": { "urban_density": 0.29973641097814047, "temperature_proxy": 28.948286671357913 }, "geometry": { "type": "Polygon", "coordinates": [ [ [ -6.835747, 34.029071 ], [ -6.835701, 34.030873 ], [ -6.837866, 34.030911 ], [ -6.837912, 34.029109 ], [ -6.835747, 34.029071 ] ] ] } },
{ "type": "Feature", "properties": { "urban_density": 0.32367459220867328, "temperature_proxy": 29.103884849356376 }, "geometry": { "type": "Polygon", "coordinates": [ [ [ -6.835701, 34.030873 ], [ -6.835656, 34.032676 ], [ -6.837821, 34.032714 ], [ -6.837866, 34.030911 ], [ -6.835701, 34.030873 ] ] ] } },
{ "type": "Feature", "properties": { "urban_density": 0.047964980952951285, "temperature_proxy": 27.311772376194185 }, "geometry": { "type": "Polygon", "coordinates": [ [ [ -6.835656, 34.032676 ], [ -6.83561, 34.034478 ], [ -6.837775, 34.034516 ], [ -6.837821, 34.032714 ], [ -6.835656, 34.032676 ] ] ] } },
{ "type": "Feature", "properties": { "urban_density": 0.092484718391945928, "temperature_proxy": 27.60115066954765 }, "geometry": { "type": "Polygon", "coordinates": [ [ [ -6.835869, 33.938908 ], [ -6.835823, 33.94071 ], [ -6.837986, 33.940748 ], [ -6.838031, 33.938946 ], [ -6.835869, 33.938908 ] ] ] } },
{ "type": "Feature", "properties": { "urban_density": 0.022978117996042942, "temperature_proxy": 27.14935776697428 }, "geometry": { "type": "Polygon", "coordinates": [ [ [ -6.835823, 33.94071 ], [ -6.835777, 33.942513 ], [ -6.83794, 33.942551 ], [ -6.837986, 33.940748 ], [ -6.835823, 33.94071 ] ] ] } },
{ "type": "Feature", "properties": { "urban_density": 0.088172952519221859, "temperature_proxy": 27.573124191374941 }, "geometry": { "type": "Polygon", "coordinates": [ [ [ -6.835777, 33.942513 ], [ -6.835732, 33.944315 ], [ -6.837895, 33.944353 ], [ -6.83794, 33.942551 ], [ -6.835777, 33.942513 ] ] ] } },
{ "type": "Feature", "properties": { "urban_density": 0.13208256853294725, "temperature_proxy": 27.858536695464156 }, "geometry": { "type": "Polygon", "coordinates": [ [ [ -6.835732, 33.944315 ], [ -6.835686, 33.946118 ], [ -6.837849, 33.946156 ], [ -6.837895, 33.944353 ], [ -6.835732, 33.944315 ] ] ] } },
{ "type": "Feature", "properties": { "urban_density": 0.094084109646994887, "temperature_proxy": 27.611546712705469 }, "geometry": { "type": "Polygon", "coordinates": [ [ [ -6.835686, 33.946118 ], [ -6.835641, 33.94792 ], [ -6.837803, 33.947958 ], [ -6.837849, 33.946156 ], [ -6.835686, 33.946118 ] ] ] } },
{ "type": "Feature", "properties": { "urban_density": 0.086919228434354082, "temperature_proxy": 27.564974984823301 }, "geometry": { "type": "Polygon", "coordinates": [ [ [ -6.835641, 33.94792 ], [ -6.835595, 33.949723 ], [ -6.837758, 33.949761 ], [ -6.837803, 33.947958 ], [ -6.835641, 33.94792 ] ] ] } },
{ "type": "Feature", "properties": { "urban_density": 0.28163718753934197, "temperature_proxy": 28.830641719005722 }, "geometry": { "type": "Polygon", "coordinates": [ [ [ -6.835595, 33.949723 ], [ -6.835549, 33.951525 ], [ -6.837712, 33.951563 ], [ -6.837758, 33.949761 ], [ -6.835595, 33.949723 ] ] ] } },
{ "type": "Feature", "properties": { "urban_density": 0.25178121524846231, "temperature_proxy": 28.636577899115004 }, "geometry": { "type": "Polygon", "coordinates": [ [ [ -6.835549, 33.951525 ], [ -6.835504, 33.953328 ], [ -6.837667, 33.953366 ], [ -6.837712, 33.951563 ], [ -6.835549, 33.951525 ] ] ] } },
{ "type": "Feature", "properties": { "urban_density": 0.20164297247877544, "temperature_proxy": 28.31067932111204 }, "geometry": { "type": "Polygon", "coordinates": [ [ [ -6.835504, 33.953328 ], [ -6.835458, 33.95513 ], [ -6.837621, 33.955168 ], [ -6.837667, 33.953366 ], [ -6.835504, 33.953328 ] ] ] } },
{ "type": "Feature", "properties": { "urban_density": 0.078570794571759264, "temperature_proxy": 27.510710164716436 }, "geometry": { "type": "Polygon", "coordinates": [ [ [ -6.835458, 33.95513 ], [ -6.835412, 33.956933 ], [ -6.837575, 33.956971 ], [ -6.837621, 33.955168 ], [ -6.835458, 33.95513 ] ] ] } },
{ "type": "Feature", "properties": { "urban_density": 0.16281390111762259, "temperature_proxy": 28.058290357264546 }, "geometry": { "type": "Polygon", "coordinates": [ [ [ -6.835412, 33.956933 ], [ -6.835367, 33.958735 ], [ -6.83753, 33.958773 ], [ -6.837575, 33.956971 ], [ -6.835412, 33.956933 ] ] ] } },
{ "type": "Feature", "properties": { "urban_density": 0.12534739407925216, "temperature_proxy": 27.814758061515139 }, "geometry": { "type": "Polygon", "coordinates": [ [ [ -6.835367, 33.958735 ], [ -6.835321, 33.960538 ], [ -6.837484, 33.960576 ], [ -6.83753, 33.958773 ], [ -6.835367, 33.958735 ] ] ] } },
{ "type": "Feature", "properties": { "urban_density": 0.12299931390347445, "temperature_proxy": 27.799495540372583 }, "geometry": { "type": "Polygon", "coordinates": [ [ [ -6.835321, 33.960538 ], [ -6.835275, 33.96234 ], [ -6.837438, 33.962378 ], [ -6.837484, 33.960576 ], [ -6.835321, 33.960538 ] ] ] } },
{ "type": "Feature", "properties": { "urban_density": 0.16406860854271688, "temperature_proxy": 28.066445955527659 }, "geometry": { "type": "Polygon", "coordinates": [ [ [ -6.835275, 33.96234 ], [ -6.83523, 33.964143 ], [ -6.837393, 33.964181 ], [ -6.837438, 33.962378 ], [ -6.835275, 33.96234 ] ] ] } },
{ "type": "Feature", "properties": { "urban_density": 0.1612094168077183, "temperature_proxy": 28.047861209250168 }, "geometry": { "type": "Polygon", "coordinates": [ [ [ -6.83523, 33.964143 ], [ -6.835184, 33.965945 ], [ -6.837347, 33.965983 ], [ -6.837393, 33.964181 ], [ -6.83523, 33.964143 ] ] ] } },
{ "type": "Feature", "properties": { "urban_density": 0.17923917531492808, "temperature_proxy": 28.165054639547034 }, "geometry": { "type": "Polygon", "coordinates": [ [ [ -6.835184, 33.965945 ], [ -6.835138, 33.967748 ], [ -6.837302, 33.967786 ], [ -6.837347, 33.965983 ], [ -6.835184, 33.965945 ] ] ] } },
{ "type": "Feature", "properties": { "urban_density": 0.18430474996977295, "temperature_proxy": 28.197980874803523 }, "geometry": { "type": "Polygon", "coordinates": [ [ [ -6.835138, 33.967748 ], [ -6.835092, 33.96955 ], [ -6.837256, 33.969588 ], [ -6.837302, 33.967786 ], [ -6.835138, 33.967748 ] ] ] } },
{ "type": "Feature", "properties": { "urban_density": 0.15602340023147496, "temperature_proxy": 28.014152101504585 }, "geometry": { "type": "Polygon", "coordinates": [ [ [ -6.835092, 33.96955 ], [ -6.835047, 33.971353 ], [ -6.83721, 33.971391 ], [ -6.837256, 33.969588 ], [ -6.835092, 33.96955 ] ] ] } },
{ "type": "Feature", "properties": { "urban_density": 0.16112277782518439, "temperature_proxy": 28.047298055863699 }, "geometry": { "type": "Polygon", "coordinates": [ [ [ -6.835047, 33.971353 ], [ -6.835001, 33.973155 ], [ -6.837165, 33.973193 ], [ -6.83721, 33.971391 ], [ -6.835047, 33.971353 ] ] ] } },
{ "type": "Feature", "properties": { "urban_density": 0.20216093723028011, "temperature_proxy": 28.314046091996822 }, "geometry": { "type": "Polygon", "coordinates": [ [ [ -6.835001, 33.973155 ], [ -6.834955, 33.974958 ], [ -6.837119, 33.974996 ], [ -6.837165, 33.973193 ], [ -6.835001, 33.973155 ] ] ] } },
{ "type": "Feature", "properties": { "urban_density": 0.18168437187454026, "temperature_proxy": 28.18094841718451 }, "geometry": { "type": "Polygon", "coordinates": [ [ [ -6.834955, 33.974958 ], [ -6.83491, 33.97676 ], [ -6.837073, 33.976798 ], [ -6.837119, 33.974996 ], [ -6.834955, 33.974958 ] ] ] } },
{ "type": "Feature", "properties": { "urban_density": 0.16428862422439489, "temperature_proxy": 28.067876057458566 }, "geometry": { "type": "Polygon", "coordinates": [ [ [ -6.83491, 33.97676 ], [ -6.834864, 33.978563 ], [ -6.837028, 33.978601 ], [ -6.837073, 33.976798 ], [ -6.83491, 33.97676 ] ] ] } },
{ "type": "Feature", "properties": { "urban_density": 0.18909859175892541, "temperature_proxy": 28.229140846433015 }, "geometry": { "type": "Polygon", "coordinates": [ [ [ -6.834864, 33.978563 ], [ -6.834818, 33.980365 ], [ -6.836982, 33.980403 ], [ -6.837028, 33.978601 ], [ -6.834864, 33.978563 ] ] ] } },
{ "type": "Feature", "properties": { "urban_density": 0.22602843268682882, "temperature_proxy": 28.469184812464388 }, "geometry": { "type": "Polygon", "coordinates": [ [ [ -6.834818, 33.980365 ], [ -6.834772, 33.982168 ], [ -6.836936, 33.982206 ], [ -6.836982, 33.980403 ], [ -6.834818, 33.980365 ] ] ] } },
{ "type": "Feature", "properties": { "urban_density": 0.20323637945699291, "temperature_proxy": 28.321036466470453 }, "geometry": { "type": "Polygon", "coordinates": [ [ [ -6.834772, 33.982168 ], [ -6.834727, 33.98397 ], [ -6.836891, 33.984008 ], [ -6.836936, 33.982206 ], [ -6.834772, 33.982168 ] ] ] } },
{ "type": "Feature", "properties": { "urban_density": 0.16315479816514372, "temperature_proxy": 28.060506188073433 }, "geometry": { "type": "Polygon", "coordinates": [ [ [ -6.834727, 33.98397 ], [ -6.834681, 33.985773 ], [ -6.836845, 33.985811 ], [ -6.836891, 33.984008 ], [ -6.834727, 33.98397 ] ] ] } },
{ "type": "Feature", "properties": { "urban_density": 0.19741216625676275, "temperature_proxy": 28.283179080668958 }, "geometry": { "type": "Polygon", "coordinates": [ [ [ -6.834681, 33.985773 ], [ -6.834635, 33.987575 ], [ -6.836799, 33.987613 ], [ -6.836845, 33.985811 ], [ -6.834681, 33.985773 ] ] ] } },
{ "type": "Feature", "properties": { "urban_density": 0.20254002098744189, "temperature_proxy": 28.316510136418373 }, "geometry": { "type": "Polygon", "coordinates": [ [ [ -6.834635, 33.987575 ], [ -6.83459, 33.989378 ], [ -6.836753, 33.989416 ], [ -6.836799, 33.987613 ], [ -6.834635, 33.987575 ] ] ] } },
{ "type": "Feature", "properties": { "urban_density": 0.20383208119440901, "temperature_proxy": 28.324908527763657 }, "geometry": { "type": "Polygon", "coordinates": [ [ [ -6.83459, 33.989378 ], [ -6.834544, 33.99118 ], [ -6.836708, 33.991218 ], [ -6.836753, 33.989416 ], [ -6.83459, 33.989378 ] ] ] } },
{ "type": "Feature", "properties": { "urban_density": 0.037272529704753234, "temperature_proxy": 27.242271443080895 }, "geometry": { "type": "Polygon", "coordinates": [ [ [ -6.834361, 33.99839 ], [ -6.834315, 34.000193 ], [ -6.836479, 34.000231 ], [ -6.836525, 33.998428 ], [ -6.834361, 33.99839 ] ] ] } },
{ "type": "Feature", "properties": { "urban_density": 0.2185732862297948, "temperature_proxy": 28.420726360493667 }, "geometry": { "type": "Polygon", "coordinates": [ [ [ -6.834315, 34.000193 ], [ -6.834269, 34.001995 ], [ -6.836433, 34.002033 ], [ -6.836479, 34.000231 ], [ -6.834315, 34.000193 ] ] ] } },
{ "type": "Feature", "properties": { "urban_density": 0.24336728328381788, "temperature_proxy": 28.581887341344817 }, "geometry": { "type": "Polygon", "coordinates": [ [ [ -6.834269, 34.001995 ], [ -6.834223, 34.003798 ], [ -6.836388, 34.003836 ], [ -6.836433, 34.002033 ], [ -6.834269, 34.001995 ] ] ] } },
{ "type": "Feature", "properties": { "urban_density": 0.30052711538466809, "temperature_proxy": 28.953426250000341 }, "geometry": { "type": "Polygon", "coordinates": [ [ [ -6.834223, 34.003798 ], [ -6.834178, 34.0056 ], [ -6.836342, 34.005638 ], [ -6.836388, 34.003836 ], [ -6.834223, 34.003798 ] ] ] } },
{ "type": "Feature", "properties": { "urban_density": 0.15461977819832751, "temperature_proxy": 28.00502855828913 }, "geometry": { "type": "Polygon", "coordinates": [ [ [ -6.834178, 34.0056 ], [ -6.834132, 34.007403 ], [ -6.836296, 34.007441 ], [ -6.836342, 34.005638 ], [ -6.834178, 34.0056 ] ] ] } },
{ "type": "Feature", "properties": { "urban_density": 0.18396552264123001, "temperature_proxy": 28.195775897167994 }, "geometry": { "type": "Polygon", "coordinates": [ [ [ -6.834132, 34.007403 ], [ -6.834086, 34.009205 ], [ -6.836251, 34.009243 ], [ -6.836296, 34.007441 ], [ -6.834132, 34.007403 ] ] ] } },
{ "type": "Feature", "properties": { "urban_density": 0.074182573349233644, "temperature_proxy": 27.482186726770017 }, "geometry": { "type": "Polygon", "coordinates": [ [ [ -6.834086, 34.009205 ], [ -6.83404, 34.011008 ], [ -6.836205, 34.011046 ], [ -6.836251, 34.009243 ], [ -6.834086, 34.009205 ] ] ] } },
{ "type": "Feature", "properties": { "urban_density": 0.19264781219316895, "temperature_proxy": 28.252210779255599 }, "geometry": { "type": "Polygon", "coordinates": [ [ [ -6.83404, 34.011008 ], [ -6.833995, 34.01281 ], [ -6.836159, 34.012848 ], [ -6.836205, 34.011046 ], [ -6.83404, 34.011008 ] ] ] } },
{ "type": "Feature", "properties": { "urban_density": 0.22725480359742231, "temperature_proxy": 28.477156223383243 }, "geometry": { "type": "Polygon", "coordinates": [ [ [ -6.833995, 34.01281 ], [ -6.833949, 34.014613 ], [ -6.836113, 34.014651 ], [ -6.836159, 34.012848 ], [ -6.833995, 34.01281 ] ] ] } },
{ "type": "Feature", "properties": { "urban_density": 0.35211910946606845, "temperature_proxy": 29.288774211529443 }, "geometry": { "type": "Polygon", "coordinates": [ [ [ -6.833949, 34.014613 ], [ -6.833903, 34.016415 ], [ -6.836068, 34.016453 ], [ -6.836113, 34.014651 ], [ -6.833949, 34.014613 ] ] ] } },
{ "type": "Feature", "properties": { "urban_density": 0.29019911923887154, "temperature_proxy": 28.886294275052666 }, "geometry": { "type": "Polygon", "coordinates": [ [ [ -6.833903, 34.016415 ], [ -6.833857, 34.018218 ], [ -6.836022, 34.018256 ], [ -6.836068, 34.016453 ], [ -6.833903, 34.016415 ] ] ] } },
{ "type": "Feature", "properties": { "urban_density": 0.47565946056755537, "temperature_proxy": 30.09178649368911 }, "geometry": { "type": "Polygon", "coordinates": [ [ [ -6.833857, 34.018218 ], [ -6.833811, 34.02002 ], [ -6.835976, 34.020058 ], [ -6.836022, 34.018256 ], [ -6.833857, 34.018218 ] ] ] } },
{ "type": "Feature", "properties": { "urban_density": 0.27180211710211716, "temperature_proxy": 28.766713761163761 }, "geometry": { "type": "Polygon", "coordinates": [ [ [ -6.833811, 34.02002 ], [ -6.833766, 34.021823 ], [ -6.83593, 34.021861 ], [ -6.835976, 34.020058 ], [ -6.833811, 34.02002 ] ] ] } },
{ "type": "Feature", "properties": { "urban_density": 0.026110561911578178, "temperature_proxy": 27.169718652425257 }, "geometry": { "type": "Polygon", "coordinates": [ [ [ -6.833766, 34.021823 ], [ -6.83372, 34.023625 ], [ -6.835885, 34.023663 ], [ -6.83593, 34.021861 ], [ -6.833766, 34.021823 ] ] ] } },
{ "type": "Feature", "properties": { "urban_density": 0.51550225415780426, "temperature_proxy": 30.350764652025727 }, "geometry": { "type": "Polygon", "coordinates": [ [ [ -6.83372, 34.023625 ], [ -6.833674, 34.025428 ], [ -6.835839, 34.025466 ], [ -6.835885, 34.023663 ], [ -6.83372, 34.023625 ] ] ] } },
{ "type": "Feature", "properties": { "urban_density": 0.40733263650515489, "temperature_proxy": 29.647662137283508 }, "geometry": { "type": "Polygon", "coordinates": [ [ [ -6.833674, 34.025428 ], [ -6.833628, 34.02723 ], [ -6.835793, 34.027268 ], [ -6.835839, 34.025466 ], [ -6.833674, 34.025428 ] ] ] } },
{ "type": "Feature", "properties": { "urban_density": 0.47412733749744129, "temperature_proxy": 30.081827693733366 }, "geometry": { "type": "Polygon", "coordinates": [ [ [ -6.833628, 34.02723 ], [ -6.833582, 34.029033 ], [ -6.835747, 34.029071 ], [ -6.835793, 34.027268 ], [ -6.833628, 34.02723 ] ] ] } },
{ "type": "Feature", "properties": { "urban_density": 0.13534004235902819, "temperature_proxy": 27.879710275333682 }, "geometry": { "type": "Polygon", "coordinates": [ [ [ -6.833582, 34.029033 ], [ -6.833536, 34.030835 ], [ -6.835701, 34.030873 ], [ -6.835747, 34.029071 ], [ -6.833582, 34.029033 ] ] ] } },
{ "type": "Feature", "properties": { "urban_density": 0.22009433362565406, "temperature_proxy": 28.430613168566751 }, "geometry": { "type": "Polygon", "coordinates": [ [ [ -6.833536, 34.030835 ], [ -6.833491, 34.032638 ], [ -6.835656, 34.032676 ], [ -6.835701, 34.030873 ], [ -6.833536, 34.030835 ] ] ] } },
{ "type": "Feature", "properties": { "urban_density": 0.032285439520703646, "temperature_proxy": 27.209855356884574 }, "geometry": { "type": "Polygon", "coordinates": [ [ [ -6.833491, 34.032638 ], [ -6.833445, 34.03444 ], [ -6.83561, 34.034478 ], [ -6.835656, 34.032676 ], [ -6.833491, 34.032638 ] ] ] } },
{ "type": "Feature", "properties": { "urban_density": 0.055725817354549213, "temperature_proxy": 27.36221781280457 }, "geometry": { "type": "Polygon", "coordinates": [ [ [ -6.833615, 33.942475 ], [ -6.833569, 33.944277 ], [ -6.835732, 33.944315 ], [ -6.835777, 33.942513 ], [ -6.833615, 33.942475 ] ] ] } },
{ "type": "Feature", "properties": { "urban_density": 0.15649699503622017, "temperature_proxy": 28.01723046773543 }, "geometry": { "type": "Polygon", "coordinates": [ [ [ -6.833569, 33.944277 ], [ -6.833523, 33.94608 ], [ -6.835686, 33.946118 ], [ -6.835732, 33.944315 ], [ -6.833569, 33.944277 ] ] ] } },
{ "type": "Feature", "properties": { "urban_density": 0.097219112717880071, "temperature_proxy": 27.631924232666222 }, "geometry": { "type": "Polygon", "coordinates": [ [ [ -6.833523, 33.94608 ], [ -6.833478, 33.947882 ], [ -6.835641, 33.94792 ], [ -6.835686, 33.946118 ], [ -6.833523, 33.94608 ] ] ] } },
{ "type": "Feature", "properties": { "urban_density": 0.030894918287873201, "temperature_proxy": 27.200816968871177 }, "geometry": { "type": "Polygon", "coordinates": [ [ [ -6.833478, 33.947882 ], [ -6.833432, 33.949685 ], [ -6.835595, 33.949723 ], [ -6.835641, 33.94792 ], [ -6.833478, 33.947882 ] ] ] } },
{ "type": "Feature", "properties": { "urban_density": 0.2723944609932219, "temperature_proxy": 28.770563996455941 }, "geometry": { "type": "Polygon", "coordinates": [ [ [ -6.833432, 33.949685 ], [ -6.833386, 33.951487 ], [ -6.835549, 33.951525 ], [ -6.835595, 33.949723 ], [ -6.833432, 33.949685 ] ] ] } },
{ "type": "Feature", "properties": { "urban_density": 0.098819600740397986, "temperature_proxy": 27.642327404812587 }, "geometry": { "type": "Polygon", "coordinates": [ [ [ -6.833386, 33.951487 ], [ -6.833341, 33.95329 ], [ -6.835504, 33.953328 ], [ -6.835549, 33.951525 ], [ -6.833386, 33.951487 ] ] ] } },
{ "type": "Feature", "properties": { "urban_density": 0.14813416116529377, "temperature_proxy": 27.962872047574411 }, "geometry": { "type": "Polygon", "coordinates": [ [ [ -6.833341, 33.95329 ], [ -6.833295, 33.955092 ], [ -6.835458, 33.95513 ], [ -6.835504, 33.953328 ], [ -6.833341, 33.95329 ] ] ] } },
{ "type": "Feature", "properties": { "urban_density": 0.088637102862204956, "temperature_proxy": 27.576141168604334 }, "geometry": { "type": "Polygon", "coordinates": [ [ [ -6.833295, 33.955092 ], [ -6.833249, 33.956895 ], [ -6.835412, 33.956933 ], [ -6.835458, 33.95513 ], [ -6.833295, 33.955092 ] ] ] } },
{ "type": "Feature", "properties": { "urban_density": 0.10428034744587651, "temperature_proxy": 27.677822258398198 }, "geometry": { "type": "Polygon", "coordinates": [ [ [ -6.833249, 33.956895 ], [ -6.833203, 33.958697 ], [ -6.835367, 33.958735 ], [ -6.835412, 33.956933 ], [ -6.833249, 33.956895 ] ] ] } },
{ "type": "Feature", "properties": { "urban_density": 0.15291134019400973, "temperature_proxy": 27.993923711261065 }, "geometry": { "type": "Polygon", "coordinates": [ [ [ -6.833203, 33.958697 ], [ -6.833158, 33.9605 ], [ -6.835321, 33.960538 ], [ -6.835367, 33.958735 ], [ -6.833203, 33.958697 ] ] ] } },
{ "type": "Feature", "properties": { "urban_density": 0.090238663673963895, "temperature_proxy": 27.586551313880765 }, "geometry": { "type": "Polygon", "coordinates": [ [ [ -6.833158, 33.9605 ], [ -6.833112, 33.962302 ], [ -6.835275, 33.96234 ], [ -6.835321, 33.960538 ], [ -6.833158, 33.9605 ] ] ] } },
{ "type": "Feature", "properties": { "urban_density": 0.11327146944393614, "temperature_proxy": 27.736264551385585 }, "geometry": { "type": "Polygon", "coordinates": [ [ [ -6.833112, 33.962302 ], [ -6.833066, 33.964105 ], [ -6.83523, 33.964143 ], [ -6.835275, 33.96234 ], [ -6.833112, 33.962302 ] ] ] } },
{ "type": "Feature", "properties": { "urban_density": 0.17570867750441821, "temperature_proxy": 28.142106403778719 }, "geometry": { "type": "Polygon", "coordinates": [ [ [ -6.833066, 33.964105 ], [ -6.833021, 33.965907 ], [ -6.835184, 33.965945 ], [ -6.83523, 33.964143 ], [ -6.833066, 33.964105 ] ] ] } },
{ "type": "Feature", "properties": { "urban_density": 0.14921267586208961, "temperature_proxy": 27.969882393103582 }, "geometry": { "type": "Polygon", "coordinates": [ [ [ -6.833021, 33.965907 ], [ -6.832975, 33.96771 ], [ -6.835138, 33.967748 ], [ -6.835184, 33.965945 ], [ -6.833021, 33.965907 ] ] ] } },
{ "type": "Feature", "properties": { "urban_density": 0.13293582787276215, "temperature_proxy": 27.864082881172955 }, "geometry": { "type": "Polygon", "coordinates": [ [ [ -6.832975, 33.96771 ], [ -6.832929, 33.969512 ], [ -6.835092, 33.96955 ], [ -6.835138, 33.967748 ], [ -6.832975, 33.96771 ] ] ] } },
{ "type": "Feature", "properties": { "urban_density": 0.13711789822958351, "temperature_proxy": 27.891266338492294 }, "geometry": { "type": "Polygon", "coordinates": [ [ [ -6.832929, 33.969512 ], [ -6.832883, 33.971315 ], [ -6.835047, 33.971353 ], [ -6.835092, 33.96955 ], [ -6.832929, 33.969512 ] ] ] } },
{ "type": "Feature", "properties": { "urban_density": 0.13614397039287765, "temperature_proxy": 27.884935807553706 }, "geometry": { "type": "Polygon", "coordinates": [ [ [ -6.832883, 33.971315 ], [ -6.832838, 33.973117 ], [ -6.835001, 33.973155 ], [ -6.835047, 33.971353 ], [ -6.832883, 33.971315 ] ] ] } },
{ "type": "Feature", "properties": { "urban_density": 0.171159424768107, "temperature_proxy": 28.112536260992695 }, "geometry": { "type": "Polygon", "coordinates": [ [ [ -6.832838, 33.973117 ], [ -6.832792, 33.97492 ], [ -6.834955, 33.974958 ], [ -6.835001, 33.973155 ], [ -6.832838, 33.973117 ] ] ] } },
{ "type": "Feature", "properties": { "urban_density": 0.166193617815487, "temperature_proxy": 28.080258515800665 }, "geometry": { "type": "Polygon", "coordinates": [ [ [ -6.832792, 33.97492 ], [ -6.832746, 33.976722 ], [ -6.83491, 33.97676 ], [ -6.834955, 33.974958 ], [ -6.832792, 33.97492 ] ] ] } },
{ "type": "Feature", "properties": { "urban_density": 0.16205667975477855, "temperature_proxy": 28.053368418406059 }, "geometry": { "type": "Polygon", "coordinates": [ [ [ -6.832746, 33.976722 ], [ -6.8327, 33.978525 ], [ -6.834864, 33.978563 ], [ -6.83491, 33.97676 ], [ -6.832746, 33.976722 ] ] ] } },
{ "type": "Feature", "properties": { "urban_density": 0.20978565520013404, "temperature_proxy": 28.36360675880087 }, "geometry": { "type": "Polygon", "coordinates": [ [ [ -6.8327, 33.978525 ], [ -6.832655, 33.980327 ], [ -6.834818, 33.980365 ], [ -6.834864, 33.978563 ], [ -6.8327, 33.978525 ] ] ] } },
{ "type": "Feature", "properties": { "urban_density": 0.14681438871162522, "temperature_proxy": 27.954293526625563 }, "geometry": { "type": "Polygon", "coordinates": [ [ [ -6.832655, 33.980327 ], [ -6.832609, 33.98213 ], [ -6.834772, 33.982168 ], [ -6.834818, 33.980365 ], [ -6.832655, 33.980327 ] ] ] } },
{ "type": "Feature", "properties": { "urban_density": 0.12319403214542082, "temperature_proxy": 27.800761208945236 }, "geometry": { "type": "Polygon", "coordinates": [ [ [ -6.832609, 33.98213 ], [ -6.832563, 33.983932 ], [ -6.834727, 33.98397 ], [ -6.834772, 33.982168 ], [ -6.832609, 33.98213 ] ] ] } },
{ "type": "Feature", "properties": { "urban_density": 0.15538037296512219, "temperature_proxy": 28.009972424273293 }, "geometry": { "type": "Polygon", "coordinates": [ [ [ -6.832563, 33.983932 ], [ -6.832517, 33.985735 ], [ -6.834681, 33.985773 ], [ -6.834727, 33.98397 ], [ -6.832563, 33.983932 ] ] ] } },
{ "type": "Feature", "properties": { "urban_density": 0.2020287116279269, "temperature_proxy": 28.313186625581526 }, "geometry": { "type": "Polygon", "coordinates": [ [ [ -6.832517, 33.985735 ], [ -6.832471, 33.987537 ], [ -6.834635, 33.987575 ], [ -6.834681, 33.985773 ], [ -6.832517, 33.985735 ] ] ] } },
{ "type": "Feature", "properties": { "urban_density": 0.18038292368719888, "temperature_proxy": 28.172489003966792 }, "geometry": { "type": "Polygon", "coordinates": [ [ [ -6.832471, 33.987537 ], [ -6.832426, 33.98934 ], [ -6.83459, 33.989378 ], [ -6.834635, 33.987575 ], [ -6.832471, 33.987537 ] ] ] } },
{ "type": "Feature", "properties": { "urban_density": 0.14404074135560363, "temperature_proxy": 27.936264818811424 }, "geometry": { "type": "Polygon", "coordinates": [ [ [ -6.832426, 33.98934 ], [ -6.83238, 33.991142 ], [ -6.834544, 33.99118 ], [ -6.83459, 33.989378 ], [ -6.832426, 33.98934 ] ] ] } },
{ "type": "Feature", "properties": { "urban_density": 0.1048184022287536, "temperature_proxy": 27.681319614486899 }, "geometry": { "type": "Polygon", "coordinates": [ [ [ -6.83238, 33.991142 ], [ -6.832334, 33.992945 ], [ -6.834498, 33.992983 ], [ -6.834544, 33.99118 ], [ -6.83238, 33.991142 ] ] ] } },
{ "type": "Feature", "properties": { "urban_density": 0.040656647248134753, "temperature_proxy": 27.264268207112877 }, "geometry": { "type": "Polygon", "coordinates": [ [ [ -6.832334, 33.992945 ], [ -6.832288, 33.994747 ], [ -6.834452, 33.994785 ], [ -6.834498, 33.992983 ], [ -6.832334, 33.992945 ] ] ] } },
{ "type": "Feature", "properties": { "urban_density": 0.12140389137092118, "temperature_proxy": 27.789125293910988 }, "geometry": { "type": "Polygon", "coordinates": [ [ [ -6.832151, 34.000155 ], [ -6.832105, 34.001957 ], [ -6.834269, 34.001995 ], [ -6.834315, 34.000193 ], [ -6.832151, 34.000155 ] ] ] } },
{ "type": "Feature", "properties": { "urban_density": 0.12512300997287726, "temperature_proxy": 27.813299564823701 }, "geometry": { "type": "Polygon", "coordinates": [ [ [ -6.832105, 34.001957 ], [ -6.832059, 34.00376 ], [ -6.834223, 34.003798 ], [ -6.834269, 34.001995 ], [ -6.832105, 34.001957 ] ] ] } },
{ "type": "Feature", "properties": { "urban_density": 0.037840387605247772, "temperature_proxy": 27.245962519434112 }, "geometry": { "type": "Polygon", "coordinates": [ [ [ -6.832059, 34.00376 ], [ -6.832013, 34.005562 ], [ -6.834178, 34.0056 ], [ -6.834223, 34.003798 ], [ -6.832059, 34.00376 ] ] ] } },
{ "type": "Feature", "properties": { "urban_density": 0.090418297017784019, "temperature_proxy": 27.587718930615598 }, "geometry": { "type": "Polygon", "coordinates": [ [ [ -6.831968, 34.007365 ], [ -6.831922, 34.009167 ], [ -6.834086, 34.009205 ], [ -6.834132, 34.007403 ], [ -6.831968, 34.007365 ] ] ] } },
{ "type": "Feature", "properties": { "urban_density": 0.21380443475475566, "temperature_proxy": 28.389728825905912 }, "geometry": { "type": "Polygon", "coordinates": [ [ [ -6.831922, 34.009167 ], [ -6.831876, 34.01097 ], [ -6.83404, 34.011008 ], [ -6.834086, 34.009205 ], [ -6.831922, 34.009167 ] ] ] } },
{ "type": "Feature", "properties": { "urban_density": 0.15718125124775653, "temperature_proxy": 28.021678133110417 }, "geometry": { "type": "Polygon", "coordinates": [ [ [ -6.831876, 34.01097 ], [ -6.83183, 34.012772 ], [ -6.833995, 34.01281 ], [ -6.83404, 34.011008 ], [ -6.831876, 34.01097 ] ] ] } },
{ "type": "Feature", "properties": { "urban_density": 0.23717062003353939, "temperature_proxy": 28.541609030218005 }, "geometry": { "type": "Polygon", "coordinates": [ [ [ -6.83183, 34.012772 ], [ -6.831784, 34.014575 ], [ -6.833949, 34.014613 ], [ -6.833995, 34.01281 ], [ -6.83183, 34.012772 ] ] ] } },
{ "type": "Feature", "properties": { "urban_density": 0.36417997450851419, "temperature_proxy": 29.367169834305344 }, "geometry": { "type": "Polygon", "coordinates": [ [ [ -6.831784, 34.014575 ], [ -6.831738, 34.016377 ], [ -6.833903, 34.016415 ], [ -6.833949, 34.014613 ], [ -6.831784, 34.014575 ] ] ] } },
{ "type": "Feature", "properties": { "urban_density": 0.43208065242200583, "temperature_proxy": 29.808524240743036 }, "geometry": { "type": "Polygon", "coordinates": [ [ [ -6.831738, 34.016377 ], [ -6.831693, 34.018179 ], [ -6.833857, 34.018218 ], [ -6.833903, 34.016415 ], [ -6.831738, 34.016377 ] ] ] } },
{ "type": "Feature", "properties": { "urban_density": 0.20099658115541102, "temperature_proxy": 28.306477777510171 }, "geometry": { "type": "Polygon", "coordinates": [ [ [ -6.831693, 34.018179 ], [ -6.831647, 34.019982 ], [ -6.833811, 34.02002 ], [ -6.833857, 34.018218 ], [ -6.831693, 34.018179 ] ] ] } },
{ "type": "Feature", "properties": { "urban_density": 0.25298458867007206, "temperature_proxy": 28.644399826355468 }, "geometry": { "type": "Polygon", "coordinates": [ [ [ -6.831647, 34.019982 ], [ -6.831601, 34.021784 ], [ -6.833766, 34.021823 ], [ -6.833811, 34.02002 ], [ -6.831647, 34.019982 ] ] ] } },
{ "type": "Feature", "properties": { "urban_density": 0.084905128299055985, "temperature_proxy": 27.551883333943863 }, "geometry": { "type": "Polygon", "coordinates": [ [ [ -6.831601, 34.021784 ], [ -6.831555, 34.023587 ], [ -6.83372, 34.023625 ], [ -6.833766, 34.021823 ], [ -6.831601, 34.021784 ] ] ] } },
{ "type": "Feature", "properties": { "urban_density": 0.20148498382608612, "temperature_proxy": 28.309652394869559 }, "geometry": { "type": "Polygon", "coordinates": [ [ [ -6.831555, 34.023587 ], [ -6.831509, 34.025389 ], [ -6.833674, 34.025428 ], [ -6.83372, 34.023625 ], [ -6.831555, 34.023587 ] ] ] } },
{ "type": "Feature", "properties": { "urban_density": 0.44886083999882576, "temperature_proxy": 29.917595459992366 }, "geometry": { "type": "Polygon", "coordinates": [ [ [ -6.831509, 34.025389 ], [ -6.831463, 34.027192 ], [ -6.833628, 34.02723 ], [ -6.833674, 34.025428 ], [ -6.831509, 34.025389 ] ] ] } },
{ "type": "Feature", "properties": { "urban_density": 0.097786544502955444, "temperature_proxy": 27.635612539269211 }, "geometry": { "type": "Polygon", "coordinates": [ [ [ -6.831463, 34.027192 ], [ -6.831417, 34.028994 ], [ -6.833582, 34.029033 ], [ -6.833628, 34.02723 ], [ -6.831463, 34.027192 ] ] ] } },
{ "type": "Feature", "properties": { "urban_density": 0.035022037274264325, "temperature_proxy": 27.227643242282717 }, "geometry": { "type": "Polygon", "coordinates": [ [ [ -6.831188, 34.038007 ], [ -6.831142, 34.039809 ], [ -6.833307, 34.039847 ], [ -6.833353, 34.038045 ], [ -6.831188, 34.038007 ] ] ] } },
{ "type": "Feature", "properties": { "urban_density": 0.073821553865363918, "temperature_proxy": 27.479840100124864 }, "geometry": { "type": "Polygon", "coordinates": [ [ [ -6.831452, 33.942437 ], [ -6.831406, 33.944239 ], [ -6.833569, 33.944277 ], [ -6.833615, 33.942475 ], [ -6.831452, 33.942437 ] ] ] } },
{ "type": "Feature", "properties": { "urban_density": 0.15250321522276761, "temperature_proxy": 27.991270898947988 }, "geometry": { "type": "Polygon", "coordinates": [ [ [ -6.831406, 33.944239 ], [ -6.831361, 33.946042 ], [ -6.833523, 33.94608 ], [ -6.833569, 33.944277 ], [ -6.831406, 33.944239 ] ] ] } },
{ "type": "Feature", "properties": { "urban_density": 0.036993917174782384, "temperature_proxy": 27.240460461636086 }, "geometry": { "type": "Polygon", "coordinates": [ [ [ -6.831361, 33.946042 ], [ -6.831315, 33.947844 ], [ -6.833478, 33.947882 ], [ -6.833523, 33.94608 ], [ -6.831361, 33.946042 ] ] ] } },
{ "type": "Feature", "properties": { "urban_density": 0.17012219200277734, "temperature_proxy": 28.105794248018054 }, "geometry": { "type": "Polygon", "coordinates": [ [ [ -6.831315, 33.947844 ], [ -6.831269, 33.949647 ], [ -6.833432, 33.949685 ], [ -6.833478, 33.947882 ], [ -6.831315, 33.947844 ] ] ] } },
{ "type": "Feature", "properties": { "urban_density": 0.25788758059807232, "temperature_proxy": 28.67626927388747 }, "geometry": { "type": "Polygon", "coordinates": [ [ [ -6.831269, 33.949647 ], [ -6.831223, 33.951449 ], [ -6.833386, 33.951487 ], [ -6.833432, 33.949685 ], [ -6.831269, 33.949647 ] ] ] } },
{ "type": "Feature", "properties": { "urban_density": 0.19146917596657331, "temperature_proxy": 28.244549643782726 }, "geometry": { "type": "Polygon", "coordinates": [ [ [ -6.831223, 33.951449 ], [ -6.831178, 33.953252 ], [ -6.833341, 33.95329 ], [ -6.833386, 33.951487 ], [ -6.831223, 33.951449 ] ] ] } },
{ "type": "Feature", "properties": { "urban_density": 0.21910201869372417, "temperature_proxy": 28.424163121509206 }, "geometry": { "type": "Polygon", "coordinates": [ [ [ -6.831178, 33.953252 ], [ -6.831132, 33.955054 ], [ -6.833295, 33.955092 ], [ -6.833341, 33.95329 ], [ -6.831178, 33.953252 ] ] ] } },
{ "type": "Feature", "properties": { "urban_density": 0.28616709825448777, "temperature_proxy": 28.860086138654172 }, "geometry": { "type": "Polygon", "coordinates": [ [ [ -6.831132, 33.955054 ], [ -6.831086, 33.956857 ], [ -6.833249, 33.956895 ], [ -6.833295, 33.955092 ], [ -6.831132, 33.955054 ] ] ] } },
{ "type": "Feature", "properties": { "urban_density": 0.11219369716277236, "temperature_proxy": 27.729259031558019 }, "geometry": { "type": "Polygon", "coordinates": [ [ [ -6.831086, 33.956857 ], [ -6.83104, 33.958659 ], [ -6.833203, 33.958697 ], [ -6.833249, 33.956895 ], [ -6.831086, 33.956857 ] ] ] } },
{ "type": "Feature", "properties": { "urban_density": 0.10025593681678514, "temperature_proxy": 27.651663589309102 }, "geometry": { "type": "Polygon", "coordinates": [ [ [ -6.83104, 33.958659 ], [ -6.830995, 33.960462 ], [ -6.833158, 33.9605 ], [ -6.833203, 33.958697 ], [ -6.83104, 33.958659 ] ] ] } },
{ "type": "Feature", "properties": { "urban_density": 0.15872385412086587, "temperature_proxy": 28.031705051785629 }, "geometry": { "type": "Polygon", "coordinates": [ [ [ -6.830995, 33.960462 ], [ -6.830949, 33.962264 ], [ -6.833112, 33.962302 ], [ -6.833158, 33.9605 ], [ -6.830995, 33.960462 ] ] ] } },
{ "type": "Feature", "properties": { "urban_density": 0.12675197791095638, "temperature_proxy": 27.823887856421216 }, "geometry": { "type": "Polygon", "coordinates": [ [ [ -6.830949, 33.962264 ], [ -6.830903, 33.964067 ], [ -6.833066, 33.964105 ], [ -6.833112, 33.962302 ], [ -6.830949, 33.962264 ] ] ] } },
{ "type": "Feature", "properties": { "urban_density": 0.089115093184021457, "temperature_proxy": 27.579248105696138 }, "geometry": { "type": "Polygon", "coordinates": [ [ [ -6.830903, 33.964067 ], [ -6.830857, 33.965869 ], [ -6.833021, 33.965907 ], [ -6.833066, 33.964105 ], [ -6.830903, 33.964067 ] ] ] } },
{ "type": "Feature", "properties": { "urban_density": 0.11207681810918002, "temperature_proxy": 27.728499317709669 }, "geometry": { "type": "Polygon", "coordinates": [ [ [ -6.830857, 33.965869 ], [ -6.830811, 33.967672 ], [ -6.832975, 33.96771 ], [ -6.833021, 33.965907 ], [ -6.830857, 33.965869 ] ] ] } },
{ "type": "Feature", "properties": { "urban_density": 0.20158895991964129, "temperature_proxy": 28.31032823947767 }, "geometry": { "type": "Polygon", "coordinates": [ [ [ -6.830811, 33.967672 ], [ -6.830766, 33.969474 ], [ -6.832929, 33.969512 ], [ -6.832975, 33.96771 ], [ -6.830811, 33.967672 ] ] ] } },
{ "type": "Feature", "properties": { "urban_density": 0.10313749428595442, "temperature_proxy": 27.670393712858704 }, "geometry": { "type": "Polygon", "coordinates": [ [ [ -6.830766, 33.969474 ], [ -6.83072, 33.971277 ], [ -6.832883, 33.971315 ], [ -6.832929, 33.969512 ], [ -6.830766, 33.969474 ] ] ] } },
{ "type": "Feature", "properties": { "urban_density": 0.18555985437210432, "temperature_proxy": 28.206139053418678 }, "geometry": { "type": "Polygon", "coordinates": [ [ [ -6.83072, 33.971277 ], [ -6.830674, 33.973079 ], [ -6.832838, 33.973117 ], [ -6.832883, 33.971315 ], [ -6.83072, 33.971277 ] ] ] } },
{ "type": "Feature", "properties": { "urban_density": 0.11792518549415923, "temperature_proxy": 27.766513705712036 }, "geometry": { "type": "Polygon", "coordinates": [ [ [ -6.830674, 33.973079 ], [ -6.830628, 33.974882 ], [ -6.832792, 33.97492 ], [ -6.832838, 33.973117 ], [ -6.830674, 33.973079 ] ] ] } },
{ "type": "Feature", "properties": { "urban_density": 0.20504502684676645, "temperature_proxy": 28.332792674503981 }, "geometry": { "type": "Polygon", "coordinates": [ [ [ -6.830628, 33.974882 ], [ -6.830582, 33.976684 ], [ -6.832746, 33.976722 ], [ -6.832792, 33.97492 ], [ -6.830628, 33.974882 ] ] ] } },
{ "type": "Feature", "properties": { "urban_density": 0.12547830233296672, "temperature_proxy": 27.815608965164284 }, "geometry": { "type": "Polygon", "coordinates": [ [ [ -6.830582, 33.976684 ], [ -6.830537, 33.978487 ], [ -6.8327, 33.978525 ], [ -6.832746, 33.976722 ], [ -6.830582, 33.976684 ] ] ] } },
{ "type": "Feature", "properties": { "urban_density": 0.10926010214183857, "temperature_proxy": 27.710190663921949 }, "geometry": { "type": "Polygon", "coordinates": [ [ [ -6.830537, 33.978487 ], [ -6.830491, 33.980289 ], [ -6.832655, 33.980327 ], [ -6.8327, 33.978525 ], [ -6.830537, 33.978487 ] ] ] } },
{ "type": "Feature", "properties": { "urban_density": 0.18801498077066045, "temperature_proxy": 28.222097375009294 }, "geometry": { "type": "Polygon", "coordinates": [ [ [ -6.830491, 33.980289 ], [ -6.830445, 33.982092 ], [ -6.832609, 33.98213 ], [ -6.832655, 33.980327 ], [ -6.830491, 33.980289 ] ] ] } },
{ "type": "Feature", "properties": { "urban_density": 0.17296607229948535, "temperature_proxy": 28.124279469946654 }, "geometry": { "type": "Polygon", "coordinates": [ [ [ -6.830445, 33.982092 ], [ -6.830399, 33.983894 ], [ -6.832563, 33.983932 ], [ -6.832609, 33.98213 ], [ -6.830445, 33.982092 ] ] ] } },
{ "type": "Feature", "properties": { "urban_density": 0.20091333727718277, "temperature_proxy": 28.305936692301689 }, "geometry": { "type": "Polygon", "coordinates": [ [ [ -6.830399, 33.983894 ], [ -6.830353, 33.985697 ], [ -6.832517, 33.985735 ], [ -6.832563, 33.983932 ], [ -6.830399, 33.983894 ] ] ] } },
{ "type": "Feature", "properties": { "urban_density": 0.22316480019550455, "temperature_proxy": 28.45057120127078 }, "geometry": { "type": "Polygon", "coordinates": [ [ [ -6.830353, 33.985697 ], [ -6.830308, 33.987499 ], [ -6.832471, 33.987537 ], [ -6.832517, 33.985735 ], [ -6.830353, 33.985697 ] ] ] } },
{ "type": "Feature", "properties": { "urban_density": 0.13258200936008183, "temperature_proxy": 27.861783060840533 }, "geometry": { "type": "Polygon", "coordinates": [ [ [ -6.830308, 33.987499 ], [ -6.830262, 33.989302 ], [ -6.832426, 33.98934 ], [ -6.832471, 33.987537 ], [ -6.830308, 33.987499 ] ] ] } },
{ "type": "Feature", "properties": { "urban_density": 0.17234500062763558, "temperature_proxy": 28.120242504079631 }, "geometry": { "type": "Polygon", "coordinates": [ [ [ -6.830262, 33.989302 ], [ -6.830216, 33.991104 ], [ -6.83238, 33.991142 ], [ -6.832426, 33.98934 ], [ -6.830262, 33.989302 ] ] ] } },
{ "type": "Feature", "properties": { "urban_density": 0.19057669772181671, "temperature_proxy": 28.23874853519181 }, "geometry": { "type": "Polygon", "coordinates": [ [ [ -6.830216, 33.991104 ], [ -6.83017, 33.992907 ], [ -6.832334, 33.992945 ], [ -6.83238, 33.991142 ], [ -6.830216, 33.991104 ] ] ] } },
{ "type": "Feature", "properties": { "urban_density": 0.06022744389986693, "temperature_proxy": 27.391478385349135 }, "geometry": { "type": "Polygon", "coordinates": [ [ [ -6.83017, 33.992907 ], [ -6.830124, 33.994709 ], [ -6.832288, 33.994747 ], [ -6.832334, 33.992945 ], [ -6.83017, 33.992907 ] ] ] } },
{ "type": "Feature", "properties": { "urban_density": 0.03155900888777801, "temperature_proxy": 27.205133557770559 }, "geometry": { "type": "Polygon", "coordinates": [ [ [ -6.830124, 33.994709 ], [ -6.830078, 33.996511 ], [ -6.832242, 33.99655 ], [ -6.832288, 33.994747 ], [ -6.830124, 33.994709 ] ] ] } },
{ "type": "Feature", "properties": { "urban_density": 0.015869992239166568, "temperature_proxy": 27.103154949554582 }, "geometry": { "type": "Polygon", "coordinates": [ [ [ -6.830033, 33.998314 ], [ -6.829987, 34.000116 ], [ -6.832151, 34.000155 ], [ -6.832197, 33.998352 ], [ -6.830033, 33.998314 ] ] ] } },
{ "type": "Feature", "properties": { "urban_density": 0.11598155906371126, "temperature_proxy": 27.753880133914123 }, "geometry": { "type": "Polygon", "coordinates": [ [ [ -6.829941, 34.001919 ], [ -6.829895, 34.003721 ], [ -6.832059, 34.00376 ], [ -6.832105, 34.001957 ], [ -6.829941, 34.001919 ] ] ] } },
{ "type": "Feature", "properties": { "urban_density": 0.19517014704417271, "temperature_proxy": 28.268605955787123 }, "geometry": { "type": "Polygon", "coordinates": [ [ [ -6.829895, 34.003721 ], [ -6.829849, 34.005524 ], [ -6.832013, 34.005562 ], [ -6.832059, 34.00376 ], [ -6.829895, 34.003721 ] ] ] } },
{ "type": "Feature", "properties": { "urban_density": 0.083237574097353287, "temperature_proxy": 27.541044231632796 }, "geometry": { "type": "Polygon", "coordinates": [ [ [ -6.829849, 34.005524 ], [ -6.829803, 34.007326 ], [ -6.831968, 34.007365 ], [ -6.832013, 34.005562 ], [ -6.829849, 34.005524 ] ] ] } },
{ "type": "Feature", "properties": { "urban_density": 0.19446302858342118, "temperature_proxy": 28.264009685792239 }, "geometry": { "type": "Polygon", "coordinates": [ [ [ -6.829803, 34.007326 ], [ -6.829757, 34.009129 ], [ -6.831922, 34.009167 ], [ -6.831968, 34.007365 ], [ -6.829803, 34.007326 ] ] ] } },
{ "type": "Feature", "properties": { "urban_density": 0.29344925125877164, "temperature_proxy": 28.907420133182015 }, "geometry": { "type": "Polygon", "coordinates": [ [ [ -6.829757, 34.009129 ], [ -6.829711, 34.010931 ], [ -6.831876, 34.01097 ], [ -6.831922, 34.009167 ], [ -6.829757, 34.009129 ] ] ] } },
{ "type": "Feature", "properties": { "urban_density": 0.21415471500436106, "temperature_proxy": 28.392005647528347 }, "geometry": { "type": "Polygon", "coordinates": [ [ [ -6.829711, 34.010931 ], [ -6.829666, 34.012734 ], [ -6.83183, 34.012772 ], [ -6.831876, 34.01097 ], [ -6.829711, 34.010931 ] ] ] } },
{ "type": "Feature", "properties": { "urban_density": 0.40795200520777081, "temperature_proxy": 29.651688033850512 }, "geometry": { "type": "Polygon", "coordinates": [ [ [ -6.829666, 34.012734 ], [ -6.82962, 34.014536 ], [ -6.831784, 34.014575 ], [ -6.83183, 34.012772 ], [ -6.829666, 34.012734 ] ] ] } },
{ "type": "Feature", "properties": { "urban_density": 0.5125869591034885, "temperature_proxy": 30.331815234172677 }, "geometry": { "type": "Polygon", "coordinates": [ [ [ -6.82962, 34.014536 ], [ -6.829574, 34.016339 ], [ -6.831738, 34.016377 ], [ -6.831784, 34.014575 ], [ -6.82962, 34.014536 ] ] ] } },
{ "type": "Feature", "properties": { "urban_density": 0.34894110831982972, "temperature_proxy": 29.268117204078894 }, "geometry": { "type": "Polygon", "coordinates": [ [ [ -6.829574, 34.016339 ], [ -6.829528, 34.018141 ], [ -6.831693, 34.018179 ], [ -6.831738, 34.016377 ], [ -6.829574, 34.016339 ] ] ] } },
{ "type": "Feature", "properties": { "urban_density": 0.43728649826816729, "temperature_proxy": 29.842362238743089 }, "geometry": { "type": "Polygon", "coordinates": [ [ [ -6.829528, 34.018141 ], [ -6.829482, 34.019944 ], [ -6.831647, 34.019982 ], [ -6.831693, 34.018179 ], [ -6.829528, 34.018141 ] ] ] } },
{ "type": "Feature", "properties": { "urban_density": 0.51447833953203459, "temperature_proxy": 30.344109206958226 }, "geometry": { "type": "Polygon", "coordinates": [ [ [ -6.829482, 34.019944 ], [ -6.829436, 34.021746 ], [ -6.831601, 34.021784 ], [ -6.831647, 34.019982 ], [ -6.829482, 34.019944 ] ] ] } },
{ "type": "Feature", "properties": { "urban_density": 0.52239412427854603, "temperature_proxy": 30.395561807810548 }, "geometry": { "type": "Polygon", "coordinates": [ [ [ -6.829436, 34.021746 ], [ -6.82939, 34.023549 ], [ -6.831555, 34.023587 ], [ -6.831601, 34.021784 ], [ -6.829436, 34.021746 ] ] ] } },
{ "type": "Feature", "properties": { "urban_density": 0.37261450402504931, "temperature_proxy": 29.42199427616282 }, "geometry": { "type": "Polygon", "coordinates": [ [ [ -6.82939, 34.023549 ], [ -6.829344, 34.025351 ], [ -6.831509, 34.025389 ], [ -6.831555, 34.023587 ], [ -6.82939, 34.023549 ] ] ] } },
{ "type": "Feature", "properties": { "urban_density": 0.23654194217022606, "temperature_proxy": 28.537522624106469 }, "geometry": { "type": "Polygon", "coordinates": [ [ [ -6.829344, 34.025351 ], [ -6.829298, 34.027154 ], [ -6.831463, 34.027192 ], [ -6.831509, 34.025389 ], [ -6.829344, 34.025351 ] ] ] } },
{ "type": "Feature", "properties": { "urban_density": 0.019553292186602299, "temperature_proxy": 27.127096399212913 }, "geometry": { "type": "Polygon", "coordinates": [ [ [ -6.829298, 34.027154 ], [ -6.829252, 34.028956 ], [ -6.831417, 34.028994 ], [ -6.831463, 34.027192 ], [ -6.829298, 34.027154 ] ] ] } },
{ "type": "Feature", "properties": { "urban_density": 0.087336361501242424, "temperature_proxy": 27.567686349758077 }, "geometry": { "type": "Polygon", "coordinates": [ [ [ -6.829207, 34.030759 ], [ -6.829161, 34.032561 ], [ -6.831326, 34.032599 ], [ -6.831371, 34.030797 ], [ -6.829207, 34.030759 ] ] ] } },
{ "type": "Feature", "properties": { "urban_density": 0.091609066519977467, "temperature_proxy": 27.595458932379852 }, "geometry": { "type": "Polygon", "coordinates": [ [ [ -6.829161, 34.032561 ], [ -6.829115, 34.034364 ], [ -6.83128, 34.034402 ], [ -6.831326, 34.032599 ], [ -6.829161, 34.032561 ] ] ] } },
{ "type": "Feature", "properties": { "urban_density": 0.013382440634594192, "temperature_proxy": 27.086985864124863 }, "geometry": { "type": "Polygon", "coordinates": [ [ [ -6.829115, 34.034364 ], [ -6.829069, 34.036166 ], [ -6.831234, 34.036204 ], [ -6.83128, 34.034402 ], [ -6.829115, 34.034364 ] ] ] } },
{ "type": "Feature", "properties": { "urban_density": 0.012692594319746947, "temperature_proxy": 27.082501863078356 }, "geometry": { "type": "Polygon", "coordinates": [ [ [ -6.829069, 34.036166 ], [ -6.829023, 34.037969 ], [ -6.831188, 34.038007 ], [ -6.831234, 34.036204 ], [ -6.829069, 34.036166 ] ] ] } },
{ "type": "Feature", "properties": { "urban_density": 0.033208081864348836, "temperature_proxy": 27.215852532118266 }, "geometry": { "type": "Polygon", "coordinates": [ [ [ -6.829023, 34.037969 ], [ -6.828977, 34.039771 ], [ -6.831142, 34.039809 ], [ -6.831188, 34.038007 ], [ -6.829023, 34.037969 ] ] ] } },
{ "type": "Feature", "properties": { "urban_density": 0.11177377301564922, "temperature_proxy": 27.72652952460172 }, "geometry": { "type": "Polygon", "coordinates": [ [ [ -6.829335, 33.940596 ], [ -6.829289, 33.942398 ], [ -6.831452, 33.942437 ], [ -6.831498, 33.940634 ], [ -6.829335, 33.940596 ] ] ] } },
{ "type": "Feature", "properties": { "urban_density": 0.11777658949989975, "temperature_proxy": 27.765547831749348 }, "geometry": { "type": "Polygon", "coordinates": [ [ [ -6.829289, 33.942398 ], [ -6.829244, 33.944201 ], [ -6.831406, 33.944239 ], [ -6.831452, 33.942437 ], [ -6.829289, 33.942398 ] ] ] } },
{ "type": "Feature", "properties": { "urban_density": 0.16464859290408984, "temperature_proxy": 28.070215853876583 }, "geometry": { "type": "Polygon", "coordinates": [ [ [ -6.829244, 33.944201 ], [ -6.829198, 33.946003 ], [ -6.831361, 33.946042 ], [ -6.831406, 33.944239 ], [ -6.829244, 33.944201 ] ] ] } },
{ "type": "Feature", "properties": { "urban_density": 0.16451359053718359, "temperature_proxy": 28.069338338491693 }, "geometry": { "type": "Polygon", "coordinates": [ [ [ -6.829198, 33.946003 ], [ -6.829152, 33.947806 ], [ -6.831315, 33.947844 ], [ -6.831361, 33.946042 ], [ -6.829198, 33.946003 ] ] ] } },
{ "type": "Feature", "properties": { "urban_density": 0.15646390264945903, "temperature_proxy": 28.017015367221482 }, "geometry": { "type": "Polygon", "coordinates": [ [ [ -6.829152, 33.947806 ], [ -6.829106, 33.949608 ], [ -6.831269, 33.949647 ], [ -6.831315, 33.947844 ], [ -6.829152, 33.947806 ] ] ] } },
{ "type": "Feature", "properties": { "urban_density": 0.23699066523406304, "temperature_proxy": 28.54043932402141 }, "geometry": { "type": "Polygon", "coordinates": [ [ [ -6.829106, 33.949608 ], [ -6.82906, 33.951411 ], [ -6.831223, 33.951449 ], [ -6.831269, 33.949647 ], [ -6.829106, 33.949608 ] ] ] } },
{ "type": "Feature", "properties": { "urban_density": 0.17338389091487846, "temperature_proxy": 28.126995290946709 }, "geometry": { "type": "Polygon", "coordinates": [ [ [ -6.82906, 33.951411 ], [ -6.829015, 33.953213 ], [ -6.831178, 33.953252 ], [ -6.831223, 33.951449 ], [ -6.82906, 33.951411 ] ] ] } },
{ "type": "Feature", "properties": { "urban_density": 0.19527921091031877, "temperature_proxy": 28.269314870917071 }, "geometry": { "type": "Polygon", "coordinates": [ [ [ -6.829015, 33.953213 ], [ -6.828969, 33.955016 ], [ -6.831132, 33.955054 ], [ -6.831178, 33.953252 ], [ -6.829015, 33.953213 ] ] ] } },
{ "type": "Feature", "properties": { "urban_density": 0.16699542699587497, "temperature_proxy": 28.085470275473188 }, "geometry": { "type": "Polygon", "coordinates": [ [ [ -6.828969, 33.955016 ], [ -6.828923, 33.956818 ], [ -6.831086, 33.956857 ], [ -6.831132, 33.955054 ], [ -6.828969, 33.955016 ] ] ] } },
{ "type": "Feature", "properties": { "urban_density": 0.11538746160434996, "temperature_proxy": 27.750018500428276 }, "geometry": { "type": "Polygon", "coordinates": [ [ [ -6.828923, 33.956818 ], [ -6.828877, 33.958621 ], [ -6.83104, 33.958659 ], [ -6.831086, 33.956857 ], [ -6.828923, 33.956818 ] ] ] } },
{ "type": "Feature", "properties": { "urban_density": 0.14343588624955539, "temperature_proxy": 27.932333260622109 }, "geometry": { "type": "Polygon", "coordinates": [ [ [ -6.828877, 33.958621 ], [ -6.828831, 33.960423 ], [ -6.830995, 33.960462 ], [ -6.83104, 33.958659 ], [ -6.828877, 33.958621 ] ] ] } },
{ "type": "Feature", "properties": { "urban_density": 0.15329320330677057, "temperature_proxy": 27.996405821494008 }, "geometry": { "type": "Polygon", "coordinates": [ [ [ -6.828831, 33.960423 ], [ -6.828786, 33.962226 ], [ -6.830949, 33.962264 ], [ -6.830995, 33.960462 ], [ -6.828831, 33.960423 ] ] ] } },
{ "type": "Feature", "properties": { "urban_density": 0.13978795436656827, "temperature_proxy": 27.908621703382693 }, "geometry": { "type": "Polygon", "coordinates": [ [ [ -6.828786, 33.962226 ], [ -6.82874, 33.964028 ], [ -6.830903, 33.964067 ], [ -6.830949, 33.962264 ], [ -6.828786, 33.962226 ] ] ] } },
{ "type": "Feature", "properties": { "urban_density": 0.040083690627936625, "temperature_proxy": 27.260543989081587 }, "geometry": { "type": "Polygon", "coordinates": [ [ [ -6.82874, 33.964028 ], [ -6.828694, 33.965831 ], [ -6.830857, 33.965869 ], [ -6.830903, 33.964067 ], [ -6.82874, 33.964028 ] ] ] } },
{ "type": "Feature", "properties": { "urban_density": 0.19068963435845659, "temperature_proxy": 28.23948262332997 }, "geometry": { "type": "Polygon", "coordinates": [ [ [ -6.828694, 33.965831 ], [ -6.828648, 33.967633 ], [ -6.830811, 33.967672 ], [ -6.830857, 33.965869 ], [ -6.828694, 33.965831 ] ] ] } },
{ "type": "Feature", "properties": { "urban_density": 0.23875325304606562, "temperature_proxy": 28.551896144799425 }, "geometry": { "type": "Polygon", "coordinates": [ [ [ -6.828648, 33.967633 ], [ -6.828602, 33.969436 ], [ -6.830766, 33.969474 ], [ -6.830811, 33.967672 ], [ -6.828648, 33.967633 ] ] ] } },
{ "type": "Feature", "properties": { "urban_density": 0.13903958361150529, "temperature_proxy": 27.903757293474783 }, "geometry": { "type": "Polygon", "coordinates": [ [ [ -6.828602, 33.969436 ], [ -6.828556, 33.971238 ], [ -6.83072, 33.971277 ], [ -6.830766, 33.969474 ], [ -6.828602, 33.969436 ] ] ] } },
{ "type": "Feature", "properties": { "urban_density": 0.10837015149778542, "temperature_proxy": 27.704405984735605 }, "geometry": { "type": "Polygon", "coordinates": [ [ [ -6.828556, 33.971238 ], [ -6.828511, 33.973041 ], [ -6.830674, 33.973079 ], [ -6.83072, 33.971277 ], [ -6.828556, 33.971238 ] ] ] } },
{ "type": "Feature", "properties": { "urban_density": 0.24985304252986063, "temperature_proxy": 28.624044776444094 }, "geometry": { "type": "Polygon", "coordinates": [ [ [ -6.828511, 33.973041 ], [ -6.828465, 33.974843 ], [ -6.830628, 33.974882 ], [ -6.830674, 33.973079 ], [ -6.828511, 33.973041 ] ] ] } },
{ "type": "Feature", "properties": { "urban_density": 0.050146936535248418, "temperature_proxy": 27.325955087479116 }, "geometry": { "type": "Polygon", "coordinates": [ [ [ -6.828465, 33.974843 ], [ -6.828419, 33.976646 ], [ -6.830582, 33.976684 ], [ -6.830628, 33.974882 ], [ -6.828465, 33.974843 ] ] ] } },
{ "type": "Feature", "properties": { "urban_density": 0.13689823197572165, "temperature_proxy": 27.889838507842192 }, "geometry": { "type": "Polygon", "coordinates": [ [ [ -6.828419, 33.976646 ], [ -6.828373, 33.978448 ], [ -6.830537, 33.978487 ], [ -6.830582, 33.976684 ], [ -6.828419, 33.976646 ] ] ] } },
{ "type": "Feature", "properties": { "urban_density": 0.096655119834822389, "temperature_proxy": 27.628258278926346 }, "geometry": { "type": "Polygon", "coordinates": [ [ [ -6.828373, 33.978448 ], [ -6.828327, 33.980251 ], [ -6.830491, 33.980289 ], [ -6.830537, 33.978487 ], [ -6.828373, 33.978448 ] ] ] } },
{ "type": "Feature", "properties": { "urban_density": 0.16860364160937913, "temperature_proxy": 28.095923670460966 }, "geometry": { "type": "Polygon", "coordinates": [ [ [ -6.828327, 33.980251 ], [ -6.828281, 33.982053 ], [ -6.830445, 33.982092 ], [ -6.830491, 33.980289 ], [ -6.828327, 33.980251 ] ] ] } },
{ "type": "Feature", "properties": { "urban_density": 0.16382987032769616, "temperature_proxy": 28.064894157130023 }, "geometry": { "type": "Polygon", "coordinates": [ [ [ -6.828281, 33.982053 ], [ -6.828235, 33.983856 ], [ -6.830399, 33.983894 ], [ -6.830445, 33.982092 ], [ -6.828281, 33.982053 ] ] ] } },
{ "type": "Feature", "properties": { "urban_density": 0.21762765550060204, "temperature_proxy": 28.414579760753913 }, "geometry": { "type": "Polygon", "coordinates": [ [ [ -6.828235, 33.983856 ], [ -6.82819, 33.985658 ], [ -6.830353, 33.985697 ], [ -6.830399, 33.983894 ], [ -6.828235, 33.983856 ] ] ] } },
{ "type": "Feature", "properties": { "urban_density": 0.17174203685018491, "temperature_proxy": 28.116323239526203 }, "geometry": { "type": "Polygon", "coordinates": [ [ [ -6.82819, 33.985658 ], [ -6.828144, 33.987461 ], [ -6.830308, 33.987499 ], [ -6.830353, 33.985697 ], [ -6.82819, 33.985658 ] ] ] } },
{ "type": "Feature", "properties": { "urban_density": 0.16087173207141012, "temperature_proxy": 28.045666258464166 }, "geometry": { "type": "Polygon", "coordinates": [ [ [ -6.828144, 33.987461 ], [ -6.828098, 33.989263 ], [ -6.830262, 33.989302 ], [ -6.830308, 33.987499 ], [ -6.828144, 33.987461 ] ] ] } },
{ "type": "Feature", "properties": { "urban_density": 0.225924338546306, "temperature_proxy": 28.468508200550989 }, "geometry": { "type": "Polygon", "coordinates": [ [ [ -6.828098, 33.989263 ], [ -6.828052, 33.991066 ], [ -6.830216, 33.991104 ], [ -6.830262, 33.989302 ], [ -6.828098, 33.989263 ] ] ] } },
{ "type": "Feature", "properties": { "urban_density": 0.24846857129979358, "temperature_proxy": 28.615045713448659 }, "geometry": { "type": "Polygon", "coordinates": [ [ [ -6.828052, 33.991066 ], [ -6.828006, 33.992868 ], [ -6.83017, 33.992907 ], [ -6.830216, 33.991104 ], [ -6.828052, 33.991066 ] ] ] } },
{ "type": "Feature", "properties": { "urban_density": 0.11043716548315653, "temperature_proxy": 27.717841575640517 }, "geometry": { "type": "Polygon", "coordinates": [ [ [ -6.828006, 33.992868 ], [ -6.82796, 33.994671 ], [ -6.830124, 33.994709 ], [ -6.83017, 33.992907 ], [ -6.828006, 33.992868 ] ] ] } },
{ "type": "Feature", "properties": { "urban_density": 0.039533318152915498, "temperature_proxy": 27.256966567993949 }, "geometry": { "type": "Polygon", "coordinates": [ [ [ -6.827914, 33.996473 ], [ -6.827868, 33.998276 ], [ -6.830033, 33.998314 ], [ -6.830078, 33.996511 ], [ -6.827914, 33.996473 ] ] ] } },
{ "type": "Feature", "properties": { "urban_density": 0.038817089380344803, "temperature_proxy": 27.252311080972241 }, "geometry": { "type": "Polygon", "coordinates": [ [ [ -6.827868, 33.998276 ], [ -6.827823, 34.000078 ], [ -6.829987, 34.000116 ], [ -6.830033, 33.998314 ], [ -6.827868, 33.998276 ] ] ] } },
{ "type": "Feature", "properties": { "urban_density": 0.014137145661575852, "temperature_proxy": 27.091891446800243 }, "geometry": { "type": "Polygon", "coordinates": [ [ [ -6.827823, 34.000078 ], [ -6.827777, 34.001881 ], [ -6.829941, 34.001919 ], [ -6.829987, 34.000116 ], [ -6.827823, 34.000078 ] ] ] } },
{ "type": "Feature", "properties": { "urban_density": 0.054621572410685909, "temperature_proxy": 27.355040220669459 }, "geometry": { "type": "Polygon", "coordinates": [ [ [ -6.827777, 34.001881 ], [ -6.827731, 34.003683 ], [ -6.829895, 34.003721 ], [ -6.829941, 34.001919 ], [ -6.827777, 34.001881 ] ] ] } },
{ "type": "Feature", "properties": { "urban_density": 0.12544190406378083, "temperature_proxy": 27.815372376414576 }, "geometry": { "type": "Polygon", "coordinates": [ [ [ -6.827731, 34.003683 ], [ -6.827685, 34.005486 ], [ -6.829849, 34.005524 ], [ -6.829895, 34.003721 ], [ -6.827731, 34.003683 ] ] ] } },
{ "type": "Feature", "properties": { "urban_density": 0.17351870191513571, "temperature_proxy": 28.127871562448384 }, "geometry": { "type": "Polygon", "coordinates": [ [ [ -6.827685, 34.005486 ], [ -6.827639, 34.007288 ], [ -6.829803, 34.007326 ], [ -6.829849, 34.005524 ], [ -6.827685, 34.005486 ] ] ] } },
{ "type": "Feature", "properties": { "urban_density": 0.25072257953141341, "temperature_proxy": 28.629696766954186 }, "geometry": { "type": "Polygon", "coordinates": [ [ [ -6.827639, 34.007288 ], [ -6.827593, 34.009091 ], [ -6.829757, 34.009129 ], [ -6.829803, 34.007326 ], [ -6.827639, 34.007288 ] ] ] } },
{ "type": "Feature", "properties": { "urban_density": 0.2154379247376538, "temperature_proxy": 28.400346510794751 }, "geometry": { "type": "Polygon", "coordinates": [ [ [ -6.827593, 34.009091 ], [ -6.827547, 34.010893 ], [ -6.829711, 34.010931 ], [ -6.829757, 34.009129 ], [ -6.827593, 34.009091 ] ] ] } },
{ "type": "Feature", "properties": { "urban_density": 0.33430431097959473, "temperature_proxy": 29.172978021367367 }, "geometry": { "type": "Polygon", "coordinates": [ [ [ -6.827547, 34.010893 ], [ -6.827501, 34.012696 ], [ -6.829666, 34.012734 ], [ -6.829711, 34.010931 ], [ -6.827547, 34.010893 ] ] ] } },
{ "type": "Feature", "properties": { "urban_density": 0.34719308034899116, "temperature_proxy": 29.256755022268443 }, "geometry": { "type": "Polygon", "coordinates": [ [ [ -6.827501, 34.012696 ], [ -6.827455, 34.014498 ], [ -6.82962, 34.014536 ], [ -6.829666, 34.012734 ], [ -6.827501, 34.012696 ] ] ] } },
{ "type": "Feature", "properties": { "urban_density": 0.38888534201959335, "temperature_proxy": 29.527754723127359 }, "geometry": { "type": "Polygon", "coordinates": [ [ [ -6.827455, 34.014498 ], [ -6.827409, 34.016301 ], [ -6.829574, 34.016339 ], [ -6.82962, 34.014536 ], [ -6.827455, 34.014498 ] ] ] } },
{ "type": "Feature", "properties": { "urban_density": 0.35917485186367942, "temperature_proxy": 29.334636537113916 }, "geometry": { "type": "Polygon", "coordinates": [ [ [ -6.827409, 34.016301 ], [ -6.827363, 34.018103 ], [ -6.829528, 34.018141 ], [ -6.829574, 34.016339 ], [ -6.827409, 34.016301 ] ] ] } },
{ "type": "Feature", "properties": { "urban_density": 0.33784595848173193, "temperature_proxy": 29.195998730131258 }, "geometry": { "type": "Polygon", "coordinates": [ [ [ -6.827363, 34.018103 ], [ -6.827317, 34.019906 ], [ -6.829482, 34.019944 ], [ -6.829528, 34.018141 ], [ -6.827363, 34.018103 ] ] ] } },
{ "type": "Feature", "properties": { "urban_density": 0.41665911648774473, "temperature_proxy": 29.708284257170341 }, "geometry": { "type": "Polygon", "coordinates": [ [ [ -6.827317, 34.019906 ], [ -6.827271, 34.021708 ], [ -6.829436, 34.021746 ], [ -6.829482, 34.019944 ], [ -6.827317, 34.019906 ] ] ] } },
{ "type": "Feature", "properties": { "urban_density": 0.35302434729121313, "temperature_proxy": 29.294658257392886 }, "geometry": { "type": "Polygon", "coordinates": [ [ [ -6.827271, 34.021708 ], [ -6.827225, 34.02351 ], [ -6.82939, 34.023549 ], [ -6.829436, 34.021746 ], [ -6.827271, 34.021708 ] ] ] } },
{ "type": "Feature", "properties": { "urban_density": 0.55192382936558615, "temperature_proxy": 30.587504890876311 }, "geometry": { "type": "Polygon", "coordinates": [ [ [ -6.827225, 34.02351 ], [ -6.827179, 34.025313 ], [ -6.829344, 34.025351 ], [ -6.82939, 34.023549 ], [ -6.827225, 34.02351 ] ] ] } },
{ "type": "Feature", "properties": { "urban_density": 0.20928019008680798, "temperature_proxy": 28.360321235564253 }, "geometry": { "type": "Polygon", "coordinates": [ [ [ -6.827179, 34.025313 ], [ -6.827134, 34.027115 ], [ -6.829298, 34.027154 ], [ -6.829344, 34.025351 ], [ -6.827179, 34.025313 ] ] ] } },
{ "type": "Feature", "properties": { "urban_density": 0.054791858556531715, "temperature_proxy": 27.356147080617458 }, "geometry": { "type": "Polygon", "coordinates": [ [ [ -6.827088, 34.028918 ], [ -6.827042, 34.03072 ], [ -6.829207, 34.030759 ], [ -6.829252, 34.028956 ], [ -6.827088, 34.028918 ] ] ] } },
{ "type": "Feature", "properties": { "urban_density": 0.11177494051509577, "temperature_proxy": 27.726537113348122 }, "geometry": { "type": "Polygon", "coordinates": [ [ [ -6.827042, 34.03072 ], [ -6.826996, 34.032523 ], [ -6.829161, 34.032561 ], [ -6.829207, 34.030759 ], [ -6.827042, 34.03072 ] ] ] } },
{ "type": "Feature", "properties": { "urban_density": 0.10240079370044429, "temperature_proxy": 27.665605159052888 }, "geometry": { "type": "Polygon", "coordinates": [ [ [ -6.826996, 34.032523 ], [ -6.82695, 34.034325 ], [ -6.829115, 34.034364 ], [ -6.829161, 34.032561 ], [ -6.826996, 34.032523 ] ] ] } },
{ "type": "Feature", "properties": { "urban_density": 0.045325457890270607, "temperature_proxy": 27.294615476286758 }, "geometry": { "type": "Polygon", "coordinates": [ [ [ -6.82695, 34.034325 ], [ -6.826904, 34.036128 ], [ -6.829069, 34.036166 ], [ -6.829115, 34.034364 ], [ -6.82695, 34.034325 ] ] ] } },
{ "type": "Feature", "properties": { "urban_density": 0.062024620883353268, "temperature_proxy": 27.403160035741795 }, "geometry": { "type": "Polygon", "coordinates": [ [ [ -6.826904, 34.036128 ], [ -6.826858, 34.03793 ], [ -6.829023, 34.037969 ], [ -6.829069, 34.036166 ], [ -6.826904, 34.036128 ] ] ] } },
{ "type": "Feature", "properties": { "urban_density": 0.27571419271590819, "temperature_proxy": 28.792142252653402 }, "geometry": { "type": "Polygon", "coordinates": [ [ [ -6.826858, 34.03793 ], [ -6.826812, 34.039733 ], [ -6.828977, 34.039771 ], [ -6.829023, 34.037969 ], [ -6.826858, 34.03793 ] ] ] } },
{ "type": "Feature", "properties": { "urban_density": 0.030182865939433555, "temperature_proxy": 27.196188628606318 }, "geometry": { "type": "Polygon", "coordinates": [ [ [ -6.826812, 34.039733 ], [ -6.826766, 34.041535 ], [ -6.828931, 34.041573 ], [ -6.828977, 34.039771 ], [ -6.826812, 34.039733 ] ] ] } },
{ "type": "Feature", "properties": { "urban_density": 0.044416149035285485, "temperature_proxy": 27.288704968729355 }, "geometry": { "type": "Polygon", "coordinates": [ [ [ -6.827172, 33.940558 ], [ -6.827127, 33.94236 ], [ -6.829289, 33.942398 ], [ -6.829335, 33.940596 ], [ -6.827172, 33.940558 ] ] ] } },
{ "type": "Feature", "properties": { "urban_density": 0.095973828262466435, "temperature_proxy": 27.623829883706033 }, "geometry": { "type": "Polygon", "coordinates": [ [ [ -6.827127, 33.94236 ], [ -6.827081, 33.944163 ], [ -6.829244, 33.944201 ], [ -6.829289, 33.942398 ], [ -6.827127, 33.94236 ] ] ] } },
{ "type": "Feature", "properties": { "urban_density": 0.1432531757737644, "temperature_proxy": 27.931145642529469 }, "geometry": { "type": "Polygon", "coordinates": [ [ [ -6.827081, 33.944163 ], [ -6.827035, 33.945965 ], [ -6.829198, 33.946003 ], [ -6.829244, 33.944201 ], [ -6.827081, 33.944163 ] ] ] } },
{ "type": "Feature", "properties": { "urban_density": 0.12715196073355728, "temperature_proxy": 27.826487744768123 }, "geometry": { "type": "Polygon", "coordinates": [ [ [ -6.827035, 33.945965 ], [ -6.826989, 33.947768 ], [ -6.829152, 33.947806 ], [ -6.829198, 33.946003 ], [ -6.827035, 33.945965 ] ] ] } },
{ "type": "Feature", "properties": { "urban_density": 0.18538363661451235, "temperature_proxy": 28.204993637994331 }, "geometry": { "type": "Polygon", "coordinates": [ [ [ -6.826989, 33.947768 ], [ -6.826943, 33.94957 ], [ -6.829106, 33.949608 ], [ -6.829152, 33.947806 ], [ -6.826989, 33.947768 ] ] ] } },
{ "type": "Feature", "properties": { "urban_density": 0.17735728258485203, "temperature_proxy": 28.152822336801538 }, "geometry": { "type": "Polygon", "coordinates": [ [ [ -6.826943, 33.94957 ], [ -6.826897, 33.951373 ], [ -6.82906, 33.951411 ], [ -6.829106, 33.949608 ], [ -6.826943, 33.94957 ] ] ] } },
{ "type": "Feature", "properties": { "urban_density": 0.1298543286153272, "temperature_proxy": 27.844053135999626 }, "geometry": { "type": "Polygon", "coordinates": [ [ [ -6.826897, 33.951373 ], [ -6.826852, 33.953175 ], [ -6.829015, 33.953213 ], [ -6.82906, 33.951411 ], [ -6.826897, 33.951373 ] ] ] } },
{ "type": "Feature", "properties": { "urban_density": 0.14243836004405544, "temperature_proxy": 27.925849340286362 }, "geometry": { "type": "Polygon", "coordinates": [ [ [ -6.826852, 33.953175 ], [ -6.826806, 33.954978 ], [ -6.828969, 33.955016 ], [ -6.829015, 33.953213 ], [ -6.826852, 33.953175 ] ] ] } },
{ "type": "Feature", "properties": { "urban_density": 0.16301607797134607, "temperature_proxy": 28.059604506813749 }, "geometry": { "type": "Polygon", "coordinates": [ [ [ -6.826806, 33.954978 ], [ -6.82676, 33.95678 ], [ -6.828923, 33.956818 ], [ -6.828969, 33.955016 ], [ -6.826806, 33.954978 ] ] ] } },
{ "type": "Feature", "properties": { "urban_density": 0.14030669511109625, "temperature_proxy": 27.911993518222125 }, "geometry": { "type": "Polygon", "coordinates": [ [ [ -6.82676, 33.95678 ], [ -6.826714, 33.958583 ], [ -6.828877, 33.958621 ], [ -6.828923, 33.956818 ], [ -6.82676, 33.95678 ] ] ] } },
{ "type": "Feature", "properties": { "urban_density": 0.12469296674387105, "temperature_proxy": 27.810504283835161 }, "geometry": { "type": "Polygon", "coordinates": [ [ [ -6.826714, 33.958583 ], [ -6.826668, 33.960385 ], [ -6.828831, 33.960423 ], [ -6.828877, 33.958621 ], [ -6.826714, 33.958583 ] ] ] } },
{ "type": "Feature", "properties": { "urban_density": 0.081346951761116518, "temperature_proxy": 27.528755186447256 }, "geometry": { "type": "Polygon", "coordinates": [ [ [ -6.826668, 33.960385 ], [ -6.826622, 33.962188 ], [ -6.828786, 33.962226 ], [ -6.828831, 33.960423 ], [ -6.826668, 33.960385 ] ] ] } },
{ "type": "Feature", "properties": { "urban_density": 0.077767343784628212, "temperature_proxy": 27.505487734600084 }, "geometry": { "type": "Polygon", "coordinates": [ [ [ -6.826622, 33.962188 ], [ -6.826576, 33.96399 ], [ -6.82874, 33.964028 ], [ -6.828786, 33.962226 ], [ -6.826622, 33.962188 ] ] ] } },
{ "type": "Feature", "properties": { "urban_density": 0.029973778699789375, "temperature_proxy": 27.19482956154863 }, "geometry": { "type": "Polygon", "coordinates": [ [ [ -6.826576, 33.96399 ], [ -6.826531, 33.965793 ], [ -6.828694, 33.965831 ], [ -6.82874, 33.964028 ], [ -6.826576, 33.96399 ] ] ] } },
{ "type": "Feature", "properties": { "urban_density": 0.12453029428288223, "temperature_proxy": 27.809446912838734 }, "geometry": { "type": "Polygon", "coordinates": [ [ [ -6.826531, 33.965793 ], [ -6.826485, 33.967595 ], [ -6.828648, 33.967633 ], [ -6.828694, 33.965831 ], [ -6.826531, 33.965793 ] ] ] } },
{ "type": "Feature", "properties": { "urban_density": 0.17303267972990308, "temperature_proxy": 28.124712418244371 }, "geometry": { "type": "Polygon", "coordinates": [ [ [ -6.826485, 33.967595 ], [ -6.826439, 33.969398 ], [ -6.828602, 33.969436 ], [ -6.828648, 33.967633 ], [ -6.826485, 33.967595 ] ] ] } },
{ "type": "Feature", "properties": { "urban_density": 0.16972821564988258, "temperature_proxy": 28.103233401724236 }, "geometry": { "type": "Polygon", "coordinates": [ [ [ -6.826439, 33.969398 ], [ -6.826393, 33.9712 ], [ -6.828556, 33.971238 ], [ -6.828602, 33.969436 ], [ -6.826439, 33.969398 ] ] ] } },
{ "type": "Feature", "properties": { "urban_density": 0.075024443278647449, "temperature_proxy": 27.487658881311209 }, "geometry": { "type": "Polygon", "coordinates": [ [ [ -6.826393, 33.9712 ], [ -6.826347, 33.973003 ], [ -6.828511, 33.973041 ], [ -6.828556, 33.971238 ], [ -6.826393, 33.9712 ] ] ] } },
{ "type": "Feature", "properties": { "urban_density": 0.13345676708210175, "temperature_proxy": 27.867468986033661 }, "geometry": { "type": "Polygon", "coordinates": [ [ [ -6.826347, 33.973003 ], [ -6.826301, 33.974805 ], [ -6.828465, 33.974843 ], [ -6.828511, 33.973041 ], [ -6.826347, 33.973003 ] ] ] } },
{ "type": "Feature", "properties": { "urban_density": 0.17114313356896732, "temperature_proxy": 28.112430368198289 }, "geometry": { "type": "Polygon", "coordinates": [ [ [ -6.826301, 33.974805 ], [ -6.826255, 33.976608 ], [ -6.828419, 33.976646 ], [ -6.828465, 33.974843 ], [ -6.826301, 33.974805 ] ] ] } },
{ "type": "Feature", "properties": { "urban_density": 0.23709600031193026, "temperature_proxy": 28.541124002027548 }, "geometry": { "type": "Polygon", "coordinates": [ [ [ -6.826255, 33.976608 ], [ -6.826209, 33.97841 ], [ -6.828373, 33.978448 ], [ -6.828419, 33.976646 ], [ -6.826255, 33.976608 ] ] ] } },
{ "type": "Feature", "properties": { "urban_density": 0.25350683985462302, "temperature_proxy": 28.647794459055049 }, "geometry": { "type": "Polygon", "coordinates": [ [ [ -6.826209, 33.97841 ], [ -6.826164, 33.980213 ], [ -6.828327, 33.980251 ], [ -6.828373, 33.978448 ], [ -6.826209, 33.97841 ] ] ] } },
{ "type": "Feature", "properties": { "urban_density": 0.24468419041225697, "temperature_proxy": 28.590447237679669 }, "geometry": { "type": "Polygon", "coordinates": [ [ [ -6.826164, 33.980213 ], [ -6.826118, 33.982015 ], [ -6.828281, 33.982053 ], [ -6.828327, 33.980251 ], [ -6.826164, 33.980213 ] ] ] } },
{ "type": "Feature", "properties": { "urban_density": 0.21386091943610344, "temperature_proxy": 28.390095976334671 }, "geometry": { "type": "Polygon", "coordinates": [ [ [ -6.826118, 33.982015 ], [ -6.826072, 33.983818 ], [ -6.828235, 33.983856 ], [ -6.828281, 33.982053 ], [ -6.826118, 33.982015 ] ] ] } },
{ "type": "Feature", "properties": { "urban_density": 0.23581824232000531, "temperature_proxy": 28.532818575080036 }, "geometry": { "type": "Polygon", "coordinates": [ [ [ -6.826072, 33.983818 ], [ -6.826026, 33.98562 ], [ -6.82819, 33.985658 ], [ -6.828235, 33.983856 ], [ -6.826072, 33.983818 ] ] ] } },
{ "type": "Feature", "properties": { "urban_density": 0.25123948803944812, "temperature_proxy": 28.633056672256412 }, "geometry": { "type": "Polygon", "coordinates": [ [ [ -6.826026, 33.98562 ], [ -6.82598, 33.987423 ], [ -6.828144, 33.987461 ], [ -6.82819, 33.985658 ], [ -6.826026, 33.98562 ] ] ] } },
{ "type": "Feature", "properties": { "urban_density": 0.24158527261266471, "temperature_proxy": 28.570304271982319 }, "geometry": { "type": "Polygon", "coordinates": [ [ [ -6.82598, 33.987423 ], [ -6.825934, 33.989225 ], [ -6.828098, 33.989263 ], [ -6.828144, 33.987461 ], [ -6.82598, 33.987423 ] ] ] } },
{ "type": "Feature", "properties": { "urban_density": 0.20408572894431443, "temperature_proxy": 28.326557238138044 }, "geometry": { "type": "Polygon", "coordinates": [ [ [ -6.825934, 33.989225 ], [ -6.825888, 33.991028 ], [ -6.828052, 33.991066 ], [ -6.828098, 33.989263 ], [ -6.825934, 33.989225 ] ] ] } },
{ "type": "Feature", "properties": { "urban_density": 0.14512491380645132, "temperature_proxy": 27.943311939741932 }, "geometry": { "type": "Polygon", "coordinates": [ [ [ -6.825888, 33.991028 ], [ -6.825842, 33.99283 ], [ -6.828006, 33.992868 ], [ -6.828052, 33.991066 ], [ -6.825888, 33.991028 ] ] ] } },
{ "type": "Feature", "properties": { "urban_density": 0.17342516815739756, "temperature_proxy": 28.127263593023084 }, "geometry": { "type": "Polygon", "coordinates": [ [ [ -6.825842, 33.99283 ], [ -6.825796, 33.994633 ], [ -6.82796, 33.994671 ], [ -6.828006, 33.992868 ], [ -6.825842, 33.99283 ] ] ] } },
{ "type": "Feature", "properties": { "urban_density": 0.12516266548544683, "temperature_proxy": 27.813557325655406 }, "geometry": { "type": "Polygon", "coordinates": [ [ [ -6.825796, 33.994633 ], [ -6.82575, 33.996435 ], [ -6.827914, 33.996473 ], [ -6.82796, 33.994671 ], [ -6.825796, 33.994633 ] ] ] } },
{ "type": "Feature", "properties": { "urban_density": 0.17988293187321333, "temperature_proxy": 28.169239057175886 }, "geometry": { "type": "Polygon", "coordinates": [ [ [ -6.82575, 33.996435 ], [ -6.825704, 33.998238 ], [ -6.827868, 33.998276 ], [ -6.827914, 33.996473 ], [ -6.82575, 33.996435 ] ] ] } },
{ "type": "Feature", "properties": { "urban_density": 0.11370088068073735, "temperature_proxy": 27.739055724424794 }, "geometry": { "type": "Polygon", "coordinates": [ [ [ -6.825704, 33.998238 ], [ -6.825658, 34.00004 ], [ -6.827823, 34.000078 ], [ -6.827868, 33.998276 ], [ -6.825704, 33.998238 ] ] ] } },
{ "type": "Feature", "properties": { "urban_density": 0.016459050274356152, "temperature_proxy": 27.106983826783313 }, "geometry": { "type": "Polygon", "coordinates": [ [ [ -6.825658, 34.00004 ], [ -6.825612, 34.001842 ], [ -6.827777, 34.001881 ], [ -6.827823, 34.000078 ], [ -6.825658, 34.00004 ] ] ] } },
{ "type": "Feature", "properties": { "urban_density": 0.16830863977811547, "temperature_proxy": 28.09400615855775 }, "geometry": { "type": "Polygon", "coordinates": [ [ [ -6.825612, 34.001842 ], [ -6.825566, 34.003645 ], [ -6.827731, 34.003683 ], [ -6.827777, 34.001881 ], [ -6.825612, 34.001842 ] ] ] } },
{ "type": "Feature", "properties": { "urban_density": 0.097034545398133901, "temperature_proxy": 27.630724545087869 }, "geometry": { "type": "Polygon", "coordinates": [ [ [ -6.825566, 34.003645 ], [ -6.82552, 34.005447 ], [ -6.827685, 34.005486 ], [ -6.827731, 34.003683 ], [ -6.825566, 34.003645 ] ] ] } },
{ "type": "Feature", "properties": { "urban_density": 0.117856714329562, "temperature_proxy": 27.766068643142152 }, "geometry": { "type": "Polygon", "coordinates": [ [ [ -6.82552, 34.005447 ], [ -6.825475, 34.00725 ], [ -6.827639, 34.007288 ], [ -6.827685, 34.005486 ], [ -6.82552, 34.005447 ] ] ] } },
{ "type": "Feature", "properties": { "urban_density": 0.35193939075008213, "temperature_proxy": 29.287606039875534 }, "geometry": { "type": "Polygon", "coordinates": [ [ [ -6.825475, 34.00725 ], [ -6.825429, 34.009052 ], [ -6.827593, 34.009091 ], [ -6.827639, 34.007288 ], [ -6.825475, 34.00725 ] ] ] } },
{ "type": "Feature", "properties": { "urban_density": 0.17718150359173004, "temperature_proxy": 28.151679773346245 }, "geometry": { "type": "Polygon", "coordinates": [ [ [ -6.825429, 34.009052 ], [ -6.825383, 34.010855 ], [ -6.827547, 34.010893 ], [ -6.827593, 34.009091 ], [ -6.825429, 34.009052 ] ] ] } },
{ "type": "Feature", "properties": { "urban_density": 0.18269877467160553, "temperature_proxy": 28.187542035365436 }, "geometry": { "type": "Polygon", "coordinates": [ [ [ -6.825383, 34.010855 ], [ -6.825337, 34.012657 ], [ -6.827501, 34.012696 ], [ -6.827547, 34.010893 ], [ -6.825383, 34.010855 ] ] ] } },
{ "type": "Feature", "properties": { "urban_density": 0.18956702863369279, "temperature_proxy": 28.232185686119003 }, "geometry": { "type": "Polygon", "coordinates": [ [ [ -6.825337, 34.012657 ], [ -6.825291, 34.01446 ], [ -6.827455, 34.014498 ], [ -6.827501, 34.012696 ], [ -6.825337, 34.012657 ] ] ] } },
{ "type": "Feature", "properties": { "urban_density": 0.24296056723185958, "temperature_proxy": 28.579243687007086 }, "geometry": { "type": "Polygon", "coordinates": [ [ [ -6.825291, 34.01446 ], [ -6.825245, 34.016262 ], [ -6.827409, 34.016301 ], [ -6.827455, 34.014498 ], [ -6.825291, 34.01446 ] ] ] } },
{ "type": "Feature", "properties": { "urban_density": 0.35944701315279448, "temperature_proxy": 29.336405585493164 }, "geometry": { "type": "Polygon", "coordinates": [ [ [ -6.825245, 34.016262 ], [ -6.825199, 34.018065 ], [ -6.827363, 34.018103 ], [ -6.827409, 34.016301 ], [ -6.825245, 34.016262 ] ] ] } },
{ "type": "Feature", "properties": { "urban_density": 0.35289481074928669, "temperature_proxy": 29.293816269870362 }, "geometry": { "type": "Polygon", "coordinates": [ [ [ -6.825199, 34.018065 ], [ -6.825153, 34.019867 ], [ -6.827317, 34.019906 ], [ -6.827363, 34.018103 ], [ -6.825199, 34.018065 ] ] ] } },
{ "type": "Feature", "properties": { "urban_density": 0.38516186761156523, "temperature_proxy": 29.503552139475175 }, "geometry": { "type": "Polygon", "coordinates": [ [ [ -6.825153, 34.019867 ], [ -6.825107, 34.02167 ], [ -6.827271, 34.021708 ], [ -6.827317, 34.019906 ], [ -6.825153, 34.019867 ] ] ] } },
{ "type": "Feature", "properties": { "urban_density": 0.4695070600851049, "temperature_proxy": 30.05179589055318 }, "geometry": { "type": "Polygon", "coordinates": [ [ [ -6.825107, 34.02167 ], [ -6.825061, 34.023472 ], [ -6.827225, 34.02351 ], [ -6.827271, 34.021708 ], [ -6.825107, 34.02167 ] ] ] } },
{ "type": "Feature", "properties": { "urban_density": 0.47456548984731617, "temperature_proxy": 30.084675684007557 }, "geometry": { "type": "Polygon", "coordinates": [ [ [ -6.825061, 34.023472 ], [ -6.825015, 34.025275 ], [ -6.827179, 34.025313 ], [ -6.827225, 34.02351 ], [ -6.825061, 34.023472 ] ] ] } },
{ "type": "Feature", "properties": { "urban_density": 0.17588997927921851, "temperature_proxy": 28.143284865314921 }, "geometry": { "type": "Polygon", "coordinates": [ [ [ -6.825015, 34.025275 ], [ -6.824969, 34.027077 ], [ -6.827134, 34.027115 ], [ -6.827179, 34.025313 ], [ -6.825015, 34.025275 ] ] ] } },
{ "type": "Feature", "properties": { "urban_density": 0.065835956146110944, "temperature_proxy": 27.42793371494972 }, "geometry": { "type": "Polygon", "coordinates": [ [ [ -6.824923, 34.02888 ], [ -6.824877, 34.030682 ], [ -6.827042, 34.03072 ], [ -6.827088, 34.028918 ], [ -6.824923, 34.02888 ] ] ] } },
{ "type": "Feature", "properties": { "urban_density": 0.18789101088602406, "temperature_proxy": 28.221291570759156 }, "geometry": { "type": "Polygon", "coordinates": [ [ [ -6.824877, 34.030682 ], [ -6.824831, 34.032485 ], [ -6.826996, 34.032523 ], [ -6.827042, 34.03072 ], [ -6.824877, 34.030682 ] ] ] } },
{ "type": "Feature", "properties": { "urban_density": 0.16338394729394873, "temperature_proxy": 28.061995657410666 }, "geometry": { "type": "Polygon", "coordinates": [ [ [ -6.824831, 34.032485 ], [ -6.824785, 34.034287 ], [ -6.82695, 34.034325 ], [ -6.826996, 34.032523 ], [ -6.824831, 34.032485 ] ] ] } },
{ "type": "Feature", "properties": { "urban_density": 0.18154601567895173, "temperature_proxy": 28.180049101913188 }, "geometry": { "type": "Polygon", "coordinates": [ [ [ -6.824785, 34.034287 ], [ -6.824739, 34.036089 ], [ -6.826904, 34.036128 ], [ -6.82695, 34.034325 ], [ -6.824785, 34.034287 ] ] ] } },
{ "type": "Feature", "properties": { "urban_density": 0.37907421903424082, "temperature_proxy": 29.463982423722566 }, "geometry": { "type": "Polygon", "coordinates": [ [ [ -6.824739, 34.036089 ], [ -6.824693, 34.037892 ], [ -6.826858, 34.03793 ], [ -6.826904, 34.036128 ], [ -6.824739, 34.036089 ] ] ] } },
{ "type": "Feature", "properties": { "urban_density": 0.37631058233153225, "temperature_proxy": 29.446018785154958 }, "geometry": { "type": "Polygon", "coordinates": [ [ [ -6.824693, 34.037892 ], [ -6.824647, 34.039694 ], [ -6.826812, 34.039733 ], [ -6.826858, 34.03793 ], [ -6.824693, 34.037892 ] ] ] } },
{ "type": "Feature", "properties": { "urban_density": 0.031209658522895256, "temperature_proxy": 27.202862780398821 }, "geometry": { "type": "Polygon", "coordinates": [ [ [ -6.824647, 34.039694 ], [ -6.8246, 34.041497 ], [ -6.826766, 34.041535 ], [ -6.826812, 34.039733 ], [ -6.824647, 34.039694 ] ] ] } },
{ "type": "Feature", "properties": { "urban_density": 0.074894297743180765, "temperature_proxy": 27.486812935330676 }, "geometry": { "type": "Polygon", "coordinates": [ [ [ -6.824918, 33.944125 ], [ -6.824872, 33.945927 ], [ -6.827035, 33.945965 ], [ -6.827081, 33.944163 ], [ -6.824918, 33.944125 ] ] ] } },
{ "type": "Feature", "properties": { "urban_density": 0.11680067875542348, "temperature_proxy": 27.759204411910254 }, "geometry": { "type": "Polygon", "coordinates": [ [ [ -6.824872, 33.945927 ], [ -6.824826, 33.94773 ], [ -6.826989, 33.947768 ], [ -6.827035, 33.945965 ], [ -6.824872, 33.945927 ] ] ] } },
{ "type": "Feature", "properties": { "urban_density": 0.12154799606068636, "temperature_proxy": 27.790061974394462 }, "geometry": { "type": "Polygon", "coordinates": [ [ [ -6.824826, 33.94773 ], [ -6.82478, 33.949532 ], [ -6.826943, 33.94957 ], [ -6.826989, 33.947768 ], [ -6.824826, 33.94773 ] ] ] } },
{ "type": "Feature", "properties": { "urban_density": 0.16906643766051538, "temperature_proxy": 28.098931844793348 }, "geometry": { "type": "Polygon", "coordinates": [ [ [ -6.82478, 33.949532 ], [ -6.824735, 33.951335 ], [ -6.826897, 33.951373 ], [ -6.826943, 33.94957 ], [ -6.82478, 33.949532 ] ] ] } },
{ "type": "Feature", "properties": { "urban_density": 0.19057517882098163, "temperature_proxy": 28.238738662336381 }, "geometry": { "type": "Polygon", "coordinates": [ [ [ -6.824735, 33.951335 ], [ -6.824689, 33.953137 ], [ -6.826852, 33.953175 ], [ -6.826897, 33.951373 ], [ -6.824735, 33.951335 ] ] ] } },
{ "type": "Feature", "properties": { "urban_density": 0.14937684667172169, "temperature_proxy": 27.970949503366192 }, "geometry": { "type": "Polygon", "coordinates": [ [ [ -6.824689, 33.953137 ], [ -6.824643, 33.95494 ], [ -6.826806, 33.954978 ], [ -6.826852, 33.953175 ], [ -6.824689, 33.953137 ] ] ] } },
{ "type": "Feature", "properties": { "urban_density": 0.11352706018477654, "temperature_proxy": 27.737925891201048 }, "geometry": { "type": "Polygon", "coordinates": [ [ [ -6.824643, 33.95494 ], [ -6.824597, 33.956742 ], [ -6.82676, 33.95678 ], [ -6.826806, 33.954978 ], [ -6.824643, 33.95494 ] ] ] } },
{ "type": "Feature", "properties": { "urban_density": 0.11407779759713103, "temperature_proxy": 27.741505684381352 }, "geometry": { "type": "Polygon", "coordinates": [ [ [ -6.824597, 33.956742 ], [ -6.824551, 33.958545 ], [ -6.826714, 33.958583 ], [ -6.82676, 33.95678 ], [ -6.824597, 33.956742 ] ] ] } },
{ "type": "Feature", "properties": { "urban_density": 0.11703381885729015, "temperature_proxy": 27.760719822572387 }, "geometry": { "type": "Polygon", "coordinates": [ [ [ -6.824505, 33.960347 ], [ -6.824459, 33.96215 ], [ -6.826622, 33.962188 ], [ -6.826668, 33.960385 ], [ -6.824505, 33.960347 ] ] ] } },
{ "type": "Feature", "properties": { "urban_density": 0.10224185867677894, "temperature_proxy": 27.664572081399061 }, "geometry": { "type": "Polygon", "coordinates": [ [ [ -6.824459, 33.96215 ], [ -6.824413, 33.963952 ], [ -6.826576, 33.96399 ], [ -6.826622, 33.962188 ], [ -6.824459, 33.96215 ] ] ] } },
{ "type": "Feature", "properties": { "urban_density": 0.16836341216219808, "temperature_proxy": 28.094362179054286 }, "geometry": { "type": "Polygon", "coordinates": [ [ [ -6.824413, 33.963952 ], [ -6.824367, 33.965755 ], [ -6.826531, 33.965793 ], [ -6.826576, 33.96399 ], [ -6.824413, 33.963952 ] ] ] } },
{ "type": "Feature", "properties": { "urban_density": 0.14385515601350851, "temperature_proxy": 27.935058514087807 }, "geometry": { "type": "Polygon", "coordinates": [ [ [ -6.824367, 33.965755 ], [ -6.824321, 33.967557 ], [ -6.826485, 33.967595 ], [ -6.826531, 33.965793 ], [ -6.824367, 33.965755 ] ] ] } },
{ "type": "Feature", "properties": { "urban_density": 0.20469264886971558, "temperature_proxy": 28.330502217653152 }, "geometry": { "type": "Polygon", "coordinates": [ [ [ -6.824321, 33.967557 ], [ -6.824275, 33.969359 ], [ -6.826439, 33.969398 ], [ -6.826485, 33.967595 ], [ -6.824321, 33.967557 ] ] ] } },
{ "type": "Feature", "properties": { "urban_density": 0.15719434089983256, "temperature_proxy": 28.02176321584891 }, "geometry": { "type": "Polygon", "coordinates": [ [ [ -6.824275, 33.969359 ], [ -6.82423, 33.971162 ], [ -6.826393, 33.9712 ], [ -6.826439, 33.969398 ], [ -6.824275, 33.969359 ] ] ] } },
{ "type": "Feature", "properties": { "urban_density": 0.13880923756991606, "temperature_proxy": 27.902260044204453 }, "geometry": { "type": "Polygon", "coordinates": [ [ [ -6.82423, 33.971162 ], [ -6.824184, 33.972964 ], [ -6.826347, 33.973003 ], [ -6.826393, 33.9712 ], [ -6.82423, 33.971162 ] ] ] } },
{ "type": "Feature", "properties": { "urban_density": 0.14269983916725767, "temperature_proxy": 27.927548954587174 }, "geometry": { "type": "Polygon", "coordinates": [ [ [ -6.824184, 33.972964 ], [ -6.824138, 33.974767 ], [ -6.826301, 33.974805 ], [ -6.826347, 33.973003 ], [ -6.824184, 33.972964 ] ] ] } },
{ "type": "Feature", "properties": { "urban_density": 0.27532522888518401, "temperature_proxy": 28.789613987753697 }, "geometry": { "type": "Polygon", "coordinates": [ [ [ -6.824138, 33.974767 ], [ -6.824092, 33.976569 ], [ -6.826255, 33.976608 ], [ -6.826301, 33.974805 ], [ -6.824138, 33.974767 ] ] ] } },
{ "type": "Feature", "properties": { "urban_density": 0.18641013106415941, "temperature_proxy": 28.211665851917036 }, "geometry": { "type": "Polygon", "coordinates": [ [ [ -6.824092, 33.976569 ], [ -6.824046, 33.978372 ], [ -6.826209, 33.97841 ], [ -6.826255, 33.976608 ], [ -6.824092, 33.976569 ] ] ] } },
{ "type": "Feature", "properties": { "urban_density": 0.23040201060089022, "temperature_proxy": 28.497613068905785 }, "geometry": { "type": "Polygon", "coordinates": [ [ [ -6.824046, 33.978372 ], [ -6.824, 33.980174 ], [ -6.826164, 33.980213 ], [ -6.826209, 33.97841 ], [ -6.824046, 33.978372 ] ] ] } },
{ "type": "Feature", "properties": { "urban_density": 0.27796879594297241, "temperature_proxy": 28.80679717362932 }, "geometry": { "type": "Polygon", "coordinates": [ [ [ -6.824, 33.980174 ], [ -6.823954, 33.981977 ], [ -6.826118, 33.982015 ], [ -6.826164, 33.980213 ], [ -6.824, 33.980174 ] ] ] } },
{ "type": "Feature", "properties": { "urban_density": 0.27867181189545009, "temperature_proxy": 28.811366777320426 }, "geometry": { "type": "Polygon", "coordinates": [ [ [ -6.823954, 33.981977 ], [ -6.823908, 33.983779 ], [ -6.826072, 33.983818 ], [ -6.826118, 33.982015 ], [ -6.823954, 33.981977 ] ] ] } },
{ "type": "Feature", "properties": { "urban_density": 0.23100427592117545, "temperature_proxy": 28.501527793487639 }, "geometry": { "type": "Polygon", "coordinates": [ [ [ -6.823908, 33.983779 ], [ -6.823862, 33.985582 ], [ -6.826026, 33.98562 ], [ -6.826072, 33.983818 ], [ -6.823908, 33.983779 ] ] ] } },
{ "type": "Feature", "properties": { "urban_density": 0.20641346621787121, "temperature_proxy": 28.341687530416163 }, "geometry": { "type": "Polygon", "coordinates": [ [ [ -6.823862, 33.985582 ], [ -6.823816, 33.987384 ], [ -6.82598, 33.987423 ], [ -6.826026, 33.98562 ], [ -6.823862, 33.985582 ] ] ] } },
{ "type": "Feature", "properties": { "urban_density": 0.27475449995185047, "temperature_proxy": 28.785904249687029 }, "geometry": { "type": "Polygon", "coordinates": [ [ [ -6.823816, 33.987384 ], [ -6.82377, 33.989187 ], [ -6.825934, 33.989225 ], [ -6.82598, 33.987423 ], [ -6.823816, 33.987384 ] ] ] } },
{ "type": "Feature", "properties": { "urban_density": 0.24917687981112935, "temperature_proxy": 28.61964971877234 }, "geometry": { "type": "Polygon", "coordinates": [ [ [ -6.82377, 33.989187 ], [ -6.823724, 33.990989 ], [ -6.825888, 33.991028 ], [ -6.825934, 33.989225 ], [ -6.82377, 33.989187 ] ] ] } },
{ "type": "Feature", "properties": { "urban_density": 0.2669607482362879, "temperature_proxy": 28.735244863535872 }, "geometry": { "type": "Polygon", "coordinates": [ [ [ -6.823724, 33.990989 ], [ -6.823678, 33.992792 ], [ -6.825842, 33.99283 ], [ -6.825888, 33.991028 ], [ -6.823724, 33.990989 ] ] ] } },
{ "type": "Feature", "properties": { "urban_density": 0.23775219959156083, "temperature_proxy": 28.545389297345146 }, "geometry": { "type": "Polygon", "coordinates": [ [ [ -6.823678, 33.992792 ], [ -6.823632, 33.994594 ], [ -6.825796, 33.994633 ], [ -6.825842, 33.99283 ], [ -6.823678, 33.992792 ] ] ] } },
{ "type": "Feature", "properties": { "urban_density": 0.11708271511307523, "temperature_proxy": 27.761037648234989 }, "geometry": { "type": "Polygon", "coordinates": [ [ [ -6.823632, 33.994594 ], [ -6.823586, 33.996397 ], [ -6.82575, 33.996435 ], [ -6.825796, 33.994633 ], [ -6.823632, 33.994594 ] ] ] } },
{ "type": "Feature", "properties": { "urban_density": 0.070890448361768124, "temperature_proxy": 27.460787914351492 }, "geometry": { "type": "Polygon", "coordinates": [ [ [ -6.823586, 33.996397 ], [ -6.82354, 33.998199 ], [ -6.825704, 33.998238 ], [ -6.82575, 33.996435 ], [ -6.823586, 33.996397 ] ] ] } },
{ "type": "Feature", "properties": { "urban_density": 0.070183322981652127, "temperature_proxy": 27.456191599380738 }, "geometry": { "type": "Polygon", "coordinates": [ [ [ -6.82354, 33.998199 ], [ -6.823494, 34.000002 ], [ -6.825658, 34.00004 ], [ -6.825704, 33.998238 ], [ -6.82354, 33.998199 ] ] ] } },
{ "type": "Feature", "properties": { "urban_density": 0.033985712045036039, "temperature_proxy": 27.220907128292733 }, "geometry": { "type": "Polygon", "coordinates": [ [ [ -6.823448, 34.001804 ], [ -6.823402, 34.003607 ], [ -6.825566, 34.003645 ], [ -6.825612, 34.001842 ], [ -6.823448, 34.001804 ] ] ] } },
{ "type": "Feature", "properties": { "urban_density": 0.18424779002758662, "temperature_proxy": 28.197610635179313 }, "geometry": { "type": "Polygon", "coordinates": [ [ [ -6.82331, 34.007212 ], [ -6.823264, 34.009014 ], [ -6.825429, 34.009052 ], [ -6.825475, 34.00725 ], [ -6.82331, 34.007212 ] ] ] } },
{ "type": "Feature", "properties": { "urban_density": 0.17781571663065207, "temperature_proxy": 28.155802158099238 }, "geometry": { "type": "Polygon", "coordinates": [ [ [ -6.823264, 34.009014 ], [ -6.823218, 34.010817 ], [ -6.825383, 34.010855 ], [ -6.825429, 34.009052 ], [ -6.823264, 34.009014 ] ] ] } },
{ "type": "Feature", "properties": { "urban_density": 0.16985041734014586, "temperature_proxy": 28.104027712710948 }, "geometry": { "type": "Polygon", "coordinates": [ [ [ -6.823172, 34.012619 ], [ -6.823126, 34.014422 ], [ -6.825291, 34.01446 ], [ -6.825337, 34.012657 ], [ -6.823172, 34.012619 ] ] ] } },
{ "type": "Feature", "properties": { "urban_density": 0.26078864463626766, "temperature_proxy": 28.695126190135738 }, "geometry": { "type": "Polygon", "coordinates": [ [ [ -6.823126, 34.014422 ], [ -6.82308, 34.016224 ], [ -6.825245, 34.016262 ], [ -6.825291, 34.01446 ], [ -6.823126, 34.014422 ] ] ] } },
{ "type": "Feature", "properties": { "urban_density": 0.29400405138714414, "temperature_proxy": 28.911026334016437 }, "geometry": { "type": "Polygon", "coordinates": [ [ [ -6.82308, 34.016224 ], [ -6.823034, 34.018026 ], [ -6.825199, 34.018065 ], [ -6.825245, 34.016262 ], [ -6.82308, 34.016224 ] ] ] } },
{ "type": "Feature", "properties": { "urban_density": 0.53025815819406086, "temperature_proxy": 30.446678028261395 }, "geometry": { "type": "Polygon", "coordinates": [ [ [ -6.823034, 34.018026 ], [ -6.822988, 34.019829 ], [ -6.825153, 34.019867 ], [ -6.825199, 34.018065 ], [ -6.823034, 34.018026 ] ] ] } },
{ "type": "Feature", "properties": { "urban_density": 0.43270671071415107, "temperature_proxy": 29.81259361964198 }, "geometry": { "type": "Polygon", "coordinates": [ [ [ -6.822988, 34.019829 ], [ -6.822942, 34.021631 ], [ -6.825107, 34.02167 ], [ -6.825153, 34.019867 ], [ -6.822988, 34.019829 ] ] ] } },
{ "type": "Feature", "properties": { "urban_density": 0.33451105528992736, "temperature_proxy": 29.174321859384527 }, "geometry": { "type": "Polygon", "coordinates": [ [ [ -6.822942, 34.021631 ], [ -6.822896, 34.023434 ], [ -6.825061, 34.023472 ], [ -6.825107, 34.02167 ], [ -6.822942, 34.021631 ] ] ] } },
{ "type": "Feature", "properties": { "urban_density": 0.15218066755212575, "temperature_proxy": 27.989174339088816 }, "geometry": { "type": "Polygon", "coordinates": [ [ [ -6.822896, 34.023434 ], [ -6.82285, 34.025236 ], [ -6.825015, 34.025275 ], [ -6.825061, 34.023472 ], [ -6.822896, 34.023434 ] ] ] } },
{ "type": "Feature", "properties": { "urban_density": 0.013382191918682276, "temperature_proxy": 27.086984247471435 }, "geometry": { "type": "Polygon", "coordinates": [ [ [ -6.822804, 34.027039 ], [ -6.822758, 34.028841 ], [ -6.824923, 34.02888 ], [ -6.824969, 34.027077 ], [ -6.822804, 34.027039 ] ] ] } },
{ "type": "Feature", "properties": { "urban_density": 0.30055195957166536, "temperature_proxy": 28.953587737215823 }, "geometry": { "type": "Polygon", "coordinates": [ [ [ -6.822758, 34.028841 ], [ -6.822712, 34.030644 ], [ -6.824877, 34.030682 ], [ -6.824923, 34.02888 ], [ -6.822758, 34.028841 ] ] ] } },
{ "type": "Feature", "properties": { "urban_density": 0.22686117475354295, "temperature_proxy": 28.474597635898029 }, "geometry": { "type": "Polygon", "coordinates": [ [ [ -6.822712, 34.030644 ], [ -6.822666, 34.032446 ], [ -6.824831, 34.032485 ], [ -6.824877, 34.030682 ], [ -6.822712, 34.030644 ] ] ] } },
{ "type": "Feature", "properties": { "urban_density": 0.33120589937779732, "temperature_proxy": 29.152838345955683 }, "geometry": { "type": "Polygon", "coordinates": [ [ [ -6.822666, 34.032446 ], [ -6.82262, 34.034249 ], [ -6.824785, 34.034287 ], [ -6.824831, 34.032485 ], [ -6.822666, 34.032446 ] ] ] } },
{ "type": "Feature", "properties": { "urban_density": 0.18731439348573203, "temperature_proxy": 28.217543557657258 }, "geometry": { "type": "Polygon", "coordinates": [ [ [ -6.82262, 34.034249 ], [ -6.822573, 34.036051 ], [ -6.824739, 34.036089 ], [ -6.824785, 34.034287 ], [ -6.82262, 34.034249 ] ] ] } },
{ "type": "Feature", "properties": { "urban_density": 0.31035182782170206, "temperature_proxy": 29.017286880841063 }, "geometry": { "type": "Polygon", "coordinates": [ [ [ -6.822573, 34.036051 ], [ -6.822527, 34.037854 ], [ -6.824693, 34.037892 ], [ -6.824739, 34.036089 ], [ -6.822573, 34.036051 ] ] ] } },
{ "type": "Feature", "properties": { "urban_density": 0.27792540904143503, "temperature_proxy": 28.806515158769329 }, "geometry": { "type": "Polygon", "coordinates": [ [ [ -6.822527, 34.037854 ], [ -6.822481, 34.039656 ], [ -6.824647, 34.039694 ], [ -6.824693, 34.037892 ], [ -6.822527, 34.037854 ] ] ] } },
{ "type": "Feature", "properties": { "urban_density": 0.038995186883631155, "temperature_proxy": 27.253468714743601 }, "geometry": { "type": "Polygon", "coordinates": [ [ [ -6.822481, 34.039656 ], [ -6.822435, 34.041459 ], [ -6.8246, 34.041497 ], [ -6.824647, 34.039694 ], [ -6.822481, 34.039656 ] ] ] } },
{ "type": "Feature", "properties": { "urban_density": 0.13258221117219587, "temperature_proxy": 27.861784372619272 }, "geometry": { "type": "Polygon", "coordinates": [ [ [ -6.822755, 33.944086 ], [ -6.822709, 33.945889 ], [ -6.824872, 33.945927 ], [ -6.824918, 33.944125 ], [ -6.822755, 33.944086 ] ] ] } },
{ "type": "Feature", "properties": { "urban_density": 0.087526636284285766, "temperature_proxy": 27.568923135847857 }, "geometry": { "type": "Polygon", "coordinates": [ [ [ -6.822709, 33.945889 ], [ -6.822663, 33.947691 ], [ -6.824826, 33.94773 ], [ -6.824872, 33.945927 ], [ -6.822709, 33.945889 ] ] ] } },
{ "type": "Feature", "properties": { "urban_density": 0.078799345787137737, "temperature_proxy": 27.512195747616396 }, "geometry": { "type": "Polygon", "coordinates": [ [ [ -6.822663, 33.947691 ], [ -6.822618, 33.949494 ], [ -6.82478, 33.949532 ], [ -6.824826, 33.94773 ], [ -6.822663, 33.947691 ] ] ] } },
{ "type": "Feature", "properties": { "urban_density": 0.1619708987443059, "temperature_proxy": 28.052810841837989 }, "geometry": { "type": "Polygon", "coordinates": [ [ [ -6.822618, 33.949494 ], [ -6.822572, 33.951296 ], [ -6.824735, 33.951335 ], [ -6.82478, 33.949532 ], [ -6.822618, 33.949494 ] ] ] } },
{ "type": "Feature", "properties": { "urban_density": 0.047785320307308254, "temperature_proxy": 27.310604581997502 }, "geometry": { "type": "Polygon", "coordinates": [ [ [ -6.822572, 33.951296 ], [ -6.822526, 33.953099 ], [ -6.824689, 33.953137 ], [ -6.824735, 33.951335 ], [ -6.822572, 33.951296 ] ] ] } },
{ "type": "Feature", "properties": { "urban_density": 0.18069237853798867, "temperature_proxy": 28.174500460496926 }, "geometry": { "type": "Polygon", "coordinates": [ [ [ -6.822526, 33.953099 ], [ -6.82248, 33.954901 ], [ -6.824643, 33.95494 ], [ -6.824689, 33.953137 ], [ -6.822526, 33.953099 ] ] ] } },
{ "type": "Feature", "properties": { "urban_density": 0.205586073282509, "temperature_proxy": 28.336309476336307 }, "geometry": { "type": "Polygon", "coordinates": [ [ [ -6.82248, 33.954901 ], [ -6.822434, 33.956704 ], [ -6.824597, 33.956742 ], [ -6.824643, 33.95494 ], [ -6.82248, 33.954901 ] ] ] } },
{ "type": "Feature", "properties": { "urban_density": 0.097287673067238553, "temperature_proxy": 27.632369874937051 }, "geometry": { "type": "Polygon", "coordinates": [ [ [ -6.822434, 33.956704 ], [ -6.822388, 33.958506 ], [ -6.824551, 33.958545 ], [ -6.824597, 33.956742 ], [ -6.822434, 33.956704 ] ] ] } },
{ "type": "Feature", "properties": { "urban_density": 0.20786546591516122, "temperature_proxy": 28.351125528448549 }, "geometry": { "type": "Polygon", "coordinates": [ [ [ -6.822388, 33.958506 ], [ -6.822342, 33.960309 ], [ -6.824505, 33.960347 ], [ -6.824551, 33.958545 ], [ -6.822388, 33.958506 ] ] ] } },
{ "type": "Feature", "properties": { "urban_density": 0.13571381623946491, "temperature_proxy": 27.882139805556523 }, "geometry": { "type": "Polygon", "coordinates": [ [ [ -6.822342, 33.960309 ], [ -6.822296, 33.962111 ], [ -6.824459, 33.96215 ], [ -6.824505, 33.960347 ], [ -6.822342, 33.960309 ] ] ] } },
{ "type": "Feature", "properties": { "urban_density": 0.14208205383345496, "temperature_proxy": 27.923533349917456 }, "geometry": { "type": "Polygon", "coordinates": [ [ [ -6.822296, 33.962111 ], [ -6.82225, 33.963914 ], [ -6.824413, 33.963952 ], [ -6.824459, 33.96215 ], [ -6.822296, 33.962111 ] ] ] } },
{ "type": "Feature", "properties": { "urban_density": 0.18696752941510944, "temperature_proxy": 28.21528894119821 }, "geometry": { "type": "Polygon", "coordinates": [ [ [ -6.82225, 33.963914 ], [ -6.822204, 33.965716 ], [ -6.824367, 33.965755 ], [ -6.824413, 33.963952 ], [ -6.82225, 33.963914 ] ] ] } },
{ "type": "Feature", "properties": { "urban_density": 0.12527926020052427, "temperature_proxy": 27.814315191303407 }, "geometry": { "type": "Polygon", "coordinates": [ [ [ -6.822204, 33.965716 ], [ -6.822158, 33.967519 ], [ -6.824321, 33.967557 ], [ -6.824367, 33.965755 ], [ -6.822204, 33.965716 ] ] ] } },
{ "type": "Feature", "properties": { "urban_density": 0.089656837782951346, "temperature_proxy": 27.582769445589182 }, "geometry": { "type": "Polygon", "coordinates": [ [ [ -6.822158, 33.967519 ], [ -6.822112, 33.969321 ], [ -6.824275, 33.969359 ], [ -6.824321, 33.967557 ], [ -6.822158, 33.967519 ] ] ] } },
{ "type": "Feature", "properties": { "urban_density": 0.13924626585321792, "temperature_proxy": 27.905100728045916 }, "geometry": { "type": "Polygon", "coordinates": [ [ [ -6.822112, 33.969321 ], [ -6.822066, 33.971124 ], [ -6.82423, 33.971162 ], [ -6.824275, 33.969359 ], [ -6.822112, 33.969321 ] ] ] } },
{ "type": "Feature", "properties": { "urban_density": 0.23627449837906989, "temperature_proxy": 28.535784239463954 }, "geometry": { "type": "Polygon", "coordinates": [ [ [ -6.822066, 33.971124 ], [ -6.82202, 33.972926 ], [ -6.824184, 33.972964 ], [ -6.82423, 33.971162 ], [ -6.822066, 33.971124 ] ] ] } },
{ "type": "Feature", "properties": { "urban_density": 0.3057042663320107, "temperature_proxy": 28.98707773115807 }, "geometry": { "type": "Polygon", "coordinates": [ [ [ -6.82202, 33.972926 ], [ -6.821974, 33.974729 ], [ -6.824138, 33.974767 ], [ -6.824184, 33.972964 ], [ -6.82202, 33.972926 ] ] ] } },
{ "type": "Feature", "properties": { "urban_density": 0.18752606173941147, "temperature_proxy": 28.218919401306174 }, "geometry": { "type": "Polygon", "coordinates": [ [ [ -6.821974, 33.974729 ], [ -6.821928, 33.976531 ], [ -6.824092, 33.976569 ], [ -6.824138, 33.974767 ], [ -6.821974, 33.974729 ] ] ] } },
{ "type": "Feature", "properties": { "urban_density": 0.19537442546993078, "temperature_proxy": 28.269933765554551 }, "geometry": { "type": "Polygon", "coordinates": [ [ [ -6.821928, 33.976531 ], [ -6.821882, 33.978334 ], [ -6.824046, 33.978372 ], [ -6.824092, 33.976569 ], [ -6.821928, 33.976531 ] ] ] } },
{ "type": "Feature", "properties": { "urban_density": 0.14692737146645934, "temperature_proxy": 27.955027914531986 }, "geometry": { "type": "Polygon", "coordinates": [ [ [ -6.821882, 33.978334 ], [ -6.821836, 33.980136 ], [ -6.824, 33.980174 ], [ -6.824046, 33.978372 ], [ -6.821882, 33.978334 ] ] ] } },
{ "type": "Feature", "properties": { "urban_density": 0.20674973808909949, "temperature_proxy": 28.343873297579147 }, "geometry": { "type": "Polygon", "coordinates": [ [ [ -6.821836, 33.980136 ], [ -6.82179, 33.981939 ], [ -6.823954, 33.981977 ], [ -6.824, 33.980174 ], [ -6.821836, 33.980136 ] ] ] } },
{ "type": "Feature", "properties": { "urban_density": 0.3078016164898939, "temperature_proxy": 29.000710507184309 }, "geometry": { "type": "Polygon", "coordinates": [ [ [ -6.82179, 33.981939 ], [ -6.821744, 33.983741 ], [ -6.823908, 33.983779 ], [ -6.823954, 33.981977 ], [ -6.82179, 33.981939 ] ] ] } },
{ "type": "Feature", "properties": { "urban_density": 0.22955688926650611, "temperature_proxy": 28.49211978023229 }, "geometry": { "type": "Polygon", "coordinates": [ [ [ -6.821744, 33.983741 ], [ -6.821698, 33.985544 ], [ -6.823862, 33.985582 ], [ -6.823908, 33.983779 ], [ -6.821744, 33.983741 ] ] ] } },
{ "type": "Feature", "properties": { "urban_density": 0.23893588447091282, "temperature_proxy": 28.553083249060933 }, "geometry": { "type": "Polygon", "coordinates": [ [ [ -6.821698, 33.985544 ], [ -6.821652, 33.987346 ], [ -6.823816, 33.987384 ], [ -6.823862, 33.985582 ], [ -6.821698, 33.985544 ] ] ] } },
{ "type": "Feature", "properties": { "urban_density": 0.2457373367553283, "temperature_proxy": 28.597292688909633 }, "geometry": { "type": "Polygon", "coordinates": [ [ [ -6.821652, 33.987346 ], [ -6.821606, 33.989149 ], [ -6.82377, 33.989187 ], [ -6.823816, 33.987384 ], [ -6.821652, 33.987346 ] ] ] } },
{ "type": "Feature", "properties": { "urban_density": 0.23996101780631812, "temperature_proxy": 28.559746615741069 }, "geometry": { "type": "Polygon", "coordinates": [ [ [ -6.821606, 33.989149 ], [ -6.82156, 33.990951 ], [ -6.823724, 33.990989 ], [ -6.82377, 33.989187 ], [ -6.821606, 33.989149 ] ] ] } },
{ "type": "Feature", "properties": { "urban_density": 0.17315659261046645, "temperature_proxy": 28.125517851968031 }, "geometry": { "type": "Polygon", "coordinates": [ [ [ -6.82156, 33.990951 ], [ -6.821514, 33.992753 ], [ -6.823678, 33.992792 ], [ -6.823724, 33.990989 ], [ -6.82156, 33.990951 ] ] ] } },
{ "type": "Feature", "properties": { "urban_density": 0.2397658790211076, "temperature_proxy": 28.558478213637201 }, "geometry": { "type": "Polygon", "coordinates": [ [ [ -6.821514, 33.992753 ], [ -6.821468, 33.994556 ], [ -6.823632, 33.994594 ], [ -6.823678, 33.992792 ], [ -6.821514, 33.992753 ] ] ] } },
{ "type": "Feature", "properties": { "urban_density": 0.20640427808389544, "temperature_proxy": 28.341627807545322 }, "geometry": { "type": "Polygon", "coordinates": [ [ [ -6.821468, 33.994556 ], [ -6.821422, 33.996358 ], [ -6.823586, 33.996397 ], [ -6.823632, 33.994594 ], [ -6.821468, 33.994556 ] ] ] } },
{ "type": "Feature", "properties": { "urban_density": 0.19210341830355629, "temperature_proxy": 28.248672218973116 }, "geometry": { "type": "Polygon", "coordinates": [ [ [ -6.821422, 33.996358 ], [ -6.821376, 33.998161 ], [ -6.82354, 33.998199 ], [ -6.823586, 33.996397 ], [ -6.821422, 33.996358 ] ] ] } },
{ "type": "Feature", "properties": { "urban_density": 0.092303286142991117, "temperature_proxy": 27.599971359929441 }, "geometry": { "type": "Polygon", "coordinates": [ [ [ -6.821376, 33.998161 ], [ -6.82133, 33.999963 ], [ -6.823494, 34.000002 ], [ -6.82354, 33.998199 ], [ -6.821376, 33.998161 ] ] ] } },
{ "type": "Feature", "properties": { "urban_density": 0.014767249555991787, "temperature_proxy": 27.095987122113947 }, "geometry": { "type": "Polygon", "coordinates": [ [ [ -6.821192, 34.005371 ], [ -6.821146, 34.007173 ], [ -6.82331, 34.007212 ], [ -6.823356, 34.005409 ], [ -6.821192, 34.005371 ] ] ] } },
{ "type": "Feature", "properties": { "urban_density": 0.06477683359698877, "temperature_proxy": 27.421049418380427 }, "geometry": { "type": "Polygon", "coordinates": [ [ [ -6.8211, 34.008976 ], [ -6.821054, 34.010778 ], [ -6.823218, 34.010817 ], [ -6.823264, 34.009014 ], [ -6.8211, 34.008976 ] ] ] } },
{ "type": "Feature", "properties": { "urban_density": 0.24899130837666131, "temperature_proxy": 28.618443504448297 }, "geometry": { "type": "Polygon", "coordinates": [ [ [ -6.821054, 34.010778 ], [ -6.821008, 34.012581 ], [ -6.823172, 34.012619 ], [ -6.823218, 34.010817 ], [ -6.821054, 34.010778 ] ] ] } },
{ "type": "Feature", "properties": { "urban_density": 0.26545521102279995, "temperature_proxy": 28.7254588716482 }, "geometry": { "type": "Polygon", "coordinates": [ [ [ -6.821008, 34.012581 ], [ -6.820962, 34.014383 ], [ -6.823126, 34.014422 ], [ -6.823172, 34.012619 ], [ -6.821008, 34.012581 ] ] ] } },
{ "type": "Feature", "properties": { "urban_density": 0.20848750506049263, "temperature_proxy": 28.355168782893202 }, "geometry": { "type": "Polygon", "coordinates": [ [ [ -6.820962, 34.014383 ], [ -6.820916, 34.016186 ], [ -6.82308, 34.016224 ], [ -6.823126, 34.014422 ], [ -6.820962, 34.014383 ] ] ] } },
{ "type": "Feature", "properties": { "urban_density": 0.063118054874482105, "temperature_proxy": 27.410267356684134 }, "geometry": { "type": "Polygon", "coordinates": [ [ [ -6.820916, 34.016186 ], [ -6.820869, 34.017988 ], [ -6.823034, 34.018026 ], [ -6.82308, 34.016224 ], [ -6.820916, 34.016186 ] ] ] } },
{ "type": "Feature", "properties": { "urban_density": 0.34536997658741742, "temperature_proxy": 29.244904847818212 }, "geometry": { "type": "Polygon", "coordinates": [ [ [ -6.820869, 34.017988 ], [ -6.820823, 34.019791 ], [ -6.822988, 34.019829 ], [ -6.823034, 34.018026 ], [ -6.820869, 34.017988 ] ] ] } },
{ "type": "Feature", "properties": { "urban_density": 0.37312814898504476, "temperature_proxy": 29.425332968402792 }, "geometry": { "type": "Polygon", "coordinates": [ [ [ -6.820823, 34.019791 ], [ -6.820777, 34.021593 ], [ -6.822942, 34.021631 ], [ -6.822988, 34.019829 ], [ -6.820823, 34.019791 ] ] ] } },
{ "type": "Feature", "properties": { "urban_density": 0.14309250941366794, "temperature_proxy": 27.930101311188842 }, "geometry": { "type": "Polygon", "coordinates": [ [ [ -6.820777, 34.021593 ], [ -6.820731, 34.023396 ], [ -6.822896, 34.023434 ], [ -6.822942, 34.021631 ], [ -6.820777, 34.021593 ] ] ] } },
{ "type": "Feature", "properties": { "urban_density": 0.013333648466971586, "temperature_proxy": 27.086668715035316 }, "geometry": { "type": "Polygon", "coordinates": [ [ [ -6.820731, 34.023396 ], [ -6.820685, 34.025198 ], [ -6.82285, 34.025236 ], [ -6.822896, 34.023434 ], [ -6.820731, 34.023396 ] ] ] } },
{ "type": "Feature", "properties": { "urban_density": 0.01566026516119998, "temperature_proxy": 27.101791723547802 }, "geometry": { "type": "Polygon", "coordinates": [ [ [ -6.820685, 34.025198 ], [ -6.820639, 34.027 ], [ -6.822804, 34.027039 ], [ -6.82285, 34.025236 ], [ -6.820685, 34.025198 ] ] ] } },
{ "type": "Feature", "properties": { "urban_density": 0.033185831714029036, "temperature_proxy": 27.215707906141187 }, "geometry": { "type": "Polygon", "coordinates": [ [ [ -6.820639, 34.027 ], [ -6.820593, 34.028803 ], [ -6.822758, 34.028841 ], [ -6.822804, 34.027039 ], [ -6.820639, 34.027 ] ] ] } },
{ "type": "Feature", "properties": { "urban_density": 0.014461535173272824, "temperature_proxy": 27.093999978626272 }, "geometry": { "type": "Polygon", "coordinates": [ [ [ -6.820593, 34.028803 ], [ -6.820547, 34.030605 ], [ -6.822712, 34.030644 ], [ -6.822758, 34.028841 ], [ -6.820593, 34.028803 ] ] ] } },
{ "type": "Feature", "properties": { "urban_density": 0.093122900617377449, "temperature_proxy": 27.605298854012954 }, "geometry": { "type": "Polygon", "coordinates": [ [ [ -6.820547, 34.030605 ], [ -6.820501, 34.032408 ], [ -6.822666, 34.032446 ], [ -6.822712, 34.030644 ], [ -6.820547, 34.030605 ] ] ] } },
{ "type": "Feature", "properties": { "urban_density": 0.26716156154781689, "temperature_proxy": 28.736550150060811 }, "geometry": { "type": "Polygon", "coordinates": [ [ [ -6.820501, 34.032408 ], [ -6.820455, 34.03421 ], [ -6.82262, 34.034249 ], [ -6.822666, 34.032446 ], [ -6.820501, 34.032408 ] ] ] } },
{ "type": "Feature", "properties": { "urban_density": 0.3920071402097281, "temperature_proxy": 29.548046411363231 }, "geometry": { "type": "Polygon", "coordinates": [ [ [ -6.820455, 34.03421 ], [ -6.820408, 34.036013 ], [ -6.822573, 34.036051 ], [ -6.82262, 34.034249 ], [ -6.820455, 34.03421 ] ] ] } },
{ "type": "Feature", "properties": { "urban_density": 0.35043247207395789, "temperature_proxy": 29.277811068480727 }, "geometry": { "type": "Polygon", "coordinates": [ [ [ -6.820408, 34.036013 ], [ -6.820362, 34.037815 ], [ -6.822527, 34.037854 ], [ -6.822573, 34.036051 ], [ -6.820408, 34.036013 ] ] ] } },
{ "type": "Feature", "properties": { "urban_density": 0.34317873933188087, "temperature_proxy": 29.230661805657228 }, "geometry": { "type": "Polygon", "coordinates": [ [ [ -6.820362, 34.037815 ], [ -6.820316, 34.039618 ], [ -6.822481, 34.039656 ], [ -6.822527, 34.037854 ], [ -6.820362, 34.037815 ] ] ] } },
{ "type": "Feature", "properties": { "urban_density": 0.057475432447790339, "temperature_proxy": 27.373590310910636 }, "geometry": { "type": "Polygon", "coordinates": [ [ [ -6.820316, 34.039618 ], [ -6.82027, 34.04142 ], [ -6.822435, 34.041459 ], [ -6.822481, 34.039656 ], [ -6.820316, 34.039618 ] ] ] } },
{ "type": "Feature", "properties": { "urban_density": 0.013876698254842217, "temperature_proxy": 27.090198538656473 }, "geometry": { "type": "Polygon", "coordinates": [ [ [ -6.820684, 33.940443 ], [ -6.820639, 33.942246 ], [ -6.822801, 33.942284 ], [ -6.822847, 33.940481 ], [ -6.820684, 33.940443 ] ] ] } },
{ "type": "Feature", "properties": { "urban_density": 0.048726328958264425, "temperature_proxy": 27.316721138228719 }, "geometry": { "type": "Polygon", "coordinates": [ [ [ -6.820639, 33.942246 ], [ -6.820593, 33.944048 ], [ -6.822755, 33.944086 ], [ -6.822801, 33.942284 ], [ -6.820639, 33.942246 ] ] ] } },
{ "type": "Feature", "properties": { "urban_density": 0.15539954220836122, "temperature_proxy": 28.010097024354348 }, "geometry": { "type": "Polygon", "coordinates": [ [ [ -6.820593, 33.944048 ], [ -6.820547, 33.945851 ], [ -6.822709, 33.945889 ], [ -6.822755, 33.944086 ], [ -6.820593, 33.944048 ] ] ] } },
{ "type": "Feature", "properties": { "urban_density": 0.12309561606298203, "temperature_proxy": 27.800121504409383 }, "geometry": { "type": "Polygon", "coordinates": [ [ [ -6.820547, 33.945851 ], [ -6.820501, 33.947653 ], [ -6.822663, 33.947691 ], [ -6.822709, 33.945889 ], [ -6.820547, 33.945851 ] ] ] } },
{ "type": "Feature", "properties": { "urban_density": 0.18767584623709216, "temperature_proxy": 28.219893000541099 }, "geometry": { "type": "Polygon", "coordinates": [ [ [ -6.820501, 33.947653 ], [ -6.820455, 33.949456 ], [ -6.822618, 33.949494 ], [ -6.822663, 33.947691 ], [ -6.820501, 33.947653 ] ] ] } },
{ "type": "Feature", "properties": { "urban_density": 0.16229554914283736, "temperature_proxy": 28.054921069428442 }, "geometry": { "type": "Polygon", "coordinates": [ [ [ -6.820455, 33.949456 ], [ -6.820409, 33.951258 ], [ -6.822572, 33.951296 ], [ -6.822618, 33.949494 ], [ -6.820455, 33.949456 ] ] ] } },
{ "type": "Feature", "properties": { "urban_density": 0.15903098655670142, "temperature_proxy": 28.033701412618559 }, "geometry": { "type": "Polygon", "coordinates": [ [ [ -6.820409, 33.951258 ], [ -6.820363, 33.953061 ], [ -6.822526, 33.953099 ], [ -6.822572, 33.951296 ], [ -6.820409, 33.951258 ] ] ] } },
{ "type": "Feature", "properties": { "urban_density": 0.13261340371194258, "temperature_proxy": 27.861987124127626 }, "geometry": { "type": "Polygon", "coordinates": [ [ [ -6.820363, 33.953061 ], [ -6.820317, 33.954863 ], [ -6.82248, 33.954901 ], [ -6.822526, 33.953099 ], [ -6.820363, 33.953061 ] ] ] } },
{ "type": "Feature", "properties": { "urban_density": 0.15695283192196813, "temperature_proxy": 28.020193407492794 }, "geometry": { "type": "Polygon", "coordinates": [ [ [ -6.820317, 33.954863 ], [ -6.820271, 33.956665 ], [ -6.822434, 33.956704 ], [ -6.82248, 33.954901 ], [ -6.820317, 33.954863 ] ] ] } },
{ "type": "Feature", "properties": { "urban_density": 0.14578268269141001, "temperature_proxy": 27.947587437494164 }, "geometry": { "type": "Polygon", "coordinates": [ [ [ -6.820271, 33.956665 ], [ -6.820225, 33.958468 ], [ -6.822388, 33.958506 ], [ -6.822434, 33.956704 ], [ -6.820271, 33.956665 ] ] ] } },
{ "type": "Feature", "properties": { "urban_density": 0.15876604755768708, "temperature_proxy": 28.031979309124967 }, "geometry": { "type": "Polygon", "coordinates": [ [ [ -6.820225, 33.958468 ], [ -6.820179, 33.96027 ], [ -6.822342, 33.960309 ], [ -6.822388, 33.958506 ], [ -6.820225, 33.958468 ] ] ] } },
{ "type": "Feature", "properties": { "urban_density": 0.12619093526226749, "temperature_proxy": 27.820241079204738 }, "geometry": { "type": "Polygon", "coordinates": [ [ [ -6.820179, 33.96027 ], [ -6.820133, 33.962073 ], [ -6.822296, 33.962111 ], [ -6.822342, 33.960309 ], [ -6.820179, 33.96027 ] ] ] } },
{ "type": "Feature", "properties": { "urban_density": 0.20501953313427188, "temperature_proxy": 28.332626965372768 }, "geometry": { "type": "Polygon", "coordinates": [ [ [ -6.820133, 33.962073 ], [ -6.820087, 33.963875 ], [ -6.82225, 33.963914 ], [ -6.822296, 33.962111 ], [ -6.820133, 33.962073 ] ] ] } },
{ "type": "Feature", "properties": { "urban_density": 0.069337907889431158, "temperature_proxy": 27.450696401281302 }, "geometry": { "type": "Polygon", "coordinates": [ [ [ -6.820087, 33.963875 ], [ -6.820041, 33.965678 ], [ -6.822204, 33.965716 ], [ -6.82225, 33.963914 ], [ -6.820087, 33.963875 ] ] ] } },
{ "type": "Feature", "properties": { "urban_density": 0.17782271184673959, "temperature_proxy": 28.155847627003808 }, "geometry": { "type": "Polygon", "coordinates": [ [ [ -6.820041, 33.965678 ], [ -6.819995, 33.96748 ], [ -6.822158, 33.967519 ], [ -6.822204, 33.965716 ], [ -6.820041, 33.965678 ] ] ] } },
{ "type": "Feature", "properties": { "urban_density": 0.21454959509161795, "temperature_proxy": 28.394572368095517 }, "geometry": { "type": "Polygon", "coordinates": [ [ [ -6.819995, 33.96748 ], [ -6.819949, 33.969283 ], [ -6.822112, 33.969321 ], [ -6.822158, 33.967519 ], [ -6.819995, 33.96748 ] ] ] } },
{ "type": "Feature", "properties": { "urban_density": 0.27049364676027943, "temperature_proxy": 28.758208703941815 }, "geometry": { "type": "Polygon", "coordinates": [ [ [ -6.819949, 33.969283 ], [ -6.819903, 33.971085 ], [ -6.822066, 33.971124 ], [ -6.822112, 33.969321 ], [ -6.819949, 33.969283 ] ] ] } },
{ "type": "Feature", "properties": { "urban_density": 0.16449783473013438, "temperature_proxy": 28.069235925745872 }, "geometry": { "type": "Polygon", "coordinates": [ [ [ -6.819903, 33.971085 ], [ -6.819857, 33.972888 ], [ -6.82202, 33.972926 ], [ -6.822066, 33.971124 ], [ -6.819903, 33.971085 ] ] ] } },
{ "type": "Feature", "properties": { "urban_density": 0.25522949642822185, "temperature_proxy": 28.658991726783441 }, "geometry": { "type": "Polygon", "coordinates": [ [ [ -6.819857, 33.972888 ], [ -6.819811, 33.97469 ], [ -6.821974, 33.974729 ], [ -6.82202, 33.972926 ], [ -6.819857, 33.972888 ] ] ] } },
{ "type": "Feature", "properties": { "urban_density": 0.21791764198472802, "temperature_proxy": 28.416464672900734 }, "geometry": { "type": "Polygon", "coordinates": [ [ [ -6.819811, 33.97469 ], [ -6.819765, 33.976493 ], [ -6.821928, 33.976531 ], [ -6.821974, 33.974729 ], [ -6.819811, 33.97469 ] ] ] } },
{ "type": "Feature", "properties": { "urban_density": 0.19606768266640803, "temperature_proxy": 28.274439937331653 }, "geometry": { "type": "Polygon", "coordinates": [ [ [ -6.819765, 33.976493 ], [ -6.819719, 33.978295 ], [ -6.821882, 33.978334 ], [ -6.821928, 33.976531 ], [ -6.819765, 33.976493 ] ] ] } },
{ "type": "Feature", "properties": { "urban_density": 0.2769038065832648, "temperature_proxy": 28.799874742791221 }, "geometry": { "type": "Polygon", "coordinates": [ [ [ -6.819719, 33.978295 ], [ -6.819673, 33.980098 ], [ -6.821836, 33.980136 ], [ -6.821882, 33.978334 ], [ -6.819719, 33.978295 ] ] ] } },
{ "type": "Feature", "properties": { "urban_density": 0.15670674577036087, "temperature_proxy": 28.018593847507347 }, "geometry": { "type": "Polygon", "coordinates": [ [ [ -6.819673, 33.980098 ], [ -6.819627, 33.9819 ], [ -6.82179, 33.981939 ], [ -6.821836, 33.980136 ], [ -6.819673, 33.980098 ] ] ] } },
{ "type": "Feature", "properties": { "urban_density": 0.23819761277961485, "temperature_proxy": 28.548284483067498 }, "geometry": { "type": "Polygon", "coordinates": [ [ [ -6.819627, 33.9819 ], [ -6.81958, 33.983703 ], [ -6.821744, 33.983741 ], [ -6.82179, 33.981939 ], [ -6.819627, 33.9819 ] ] ] } },
{ "type": "Feature", "properties": { "urban_density": 0.27686768265300027, "temperature_proxy": 28.799639937244503 }, "geometry": { "type": "Polygon", "coordinates": [ [ [ -6.81958, 33.983703 ], [ -6.819534, 33.985505 ], [ -6.821698, 33.985544 ], [ -6.821744, 33.983741 ], [ -6.81958, 33.983703 ] ] ] } },
{ "type": "Feature", "properties": { "urban_density": 0.16286317060365421, "temperature_proxy": 28.058610608923754 }, "geometry": { "type": "Polygon", "coordinates": [ [ [ -6.819534, 33.985505 ], [ -6.819488, 33.987308 ], [ -6.821652, 33.987346 ], [ -6.821698, 33.985544 ], [ -6.819534, 33.985505 ] ] ] } },
{ "type": "Feature", "properties": { "urban_density": 0.20055055161363694, "temperature_proxy": 28.303578585488641 }, "geometry": { "type": "Polygon", "coordinates": [ [ [ -6.819488, 33.987308 ], [ -6.819442, 33.98911 ], [ -6.821606, 33.989149 ], [ -6.821652, 33.987346 ], [ -6.819488, 33.987308 ] ] ] } },
{ "type": "Feature", "properties": { "urban_density": 0.29145678017103621, "temperature_proxy": 28.894469071111736 }, "geometry": { "type": "Polygon", "coordinates": [ [ [ -6.819442, 33.98911 ], [ -6.819396, 33.990913 ], [ -6.82156, 33.990951 ], [ -6.821606, 33.989149 ], [ -6.819442, 33.98911 ] ] ] } },
{ "type": "Feature", "properties": { "urban_density": 0.27147624596015169, "temperature_proxy": 28.764595598740986 }, "geometry": { "type": "Polygon", "coordinates": [ [ [ -6.819396, 33.990913 ], [ -6.81935, 33.992715 ], [ -6.821514, 33.992753 ], [ -6.82156, 33.990951 ], [ -6.819396, 33.990913 ] ] ] } },
{ "type": "Feature", "properties": { "urban_density": 0.21213670513392352, "temperature_proxy": 28.378888583370504 }, "geometry": { "type": "Polygon", "coordinates": [ [ [ -6.81935, 33.992715 ], [ -6.819304, 33.994518 ], [ -6.821468, 33.994556 ], [ -6.821514, 33.992753 ], [ -6.81935, 33.992715 ] ] ] } },
{ "type": "Feature", "properties": { "urban_density": 0.20118017656999373, "temperature_proxy": 28.307671147704959 }, "geometry": { "type": "Polygon", "coordinates": [ [ [ -6.819304, 33.994518 ], [ -6.819258, 33.99632 ], [ -6.821422, 33.996358 ], [ -6.821468, 33.994556 ], [ -6.819304, 33.994518 ] ] ] } },
{ "type": "Feature", "properties": { "urban_density": 0.19173065815076834, "temperature_proxy": 28.246249277979995 }, "geometry": { "type": "Polygon", "coordinates": [ [ [ -6.819258, 33.99632 ], [ -6.819212, 33.998123 ], [ -6.821376, 33.998161 ], [ -6.821422, 33.996358 ], [ -6.819258, 33.99632 ] ] ] } },
{ "type": "Feature", "properties": { "urban_density": 0.11396111075287285, "temperature_proxy": 27.740747219893674 }, "geometry": { "type": "Polygon", "coordinates": [ [ [ -6.819212, 33.998123 ], [ -6.819166, 33.999925 ], [ -6.82133, 33.999963 ], [ -6.821376, 33.998161 ], [ -6.819212, 33.998123 ] ] ] } },
{ "type": "Feature", "properties": { "urban_density": 0.025456475256419125, "temperature_proxy": 27.165467089166725 }, "geometry": { "type": "Polygon", "coordinates": [ [ [ -6.818889, 34.01074 ], [ -6.818843, 34.012542 ], [ -6.821008, 34.012581 ], [ -6.821054, 34.010778 ], [ -6.818889, 34.01074 ] ] ] } },
{ "type": "Feature", "properties": { "urban_density": 0.10587316037121863, "temperature_proxy": 27.688175542412921 }, "geometry": { "type": "Polygon", "coordinates": [ [ [ -6.818843, 34.012542 ], [ -6.818797, 34.014345 ], [ -6.820962, 34.014383 ], [ -6.821008, 34.012581 ], [ -6.818843, 34.012542 ] ] ] } },
{ "type": "Feature", "properties": { "urban_density": 0.07566097463697645, "temperature_proxy": 27.491796335140346 }, "geometry": { "type": "Polygon", "coordinates": [ [ [ -6.818797, 34.014345 ], [ -6.818751, 34.016147 ], [ -6.820916, 34.016186 ], [ -6.820962, 34.014383 ], [ -6.818797, 34.014345 ] ] ] } },
{ "type": "Feature", "properties": { "urban_density": 0.014219157567100644, "temperature_proxy": 27.092424524186153 }, "geometry": { "type": "Polygon", "coordinates": [ [ [ -6.818705, 34.01795 ], [ -6.818659, 34.019752 ], [ -6.820823, 34.019791 ], [ -6.820869, 34.017988 ], [ -6.818705, 34.01795 ] ] ] } },
{ "type": "Feature", "properties": { "urban_density": 0.01019252864592146, "temperature_proxy": 27.066251436198488 }, "geometry": { "type": "Polygon", "coordinates": [ [ [ -6.818659, 34.019752 ], [ -6.818613, 34.021555 ], [ -6.820777, 34.021593 ], [ -6.820823, 34.019791 ], [ -6.818659, 34.019752 ] ] ] } },
{ "type": "Feature", "properties": { "urban_density": 0.070279986251268869, "temperature_proxy": 27.456819910633246 }, "geometry": { "type": "Polygon", "coordinates": [ [ [ -6.818382, 34.030567 ], [ -6.818336, 34.032369 ], [ -6.820501, 34.032408 ], [ -6.820547, 34.030605 ], [ -6.818382, 34.030567 ] ] ] } },
{ "type": "Feature", "properties": { "urban_density": 0.039353207953170204, "temperature_proxy": 27.255795851695606 }, "geometry": { "type": "Polygon", "coordinates": [ [ [ -6.818336, 34.032369 ], [ -6.81829, 34.034172 ], [ -6.820455, 34.03421 ], [ -6.820501, 34.032408 ], [ -6.818336, 34.032369 ] ] ] } },
{ "type": "Feature", "properties": { "urban_density": 0.16176762404408274, "temperature_proxy": 28.051489556286537 }, "geometry": { "type": "Polygon", "coordinates": [ [ [ -6.81829, 34.034172 ], [ -6.818243, 34.035974 ], [ -6.820408, 34.036013 ], [ -6.820455, 34.03421 ], [ -6.81829, 34.034172 ] ] ] } },
{ "type": "Feature", "properties": { "urban_density": 0.30578621016919894, "temperature_proxy": 28.987610366099794 }, "geometry": { "type": "Polygon", "coordinates": [ [ [ -6.818243, 34.035974 ], [ -6.818197, 34.037777 ], [ -6.820362, 34.037815 ], [ -6.820408, 34.036013 ], [ -6.818243, 34.035974 ] ] ] } },
{ "type": "Feature", "properties": { "urban_density": 0.30393506911261597, "temperature_proxy": 28.975577949232004 }, "geometry": { "type": "Polygon", "coordinates": [ [ [ -6.818197, 34.037777 ], [ -6.818151, 34.039579 ], [ -6.820316, 34.039618 ], [ -6.820362, 34.037815 ], [ -6.818197, 34.037777 ] ] ] } },
{ "type": "Feature", "properties": { "urban_density": 0.040555581310369369, "temperature_proxy": 27.263611278517402 }, "geometry": { "type": "Polygon", "coordinates": [ [ [ -6.818151, 34.039579 ], [ -6.818105, 34.041382 ], [ -6.82027, 34.04142 ], [ -6.820316, 34.039618 ], [ -6.818151, 34.039579 ] ] ] } },
{ "type": "Feature", "properties": { "urban_density": 0.018862190850240195, "temperature_proxy": 27.122604240526563 }, "geometry": { "type": "Polygon", "coordinates": [ [ [ -6.818568, 33.938602 ], [ -6.818522, 33.940405 ], [ -6.820684, 33.940443 ], [ -6.82073, 33.938641 ], [ -6.818568, 33.938602 ] ] ] } },
{ "type": "Feature", "properties": { "urban_density": 0.25231331166710896, "temperature_proxy": 28.640036525836209 }, "geometry": { "type": "Polygon", "coordinates": [ [ [ -6.818522, 33.940405 ], [ -6.818476, 33.942207 ], [ -6.820639, 33.942246 ], [ -6.820684, 33.940443 ], [ -6.818522, 33.940405 ] ] ] } },
{ "type": "Feature", "properties": { "urban_density": 0.16950170451683541, "temperature_proxy": 28.101761079359431 }, "geometry": { "type": "Polygon", "coordinates": [ [ [ -6.818476, 33.942207 ], [ -6.81843, 33.94401 ], [ -6.820593, 33.944048 ], [ -6.820639, 33.942246 ], [ -6.818476, 33.942207 ] ] ] } },
{ "type": "Feature", "properties": { "urban_density": 0.17981938775162892, "temperature_proxy": 28.168826020385588 }, "geometry": { "type": "Polygon", "coordinates": [ [ [ -6.81843, 33.94401 ], [ -6.818384, 33.945812 ], [ -6.820547, 33.945851 ], [ -6.820593, 33.944048 ], [ -6.81843, 33.94401 ] ] ] } },
{ "type": "Feature", "properties": { "urban_density": 0.17826224343189251, "temperature_proxy": 28.158704582307301 }, "geometry": { "type": "Polygon", "coordinates": [ [ [ -6.818384, 33.945812 ], [ -6.818338, 33.947615 ], [ -6.820501, 33.947653 ], [ -6.820547, 33.945851 ], [ -6.818384, 33.945812 ] ] ] } },
{ "type": "Feature", "properties": { "urban_density": 0.11100115263741814, "temperature_proxy": 27.721507492143218 }, "geometry": { "type": "Polygon", "coordinates": [ [ [ -6.818338, 33.947615 ], [ -6.818292, 33.949417 ], [ -6.820455, 33.949456 ], [ -6.820501, 33.947653 ], [ -6.818338, 33.947615 ] ] ] } },
{ "type": "Feature", "properties": { "urban_density": 0.16671199295421146, "temperature_proxy": 28.083627954202374 }, "geometry": { "type": "Polygon", "coordinates": [ [ [ -6.818292, 33.949417 ], [ -6.818246, 33.95122 ], [ -6.820409, 33.951258 ], [ -6.820455, 33.949456 ], [ -6.818292, 33.949417 ] ] ] } },
{ "type": "Feature", "properties": { "urban_density": 0.14245845843322211, "temperature_proxy": 27.925979979815942 }, "geometry": { "type": "Polygon", "coordinates": [ [ [ -6.818246, 33.95122 ], [ -6.8182, 33.953022 ], [ -6.820363, 33.953061 ], [ -6.820409, 33.951258 ], [ -6.818246, 33.95122 ] ] ] } },
{ "type": "Feature", "properties": { "urban_density": 0.16706972264163247, "temperature_proxy": 28.08595319717061 }, "geometry": { "type": "Polygon", "coordinates": [ [ [ -6.8182, 33.953022 ], [ -6.818154, 33.954825 ], [ -6.820317, 33.954863 ], [ -6.820363, 33.953061 ], [ -6.8182, 33.953022 ] ] ] } },
{ "type": "Feature", "properties": { "urban_density": 0.14670505025190994, "temperature_proxy": 27.953582826637415 }, "geometry": { "type": "Polygon", "coordinates": [ [ [ -6.818154, 33.954825 ], [ -6.818108, 33.956627 ], [ -6.820271, 33.956665 ], [ -6.820317, 33.954863 ], [ -6.818154, 33.954825 ] ] ] } },
{ "type": "Feature", "properties": { "urban_density": 0.14505878312874831, "temperature_proxy": 27.942882090336862 }, "geometry": { "type": "Polygon", "coordinates": [ [ [ -6.818108, 33.956627 ], [ -6.818062, 33.95843 ], [ -6.820225, 33.958468 ], [ -6.820271, 33.956665 ], [ -6.818108, 33.956627 ] ] ] } },
{ "type": "Feature", "properties": { "urban_density": 0.14520736683805691, "temperature_proxy": 27.943847884447369 }, "geometry": { "type": "Polygon", "coordinates": [ [ [ -6.818062, 33.95843 ], [ -6.818016, 33.960232 ], [ -6.820179, 33.96027 ], [ -6.820225, 33.958468 ], [ -6.818062, 33.95843 ] ] ] } },
{ "type": "Feature", "properties": { "urban_density": 0.090524593791003125, "temperature_proxy": 27.588409859641519 }, "geometry": { "type": "Polygon", "coordinates": [ [ [ -6.818016, 33.960232 ], [ -6.81797, 33.962035 ], [ -6.820133, 33.962073 ], [ -6.820179, 33.96027 ], [ -6.818016, 33.960232 ] ] ] } },
{ "type": "Feature", "properties": { "urban_density": 0.13571754051300819, "temperature_proxy": 27.882164013334553 }, "geometry": { "type": "Polygon", "coordinates": [ [ [ -6.81797, 33.962035 ], [ -6.817924, 33.963837 ], [ -6.820087, 33.963875 ], [ -6.820133, 33.962073 ], [ -6.81797, 33.962035 ] ] ] } },
{ "type": "Feature", "properties": { "urban_density": 0.13303704711938091, "temperature_proxy": 27.864740806275975 }, "geometry": { "type": "Polygon", "coordinates": [ [ [ -6.817924, 33.963837 ], [ -6.817877, 33.96564 ], [ -6.820041, 33.965678 ], [ -6.820087, 33.963875 ], [ -6.817924, 33.963837 ] ] ] } },
{ "type": "Feature", "properties": { "urban_density": 0.051499972442138539, "temperature_proxy": 27.334749820873899 }, "geometry": { "type": "Polygon", "coordinates": [ [ [ -6.817877, 33.96564 ], [ -6.817831, 33.967442 ], [ -6.819995, 33.96748 ], [ -6.820041, 33.965678 ], [ -6.817877, 33.96564 ] ] ] } },
{ "type": "Feature", "properties": { "urban_density": 0.063118427460383583, "temperature_proxy": 27.410269778492495 }, "geometry": { "type": "Polygon", "coordinates": [ [ [ -6.817831, 33.967442 ], [ -6.817785, 33.969245 ], [ -6.819949, 33.969283 ], [ -6.819995, 33.96748 ], [ -6.817831, 33.967442 ] ] ] } },
{ "type": "Feature", "properties": { "urban_density": 0.19006709952838152, "temperature_proxy": 28.235436146934479 }, "geometry": { "type": "Polygon", "coordinates": [ [ [ -6.817785, 33.969245 ], [ -6.817739, 33.971047 ], [ -6.819903, 33.971085 ], [ -6.819949, 33.969283 ], [ -6.817785, 33.969245 ] ] ] } },
{ "type": "Feature", "properties": { "urban_density": 0.22442969955277048, "temperature_proxy": 28.458793047093007 }, "geometry": { "type": "Polygon", "coordinates": [ [ [ -6.817739, 33.971047 ], [ -6.817693, 33.972849 ], [ -6.819857, 33.972888 ], [ -6.819903, 33.971085 ], [ -6.817739, 33.971047 ] ] ] } },
{ "type": "Feature", "properties": { "urban_density": 0.27518938347183108, "temperature_proxy": 28.788730992566901 }, "geometry": { "type": "Polygon", "coordinates": [ [ [ -6.817693, 33.972849 ], [ -6.817647, 33.974652 ], [ -6.819811, 33.97469 ], [ -6.819857, 33.972888 ], [ -6.817693, 33.972849 ] ] ] } },
{ "type": "Feature", "properties": { "urban_density": 0.27257236041030414, "temperature_proxy": 28.771720342666978 }, "geometry": { "type": "Polygon", "coordinates": [ [ [ -6.817647, 33.974652 ], [ -6.817601, 33.976454 ], [ -6.819765, 33.976493 ], [ -6.819811, 33.97469 ], [ -6.817647, 33.974652 ] ] ] } },
{ "type": "Feature", "properties": { "urban_density": 0.28420428622949179, "temperature_proxy": 28.847327860491696 }, "geometry": { "type": "Polygon", "coordinates": [ [ [ -6.817601, 33.976454 ], [ -6.817555, 33.978257 ], [ -6.819719, 33.978295 ], [ -6.819765, 33.976493 ], [ -6.817601, 33.976454 ] ] ] } },
{ "type": "Feature", "properties": { "urban_density": 0.27877563284887658, "temperature_proxy": 28.8120416135177 }, "geometry": { "type": "Polygon", "coordinates": [ [ [ -6.817555, 33.978257 ], [ -6.817509, 33.980059 ], [ -6.819673, 33.980098 ], [ -6.819719, 33.978295 ], [ -6.817555, 33.978257 ] ] ] } },
{ "type": "Feature", "properties": { "urban_density": 0.24848826004448393, "temperature_proxy": 28.615173690289147 }, "geometry": { "type": "Polygon", "coordinates": [ [ [ -6.817509, 33.980059 ], [ -6.817463, 33.981862 ], [ -6.819627, 33.9819 ], [ -6.819673, 33.980098 ], [ -6.817509, 33.980059 ] ] ] } },
{ "type": "Feature", "properties": { "urban_density": 0.1634911590696885, "temperature_proxy": 28.062692533952976 }, "geometry": { "type": "Polygon", "coordinates": [ [ [ -6.817463, 33.981862 ], [ -6.817417, 33.983664 ], [ -6.81958, 33.983703 ], [ -6.819627, 33.9819 ], [ -6.817463, 33.981862 ] ] ] } },
{ "type": "Feature", "properties": { "urban_density": 0.22232947471364783, "temperature_proxy": 28.445141585638712 }, "geometry": { "type": "Polygon", "coordinates": [ [ [ -6.817417, 33.983664 ], [ -6.817371, 33.985467 ], [ -6.819534, 33.985505 ], [ -6.81958, 33.983703 ], [ -6.817417, 33.983664 ] ] ] } },
{ "type": "Feature", "properties": { "urban_density": 0.23298816580597087, "temperature_proxy": 28.514423077738812 }, "geometry": { "type": "Polygon", "coordinates": [ [ [ -6.817371, 33.985467 ], [ -6.817325, 33.987269 ], [ -6.819488, 33.987308 ], [ -6.819534, 33.985505 ], [ -6.817371, 33.985467 ] ] ] } },
{ "type": "Feature", "properties": { "urban_density": 0.13702297896617807, "temperature_proxy": 27.890649363280158 }, "geometry": { "type": "Polygon", "coordinates": [ [ [ -6.817325, 33.987269 ], [ -6.817278, 33.989072 ], [ -6.819442, 33.98911 ], [ -6.819488, 33.987308 ], [ -6.817325, 33.987269 ] ] ] } },
{ "type": "Feature", "properties": { "urban_density": 0.2030754519246161, "temperature_proxy": 28.319990437510004 }, "geometry": { "type": "Polygon", "coordinates": [ [ [ -6.817278, 33.989072 ], [ -6.817232, 33.990874 ], [ -6.819396, 33.990913 ], [ -6.819442, 33.98911 ], [ -6.817278, 33.989072 ] ] ] } },
{ "type": "Feature", "properties": { "urban_density": 0.18328024745727914, "temperature_proxy": 28.191321608472315 }, "geometry": { "type": "Polygon", "coordinates": [ [ [ -6.817232, 33.990874 ], [ -6.817186, 33.992677 ], [ -6.81935, 33.992715 ], [ -6.819396, 33.990913 ], [ -6.817232, 33.990874 ] ] ] } },
{ "type": "Feature", "properties": { "urban_density": 0.13658130855059147, "temperature_proxy": 27.887778505578844 }, "geometry": { "type": "Polygon", "coordinates": [ [ [ -6.817186, 33.992677 ], [ -6.81714, 33.994479 ], [ -6.819304, 33.994518 ], [ -6.81935, 33.992715 ], [ -6.817186, 33.992677 ] ] ] } },
{ "type": "Feature", "properties": { "urban_density": 0.17397080624036917, "temperature_proxy": 28.130810240562401 }, "geometry": { "type": "Polygon", "coordinates": [ [ [ -6.81714, 33.994479 ], [ -6.817094, 33.996282 ], [ -6.819258, 33.99632 ], [ -6.819304, 33.994518 ], [ -6.81714, 33.994479 ] ] ] } },
{ "type": "Feature", "properties": { "urban_density": 0.22151507689665959, "temperature_proxy": 28.439847999828288 }, "geometry": { "type": "Polygon", "coordinates": [ [ [ -6.817094, 33.996282 ], [ -6.817048, 33.998084 ], [ -6.819212, 33.998123 ], [ -6.819258, 33.99632 ], [ -6.817094, 33.996282 ] ] ] } },
{ "type": "Feature", "properties": { "urban_density": 0.28158908411811273, "temperature_proxy": 28.830329046767734 }, "geometry": { "type": "Polygon", "coordinates": [ [ [ -6.817048, 33.998084 ], [ -6.817002, 33.999887 ], [ -6.819166, 33.999925 ], [ -6.819212, 33.998123 ], [ -6.817048, 33.998084 ] ] ] } },
{ "type": "Feature", "properties": { "urban_density": 0.20828655539352953, "temperature_proxy": 28.353862610057941 }, "geometry": { "type": "Polygon", "coordinates": [ [ [ -6.817002, 33.999887 ], [ -6.816956, 34.001689 ], [ -6.81912, 34.001727 ], [ -6.819166, 33.999925 ], [ -6.817002, 33.999887 ] ] ] } },
{ "type": "Feature", "properties": { "urban_density": 0.015919657877816164, "temperature_proxy": 27.103477776205803 }, "geometry": { "type": "Polygon", "coordinates": [ [ [ -6.816956, 34.001689 ], [ -6.816909, 34.003492 ], [ -6.819074, 34.00353 ], [ -6.81912, 34.001727 ], [ -6.816956, 34.001689 ] ] ] } },
{ "type": "Feature", "properties": { "urban_density": 0.055366208712298269, "temperature_proxy": 27.35988035662994 }, "geometry": { "type": "Polygon", "coordinates": [ [ [ -6.81654, 34.017911 ], [ -6.816494, 34.019714 ], [ -6.818659, 34.019752 ], [ -6.818705, 34.01795 ], [ -6.81654, 34.017911 ] ] ] } },
{ "type": "Feature", "properties": { "urban_density": 0.022861062290034592, "temperature_proxy": 27.148596904885224 }, "geometry": { "type": "Polygon", "coordinates": [ [ [ -6.816402, 34.023319 ], [ -6.816356, 34.025121 ], [ -6.81852, 34.02516 ], [ -6.818566, 34.023357 ], [ -6.816402, 34.023319 ] ] ] } },
{ "type": "Feature", "properties": { "urban_density": 0.090853354092691935, "temperature_proxy": 27.590546801602496 }, "geometry": { "type": "Polygon", "coordinates": [ [ [ -6.816125, 34.034133 ], [ -6.816078, 34.035936 ], [ -6.818243, 34.035974 ], [ -6.81829, 34.034172 ], [ -6.816125, 34.034133 ] ] ] } },
{ "type": "Feature", "properties": { "urban_density": 0.29109552511154146, "temperature_proxy": 28.892120913225021 }, "geometry": { "type": "Polygon", "coordinates": [ [ [ -6.816078, 34.035936 ], [ -6.816032, 34.037738 ], [ -6.818197, 34.037777 ], [ -6.818243, 34.035974 ], [ -6.816078, 34.035936 ] ] ] } },
{ "type": "Feature", "properties": { "urban_density": 0.2255616450412998, "temperature_proxy": 28.466150692768448 }, "geometry": { "type": "Polygon", "coordinates": [ [ [ -6.816032, 34.037738 ], [ -6.815986, 34.039541 ], [ -6.818151, 34.039579 ], [ -6.818197, 34.037777 ], [ -6.816032, 34.037738 ] ] ] } },
{ "type": "Feature", "properties": { "urban_density": 0.047970745147300521, "temperature_proxy": 27.311809843457453 }, "geometry": { "type": "Polygon", "coordinates": [ [ [ -6.815986, 34.039541 ], [ -6.81594, 34.041343 ], [ -6.818105, 34.041382 ], [ -6.818151, 34.039579 ], [ -6.815986, 34.039541 ] ] ] } },
{ "type": "Feature", "properties": { "urban_density": 0.018455858435650091, "temperature_proxy": 27.119963079831727 }, "geometry": { "type": "Polygon", "coordinates": [ [ [ -6.816405, 33.938564 ], [ -6.816359, 33.940366 ], [ -6.818522, 33.940405 ], [ -6.818568, 33.938602 ], [ -6.816405, 33.938564 ] ] ] } },
{ "type": "Feature", "properties": { "urban_density": 0.22431545768528932, "temperature_proxy": 28.45805047495438 }, "geometry": { "type": "Polygon", "coordinates": [ [ [ -6.816359, 33.940366 ], [ -6.816313, 33.942169 ], [ -6.818476, 33.942207 ], [ -6.818522, 33.940405 ], [ -6.816359, 33.940366 ] ] ] } },
{ "type": "Feature", "properties": { "urban_density": 0.22416948449096438, "temperature_proxy": 28.457101649191269 }, "geometry": { "type": "Polygon", "coordinates": [ [ [ -6.816313, 33.942169 ], [ -6.816267, 33.943971 ], [ -6.81843, 33.94401 ], [ -6.818476, 33.942207 ], [ -6.816313, 33.942169 ] ] ] } },
{ "type": "Feature", "properties": { "urban_density": 0.11460089756940627, "temperature_proxy": 27.744905834201141 }, "geometry": { "type": "Polygon", "coordinates": [ [ [ -6.816267, 33.943971 ], [ -6.816221, 33.945774 ], [ -6.818384, 33.945812 ], [ -6.81843, 33.94401 ], [ -6.816267, 33.943971 ] ] ] } },
{ "type": "Feature", "properties": { "urban_density": 0.1457988955835984, "temperature_proxy": 27.947692821293391 }, "geometry": { "type": "Polygon", "coordinates": [ [ [ -6.816221, 33.945774 ], [ -6.816175, 33.947576 ], [ -6.818338, 33.947615 ], [ -6.818384, 33.945812 ], [ -6.816221, 33.945774 ] ] ] } },
{ "type": "Feature", "properties": { "urban_density": 0.16054642626980878, "temperature_proxy": 28.043551770753758 }, "geometry": { "type": "Polygon", "coordinates": [ [ [ -6.816175, 33.947576 ], [ -6.816129, 33.949379 ], [ -6.818292, 33.949417 ], [ -6.818338, 33.947615 ], [ -6.816175, 33.947576 ] ] ] } },
{ "type": "Feature", "properties": { "urban_density": 0.12107075374698152, "temperature_proxy": 27.786959899355381 }, "geometry": { "type": "Polygon", "coordinates": [ [ [ -6.816129, 33.949379 ], [ -6.816083, 33.951181 ], [ -6.818246, 33.95122 ], [ -6.818292, 33.949417 ], [ -6.816129, 33.949379 ] ] ] } },
{ "type": "Feature", "properties": { "urban_density": 0.16815576984070518, "temperature_proxy": 28.093012503964584 }, "geometry": { "type": "Polygon", "coordinates": [ [ [ -6.816083, 33.951181 ], [ -6.816037, 33.952984 ], [ -6.8182, 33.953022 ], [ -6.818246, 33.95122 ], [ -6.816083, 33.951181 ] ] ] } },
{ "type": "Feature", "properties": { "urban_density": 0.22492672032973929, "temperature_proxy": 28.462023682143304 }, "geometry": { "type": "Polygon", "coordinates": [ [ [ -6.816037, 33.952984 ], [ -6.815991, 33.954786 ], [ -6.818154, 33.954825 ], [ -6.8182, 33.953022 ], [ -6.816037, 33.952984 ] ] ] } },
{ "type": "Feature", "properties": { "urban_density": 0.079802450000913155, "temperature_proxy": 27.518715925005935 }, "geometry": { "type": "Polygon", "coordinates": [ [ [ -6.815991, 33.954786 ], [ -6.815945, 33.956589 ], [ -6.818108, 33.956627 ], [ -6.818154, 33.954825 ], [ -6.815991, 33.954786 ] ] ] } },
{ "type": "Feature", "properties": { "urban_density": 0.06932043650696125, "temperature_proxy": 27.450582837295247 }, "geometry": { "type": "Polygon", "coordinates": [ [ [ -6.815945, 33.956589 ], [ -6.815899, 33.958391 ], [ -6.818062, 33.95843 ], [ -6.818108, 33.956627 ], [ -6.815945, 33.956589 ] ] ] } },
{ "type": "Feature", "properties": { "urban_density": 0.128911289524827, "temperature_proxy": 27.837923381911377 }, "geometry": { "type": "Polygon", "coordinates": [ [ [ -6.815899, 33.958391 ], [ -6.815852, 33.960194 ], [ -6.818016, 33.960232 ], [ -6.818062, 33.95843 ], [ -6.815899, 33.958391 ] ] ] } },
{ "type": "Feature", "properties": { "urban_density": 0.1254753931717468, "temperature_proxy": 27.815590055616354 }, "geometry": { "type": "Polygon", "coordinates": [ [ [ -6.815852, 33.960194 ], [ -6.815806, 33.961996 ], [ -6.81797, 33.962035 ], [ -6.818016, 33.960232 ], [ -6.815852, 33.960194 ] ] ] } },
{ "type": "Feature", "properties": { "urban_density": 0.17975332341756128, "temperature_proxy": 28.168396602214148 }, "geometry": { "type": "Polygon", "coordinates": [ [ [ -6.815806, 33.961996 ], [ -6.81576, 33.963799 ], [ -6.817924, 33.963837 ], [ -6.81797, 33.962035 ], [ -6.815806, 33.961996 ] ] ] } },
{ "type": "Feature", "properties": { "urban_density": 0.10675325238136939, "temperature_proxy": 27.693896140478902 }, "geometry": { "type": "Polygon", "coordinates": [ [ [ -6.81576, 33.963799 ], [ -6.815714, 33.965601 ], [ -6.817877, 33.96564 ], [ -6.817924, 33.963837 ], [ -6.81576, 33.963799 ] ] ] } },
{ "type": "Feature", "properties": { "urban_density": 0.18015601714385471, "temperature_proxy": 28.171014111435056 }, "geometry": { "type": "Polygon", "coordinates": [ [ [ -6.815714, 33.965601 ], [ -6.815668, 33.967404 ], [ -6.817831, 33.967442 ], [ -6.817877, 33.96564 ], [ -6.815714, 33.965601 ] ] ] } },
{ "type": "Feature", "properties": { "urban_density": 0.016110635137942392, "temperature_proxy": 27.104719128396624 }, "geometry": { "type": "Polygon", "coordinates": [ [ [ -6.815668, 33.967404 ], [ -6.815622, 33.969206 ], [ -6.817785, 33.969245 ], [ -6.817831, 33.967442 ], [ -6.815668, 33.967404 ] ] ] } },
{ "type": "Feature", "properties": { "urban_density": 0.010463081096223285, "temperature_proxy": 27.068010027125453 }, "geometry": { "type": "Polygon", "coordinates": [ [ [ -6.815622, 33.969206 ], [ -6.815576, 33.971009 ], [ -6.817739, 33.971047 ], [ -6.817785, 33.969245 ], [ -6.815622, 33.969206 ] ] ] } },
{ "type": "Feature", "properties": { "urban_density": 0.22447049907981603, "temperature_proxy": 28.459058244018806 }, "geometry": { "type": "Polygon", "coordinates": [ [ [ -6.815576, 33.971009 ], [ -6.81553, 33.972811 ], [ -6.817693, 33.972849 ], [ -6.817739, 33.971047 ], [ -6.815576, 33.971009 ] ] ] } },
{ "type": "Feature", "properties": { "urban_density": 0.10646992383139162, "temperature_proxy": 27.692054504904046 }, "geometry": { "type": "Polygon", "coordinates": [ [ [ -6.81553, 33.972811 ], [ -6.815484, 33.974614 ], [ -6.817647, 33.974652 ], [ -6.817693, 33.972849 ], [ -6.81553, 33.972811 ] ] ] } },
{ "type": "Feature", "properties": { "urban_density": 0.17911104293874883, "temperature_proxy": 28.164221779101869 }, "geometry": { "type": "Polygon", "coordinates": [ [ [ -6.815484, 33.974614 ], [ -6.815438, 33.976416 ], [ -6.817601, 33.976454 ], [ -6.817647, 33.974652 ], [ -6.815484, 33.974614 ] ] ] } },
{ "type": "Feature", "properties": { "urban_density": 0.25732922706618006, "temperature_proxy": 28.672639975930171 }, "geometry": { "type": "Polygon", "coordinates": [ [ [ -6.815438, 33.976416 ], [ -6.815391, 33.978219 ], [ -6.817555, 33.978257 ], [ -6.817601, 33.976454 ], [ -6.815438, 33.976416 ] ] ] } },
{ "type": "Feature", "properties": { "urban_density": 0.29190374339908354, "temperature_proxy": 28.897374332094042 }, "geometry": { "type": "Polygon", "coordinates": [ [ [ -6.815391, 33.978219 ], [ -6.815345, 33.980021 ], [ -6.817509, 33.980059 ], [ -6.817555, 33.978257 ], [ -6.815391, 33.978219 ] ] ] } },
{ "type": "Feature", "properties": { "urban_density": 0.30573455073307371, "temperature_proxy": 28.987274579764978 }, "geometry": { "type": "Polygon", "coordinates": [ [ [ -6.815345, 33.980021 ], [ -6.815299, 33.981823 ], [ -6.817463, 33.981862 ], [ -6.817509, 33.980059 ], [ -6.815345, 33.980021 ] ] ] } },
{ "type": "Feature", "properties": { "urban_density": 0.045497762822958691, "temperature_proxy": 27.295735458349231 }, "geometry": { "type": "Polygon", "coordinates": [ [ [ -6.815299, 33.981823 ], [ -6.815253, 33.983626 ], [ -6.817417, 33.983664 ], [ -6.817463, 33.981862 ], [ -6.815299, 33.981823 ] ] ] } },
{ "type": "Feature", "properties": { "urban_density": 0.26552077896972348, "temperature_proxy": 28.725885063303203 }, "geometry": { "type": "Polygon", "coordinates": [ [ [ -6.815253, 33.983626 ], [ -6.815207, 33.985428 ], [ -6.817371, 33.985467 ], [ -6.817417, 33.983664 ], [ -6.815253, 33.983626 ] ] ] } },
{ "type": "Feature", "properties": { "urban_density": 0.23992592174368743, "temperature_proxy": 28.559518491333968 }, "geometry": { "type": "Polygon", "coordinates": [ [ [ -6.815207, 33.985428 ], [ -6.815161, 33.987231 ], [ -6.817325, 33.987269 ], [ -6.817371, 33.985467 ], [ -6.815207, 33.985428 ] ] ] } },
{ "type": "Feature", "properties": { "urban_density": 0.13675648350182742, "temperature_proxy": 27.88891714276188 }, "geometry": { "type": "Polygon", "coordinates": [ [ [ -6.815161, 33.987231 ], [ -6.815115, 33.989033 ], [ -6.817278, 33.989072 ], [ -6.817325, 33.987269 ], [ -6.815161, 33.987231 ] ] ] } },
{ "type": "Feature", "properties": { "urban_density": 0.21902475895702136, "temperature_proxy": 28.423660933220638 }, "geometry": { "type": "Polygon", "coordinates": [ [ [ -6.815115, 33.989033 ], [ -6.815068, 33.990836 ], [ -6.817232, 33.990874 ], [ -6.817278, 33.989072 ], [ -6.815115, 33.989033 ] ] ] } },
{ "type": "Feature", "properties": { "urban_density": 0.20235571837270666, "temperature_proxy": 28.315312169422594 }, "geometry": { "type": "Polygon", "coordinates": [ [ [ -6.815068, 33.990836 ], [ -6.815022, 33.992638 ], [ -6.817186, 33.992677 ], [ -6.817232, 33.990874 ], [ -6.815068, 33.990836 ] ] ] } },
{ "type": "Feature", "properties": { "urban_density": 0.13882087812690078, "temperature_proxy": 27.902335707824854 }, "geometry": { "type": "Polygon", "coordinates": [ [ [ -6.815022, 33.992638 ], [ -6.814976, 33.994441 ], [ -6.81714, 33.994479 ], [ -6.817186, 33.992677 ], [ -6.815022, 33.992638 ] ] ] } },
{ "type": "Feature", "properties": { "urban_density": 0.27467034446811306, "temperature_proxy": 28.785357239042735 }, "geometry": { "type": "Polygon", "coordinates": [ [ [ -6.814976, 33.994441 ], [ -6.81493, 33.996243 ], [ -6.817094, 33.996282 ], [ -6.81714, 33.994479 ], [ -6.814976, 33.994441 ] ] ] } },
{ "type": "Feature", "properties": { "urban_density": 0.22439002255446122, "temperature_proxy": 28.458535146604 }, "geometry": { "type": "Polygon", "coordinates": [ [ [ -6.81493, 33.996243 ], [ -6.814884, 33.998046 ], [ -6.817048, 33.998084 ], [ -6.817094, 33.996282 ], [ -6.81493, 33.996243 ] ] ] } },
{ "type": "Feature", "properties": { "urban_density": 0.27865851471640124, "temperature_proxy": 28.811280345656609 }, "geometry": { "type": "Polygon", "coordinates": [ [ [ -6.814884, 33.998046 ], [ -6.814838, 33.999848 ], [ -6.817002, 33.999887 ], [ -6.817048, 33.998084 ], [ -6.814884, 33.998046 ] ] ] } },
{ "type": "Feature", "properties": { "urban_density": 0.31967061695853011, "temperature_proxy": 29.077859010230444 }, "geometry": { "type": "Polygon", "coordinates": [ [ [ -6.814838, 33.999848 ], [ -6.814791, 34.001651 ], [ -6.816956, 34.001689 ], [ -6.817002, 33.999887 ], [ -6.814838, 33.999848 ] ] ] } },
{ "type": "Feature", "properties": { "urban_density": 0.082851847978791693, "temperature_proxy": 27.538537011862147 }, "geometry": { "type": "Polygon", "coordinates": [ [ [ -6.814791, 34.001651 ], [ -6.814745, 34.003453 ], [ -6.816909, 34.003492 ], [ -6.816956, 34.001689 ], [ -6.814791, 34.001651 ] ] ] } },
{ "type": "Feature", "properties": { "urban_density": 0.28924362145431698, "temperature_proxy": 28.880083539453061 }, "geometry": { "type": "Polygon", "coordinates": [ [ [ -6.814376, 34.017873 ], [ -6.814329, 34.019675 ], [ -6.816494, 34.019714 ], [ -6.81654, 34.017911 ], [ -6.814376, 34.017873 ] ] ] } },
{ "type": "Feature", "properties": { "urban_density": 0.032734040379425532, "temperature_proxy": 27.212771262466266 }, "geometry": { "type": "Polygon", "coordinates": [ [ [ -6.814237, 34.02328 ], [ -6.814191, 34.025083 ], [ -6.816356, 34.025121 ], [ -6.816402, 34.023319 ], [ -6.814237, 34.02328 ] ] ] } },
{ "type": "Feature", "properties": { "urban_density": 0.2356722254016036, "temperature_proxy": 28.531869465110425 }, "geometry": { "type": "Polygon", "coordinates": [ [ [ -6.814191, 34.025083 ], [ -6.814144, 34.026885 ], [ -6.816309, 34.026924 ], [ -6.816356, 34.025121 ], [ -6.814191, 34.025083 ] ] ] } },
{ "type": "Feature", "properties": { "urban_density": 0.12580702968672378, "temperature_proxy": 27.817745692963705 }, "geometry": { "type": "Polygon", "coordinates": [ [ [ -6.814144, 34.026885 ], [ -6.814098, 34.028688 ], [ -6.816263, 34.028726 ], [ -6.816309, 34.026924 ], [ -6.814144, 34.026885 ] ] ] } },
{ "type": "Feature", "properties": { "urban_density": 0.064418975557045774, "temperature_proxy": 27.418723341120799 }, "geometry": { "type": "Polygon", "coordinates": [ [ [ -6.814098, 34.028688 ], [ -6.814052, 34.03049 ], [ -6.816217, 34.030529 ], [ -6.816263, 34.028726 ], [ -6.814098, 34.028688 ] ] ] } },
{ "type": "Feature", "properties": { "urban_density": 0.088555751902127125, "temperature_proxy": 27.575612387363826 }, "geometry": { "type": "Polygon", "coordinates": [ [ [ -6.814052, 34.03049 ], [ -6.814006, 34.032293 ], [ -6.816171, 34.032331 ], [ -6.816217, 34.030529 ], [ -6.814052, 34.03049 ] ] ] } },
{ "type": "Feature", "properties": { "urban_density": 0.18895769697841006, "temperature_proxy": 28.228225030359667 }, "geometry": { "type": "Polygon", "coordinates": [ [ [ -6.813913, 34.035897 ], [ -6.813867, 34.0377 ], [ -6.816032, 34.037738 ], [ -6.816078, 34.035936 ], [ -6.813913, 34.035897 ] ] ] } },
{ "type": "Feature", "properties": { "urban_density": 0.27334689648279853, "temperature_proxy": 28.776754827138191 }, "geometry": { "type": "Polygon", "coordinates": [ [ [ -6.813867, 34.0377 ], [ -6.813821, 34.039502 ], [ -6.815986, 34.039541 ], [ -6.816032, 34.037738 ], [ -6.813867, 34.0377 ] ] ] } },
{ "type": "Feature", "properties": { "urban_density": 0.031885918720502698, "temperature_proxy": 27.207258471683268 }, "geometry": { "type": "Polygon", "coordinates": [ [ [ -6.813821, 34.039502 ], [ -6.813774, 34.041305 ], [ -6.81594, 34.041343 ], [ -6.815986, 34.039541 ], [ -6.813821, 34.039502 ] ] ] } },
{ "type": "Feature", "properties": { "urban_density": 0.025671685303143867, "temperature_proxy": 27.166865954470435 }, "geometry": { "type": "Polygon", "coordinates": [ [ [ -6.814243, 33.938526 ], [ -6.814197, 33.940328 ], [ -6.816359, 33.940366 ], [ -6.816405, 33.938564 ], [ -6.814243, 33.938526 ] ] ] } },
{ "type": "Feature", "properties": { "urban_density": 0.1865733096560081, "temperature_proxy": 28.212726512764053 }, "geometry": { "type": "Polygon", "coordinates": [ [ [ -6.814197, 33.940328 ], [ -6.81415, 33.94213 ], [ -6.816313, 33.942169 ], [ -6.816359, 33.940366 ], [ -6.814197, 33.940328 ] ] ] } },
{ "type": "Feature", "properties": { "urban_density": 0.14789550386916409, "temperature_proxy": 27.961320775149566 }, "geometry": { "type": "Polygon", "coordinates": [ [ [ -6.81415, 33.94213 ], [ -6.814104, 33.943933 ], [ -6.816267, 33.943971 ], [ -6.816313, 33.942169 ], [ -6.81415, 33.94213 ] ] ] } },
{ "type": "Feature", "properties": { "urban_density": 0.18718749573986418, "temperature_proxy": 28.216718722309118 }, "geometry": { "type": "Polygon", "coordinates": [ [ [ -6.814104, 33.943933 ], [ -6.814058, 33.945735 ], [ -6.816221, 33.945774 ], [ -6.816267, 33.943971 ], [ -6.814104, 33.943933 ] ] ] } },
{ "type": "Feature", "properties": { "urban_density": 0.21423632311869123, "temperature_proxy": 28.392536100271492 }, "geometry": { "type": "Polygon", "coordinates": [ [ [ -6.814058, 33.945735 ], [ -6.814012, 33.947538 ], [ -6.816175, 33.947576 ], [ -6.816221, 33.945774 ], [ -6.814058, 33.945735 ] ] ] } },
{ "type": "Feature", "properties": { "urban_density": 0.13389364241061597, "temperature_proxy": 27.870308675669005 }, "geometry": { "type": "Polygon", "coordinates": [ [ [ -6.814012, 33.947538 ], [ -6.813966, 33.94934 ], [ -6.816129, 33.949379 ], [ -6.816175, 33.947576 ], [ -6.814012, 33.947538 ] ] ] } },
{ "type": "Feature", "properties": { "urban_density": 0.15603873284320077, "temperature_proxy": 28.014251763480804 }, "geometry": { "type": "Polygon", "coordinates": [ [ [ -6.813966, 33.94934 ], [ -6.81392, 33.951143 ], [ -6.816083, 33.951181 ], [ -6.816129, 33.949379 ], [ -6.813966, 33.94934 ] ] ] } },
{ "type": "Feature", "properties": { "urban_density": 0.10657123390381378, "temperature_proxy": 27.692713020374789 }, "geometry": { "type": "Polygon", "coordinates": [ [ [ -6.81392, 33.951143 ], [ -6.813874, 33.952945 ], [ -6.816037, 33.952984 ], [ -6.816083, 33.951181 ], [ -6.81392, 33.951143 ] ] ] } },
{ "type": "Feature", "properties": { "urban_density": 0.05569802761053369, "temperature_proxy": 27.362037179468469 }, "geometry": { "type": "Polygon", "coordinates": [ [ [ -6.813828, 33.954748 ], [ -6.813782, 33.95655 ], [ -6.815945, 33.956589 ], [ -6.815991, 33.954786 ], [ -6.813828, 33.954748 ] ] ] } },
{ "type": "Feature", "properties": { "urban_density": 0.16293486719619571, "temperature_proxy": 28.059076636775274 }, "geometry": { "type": "Polygon", "coordinates": [ [ [ -6.813782, 33.95655 ], [ -6.813735, 33.958353 ], [ -6.815899, 33.958391 ], [ -6.815945, 33.956589 ], [ -6.813782, 33.95655 ] ] ] } },
{ "type": "Feature", "properties": { "urban_density": 0.16102835058380263, "temperature_proxy": 28.046684278794718 }, "geometry": { "type": "Polygon", "coordinates": [ [ [ -6.813735, 33.958353 ], [ -6.813689, 33.960155 ], [ -6.815852, 33.960194 ], [ -6.815899, 33.958391 ], [ -6.813735, 33.958353 ] ] ] } },
{ "type": "Feature", "properties": { "urban_density": 0.092369964029798232, "temperature_proxy": 27.600404766193687 }, "geometry": { "type": "Polygon", "coordinates": [ [ [ -6.813689, 33.960155 ], [ -6.813643, 33.961958 ], [ -6.815806, 33.961996 ], [ -6.815852, 33.960194 ], [ -6.813689, 33.960155 ] ] ] } },
{ "type": "Feature", "properties": { "urban_density": 0.15166370836533266, "temperature_proxy": 27.985814104374661 }, "geometry": { "type": "Polygon", "coordinates": [ [ [ -6.813643, 33.961958 ], [ -6.813597, 33.96376 ], [ -6.81576, 33.963799 ], [ -6.815806, 33.961996 ], [ -6.813643, 33.961958 ] ] ] } },
{ "type": "Feature", "properties": { "urban_density": 0.10055990722067511, "temperature_proxy": 27.653639396934388 }, "geometry": { "type": "Polygon", "coordinates": [ [ [ -6.813597, 33.96376 ], [ -6.813551, 33.965563 ], [ -6.815714, 33.965601 ], [ -6.81576, 33.963799 ], [ -6.813597, 33.96376 ] ] ] } },
{ "type": "Feature", "properties": { "urban_density": 0.049241307009449675, "temperature_proxy": 27.320068495561422 }, "geometry": { "type": "Polygon", "coordinates": [ [ [ -6.813551, 33.965563 ], [ -6.813505, 33.967365 ], [ -6.815668, 33.967404 ], [ -6.815714, 33.965601 ], [ -6.813551, 33.965563 ] ] ] } },
{ "type": "Feature", "properties": { "urban_density": 0.1440507157267196, "temperature_proxy": 27.936329652223677 }, "geometry": { "type": "Polygon", "coordinates": [ [ [ -6.813366, 33.972773 ], [ -6.81332, 33.974575 ], [ -6.815484, 33.974614 ], [ -6.81553, 33.972811 ], [ -6.813366, 33.972773 ] ] ] } },
{ "type": "Feature", "properties": { "urban_density": 0.18977889557365324, "temperature_proxy": 28.233562821228745 }, "geometry": { "type": "Polygon", "coordinates": [ [ [ -6.81332, 33.974575 ], [ -6.813274, 33.976378 ], [ -6.815438, 33.976416 ], [ -6.815484, 33.974614 ], [ -6.81332, 33.974575 ] ] ] } },
{ "type": "Feature", "properties": { "urban_density": 0.29224923650633455, "temperature_proxy": 28.899620037291175 }, "geometry": { "type": "Polygon", "coordinates": [ [ [ -6.813274, 33.976378 ], [ -6.813228, 33.97818 ], [ -6.815391, 33.978219 ], [ -6.815438, 33.976416 ], [ -6.813274, 33.976378 ] ] ] } },
{ "type": "Feature", "properties": { "urban_density": 0.20708588219723661, "temperature_proxy": 28.346058234282037 }, "geometry": { "type": "Polygon", "coordinates": [ [ [ -6.813228, 33.97818 ], [ -6.813182, 33.979983 ], [ -6.815345, 33.980021 ], [ -6.815391, 33.978219 ], [ -6.813228, 33.97818 ] ] ] } },
{ "type": "Feature", "properties": { "urban_density": 0.26488921109411534, "temperature_proxy": 28.72177987211175 }, "geometry": { "type": "Polygon", "coordinates": [ [ [ -6.813182, 33.979983 ], [ -6.813135, 33.981785 ], [ -6.815299, 33.981823 ], [ -6.815345, 33.980021 ], [ -6.813182, 33.979983 ] ] ] } },
{ "type": "Feature", "properties": { "urban_density": 0.11766415820848505, "temperature_proxy": 27.764817028355154 }, "geometry": { "type": "Polygon", "coordinates": [ [ [ -6.813135, 33.981785 ], [ -6.813089, 33.983587 ], [ -6.815253, 33.983626 ], [ -6.815299, 33.981823 ], [ -6.813135, 33.981785 ] ] ] } },
{ "type": "Feature", "properties": { "urban_density": 0.10491502831304551, "temperature_proxy": 27.681947684034796 }, "geometry": { "type": "Polygon", "coordinates": [ [ [ -6.813089, 33.983587 ], [ -6.813043, 33.98539 ], [ -6.815207, 33.985428 ], [ -6.815253, 33.983626 ], [ -6.813089, 33.983587 ] ] ] } },
{ "type": "Feature", "properties": { "urban_density": 0.20382780426092112, "temperature_proxy": 28.324880727695987 }, "geometry": { "type": "Polygon", "coordinates": [ [ [ -6.813043, 33.98539 ], [ -6.812997, 33.987192 ], [ -6.815161, 33.987231 ], [ -6.815207, 33.985428 ], [ -6.813043, 33.98539 ] ] ] } },
{ "type": "Feature", "properties": { "urban_density": 0.21891493624560229, "temperature_proxy": 28.422947085596416 }, "geometry": { "type": "Polygon", "coordinates": [ [ [ -6.812997, 33.987192 ], [ -6.812951, 33.988995 ], [ -6.815115, 33.989033 ], [ -6.815161, 33.987231 ], [ -6.812997, 33.987192 ] ] ] } },
{ "type": "Feature", "properties": { "urban_density": 0.20875192422852962, "temperature_proxy": 28.356887507485443 }, "geometry": { "type": "Polygon", "coordinates": [ [ [ -6.812951, 33.988995 ], [ -6.812905, 33.990797 ], [ -6.815068, 33.990836 ], [ -6.815115, 33.989033 ], [ -6.812951, 33.988995 ] ] ] } },
{ "type": "Feature", "properties": { "urban_density": 0.19350124139822911, "temperature_proxy": 28.257758069088489 }, "geometry": { "type": "Polygon", "coordinates": [ [ [ -6.812905, 33.990797 ], [ -6.812858, 33.9926 ], [ -6.815022, 33.992638 ], [ -6.815068, 33.990836 ], [ -6.812905, 33.990797 ] ] ] } },
{ "type": "Feature", "properties": { "urban_density": 0.22091542574892178, "temperature_proxy": 28.435950267367993 }, "geometry": { "type": "Polygon", "coordinates": [ [ [ -6.812858, 33.9926 ], [ -6.812812, 33.994402 ], [ -6.814976, 33.994441 ], [ -6.815022, 33.992638 ], [ -6.812858, 33.9926 ] ] ] } },
{ "type": "Feature", "properties": { "urban_density": 0.19139608917205819, "temperature_proxy": 28.244074579618378 }, "geometry": { "type": "Polygon", "coordinates": [ [ [ -6.812812, 33.994402 ], [ -6.812766, 33.996205 ], [ -6.81493, 33.996243 ], [ -6.814976, 33.994441 ], [ -6.812812, 33.994402 ] ] ] } },
{ "type": "Feature", "properties": { "urban_density": 0.17899538201413923, "temperature_proxy": 28.163469983091904 }, "geometry": { "type": "Polygon", "coordinates": [ [ [ -6.812766, 33.996205 ], [ -6.81272, 33.998007 ], [ -6.814884, 33.998046 ], [ -6.81493, 33.996243 ], [ -6.812766, 33.996205 ] ] ] } },
{ "type": "Feature", "properties": { "urban_density": 0.2235345833258103, "temperature_proxy": 28.452974791617766 }, "geometry": { "type": "Polygon", "coordinates": [ [ [ -6.81272, 33.998007 ], [ -6.812673, 33.99981 ], [ -6.814838, 33.999848 ], [ -6.814884, 33.998046 ], [ -6.81272, 33.998007 ] ] ] } },
{ "type": "Feature", "properties": { "urban_density": 0.21203218992335715, "temperature_proxy": 28.378209234501821 }, "geometry": { "type": "Polygon", "coordinates": [ [ [ -6.812673, 33.99981 ], [ -6.812627, 34.001612 ], [ -6.814791, 34.001651 ], [ -6.814838, 33.999848 ], [ -6.812673, 33.99981 ] ] ] } },
{ "type": "Feature", "properties": { "urban_density": 0.046310764907004906, "temperature_proxy": 27.301019971895531 }, "geometry": { "type": "Polygon", "coordinates": [ [ [ -6.812627, 34.001612 ], [ -6.812581, 34.003415 ], [ -6.814745, 34.003453 ], [ -6.814791, 34.001651 ], [ -6.812627, 34.001612 ] ] ] } },
{ "type": "Feature", "properties": { "urban_density": 0.01213503445494077, "temperature_proxy": 27.078877723957113 }, "geometry": { "type": "Polygon", "coordinates": [ [ [ -6.812165, 34.019637 ], [ -6.812118, 34.021439 ], [ -6.814283, 34.021478 ], [ -6.814329, 34.019675 ], [ -6.812165, 34.019637 ] ] ] } },
{ "type": "Feature", "properties": { "urban_density": 0.076198019343579296, "temperature_proxy": 27.495287125733267 }, "geometry": { "type": "Polygon", "coordinates": [ [ [ -6.81198, 34.026847 ], [ -6.811933, 34.028649 ], [ -6.814098, 34.028688 ], [ -6.814144, 34.026885 ], [ -6.81198, 34.026847 ] ] ] } },
{ "type": "Feature", "properties": { "urban_density": 0.2030962265419114, "temperature_proxy": 28.320125472522424 }, "geometry": { "type": "Polygon", "coordinates": [ [ [ -6.811933, 34.028649 ], [ -6.811887, 34.030452 ], [ -6.814052, 34.03049 ], [ -6.814098, 34.028688 ], [ -6.811933, 34.028649 ] ] ] } },
{ "type": "Feature", "properties": { "urban_density": 0.21531242035666578, "temperature_proxy": 28.399530732318329 }, "geometry": { "type": "Polygon", "coordinates": [ [ [ -6.811887, 34.030452 ], [ -6.811841, 34.032254 ], [ -6.814006, 34.032293 ], [ -6.814052, 34.03049 ], [ -6.811887, 34.030452 ] ] ] } },
{ "type": "Feature", "properties": { "urban_density": 0.046461163851245206, "temperature_proxy": 27.301997565033094 }, "geometry": { "type": "Polygon", "coordinates": [ [ [ -6.811841, 34.032254 ], [ -6.811794, 34.034056 ], [ -6.81396, 34.034095 ], [ -6.814006, 34.032293 ], [ -6.811841, 34.032254 ] ] ] } },
{ "type": "Feature", "properties": { "urban_density": 0.048651078154611359, "temperature_proxy": 27.316232008004974 }, "geometry": { "type": "Polygon", "coordinates": [ [ [ -6.811794, 34.034056 ], [ -6.811748, 34.035859 ], [ -6.813913, 34.035897 ], [ -6.81396, 34.034095 ], [ -6.811794, 34.034056 ] ] ] } },
{ "type": "Feature", "properties": { "urban_density": 0.34860992376482597, "temperature_proxy": 29.26596450447137 }, "geometry": { "type": "Polygon", "coordinates": [ [ [ -6.811748, 34.035859 ], [ -6.811702, 34.037661 ], [ -6.813867, 34.0377 ], [ -6.813913, 34.035897 ], [ -6.811748, 34.035859 ] ] ] } },
{ "type": "Feature", "properties": { "urban_density": 0.25934107682215091, "temperature_proxy": 28.685716999343981 }, "geometry": { "type": "Polygon", "coordinates": [ [ [ -6.811702, 34.037661 ], [ -6.811656, 34.039464 ], [ -6.813821, 34.039502 ], [ -6.813867, 34.0377 ], [ -6.811702, 34.037661 ] ] ] } },
{ "type": "Feature", "properties": { "urban_density": 0.1017903175703247, "temperature_proxy": 27.66163706420711 }, "geometry": { "type": "Polygon", "coordinates": [ [ [ -6.811656, 34.039464 ], [ -6.811609, 34.041266 ], [ -6.813774, 34.041305 ], [ -6.813821, 34.039502 ], [ -6.811656, 34.039464 ] ] ] } },
{ "type": "Feature", "properties": { "urban_density": 0.095293145601797677, "temperature_proxy": 27.619405446411683 }, "geometry": { "type": "Polygon", "coordinates": [ [ [ -6.812034, 33.94029 ], [ -6.811988, 33.942092 ], [ -6.81415, 33.94213 ], [ -6.814197, 33.940328 ], [ -6.812034, 33.94029 ] ] ] } },
{ "type": "Feature", "properties": { "urban_density": 0.18533434541562893, "temperature_proxy": 28.204673245201587 }, "geometry": { "type": "Polygon", "coordinates": [ [ [ -6.811988, 33.942092 ], [ -6.811942, 33.943895 ], [ -6.814104, 33.943933 ], [ -6.81415, 33.94213 ], [ -6.811988, 33.942092 ] ] ] } },
{ "type": "Feature", "properties": { "urban_density": 0.11782623858321163, "temperature_proxy": 27.765870550790876 }, "geometry": { "type": "Polygon", "coordinates": [ [ [ -6.811942, 33.943895 ], [ -6.811895, 33.945697 ], [ -6.814058, 33.945735 ], [ -6.814104, 33.943933 ], [ -6.811942, 33.943895 ] ] ] } },
{ "type": "Feature", "properties": { "urban_density": 0.18947752022937056, "temperature_proxy": 28.231603881490908 }, "geometry": { "type": "Polygon", "coordinates": [ [ [ -6.811895, 33.945697 ], [ -6.811849, 33.9475 ], [ -6.814012, 33.947538 ], [ -6.814058, 33.945735 ], [ -6.811895, 33.945697 ] ] ] } },
{ "type": "Feature", "properties": { "urban_density": 0.16939674003745087, "temperature_proxy": 28.101078810243429 }, "geometry": { "type": "Polygon", "coordinates": [ [ [ -6.811849, 33.9475 ], [ -6.811803, 33.949302 ], [ -6.813966, 33.94934 ], [ -6.814012, 33.947538 ], [ -6.811849, 33.9475 ] ] ] } },
{ "type": "Feature", "properties": { "urban_density": 0.085110865438972255, "temperature_proxy": 27.553220625353319 }, "geometry": { "type": "Polygon", "coordinates": [ [ [ -6.811803, 33.949302 ], [ -6.811757, 33.951104 ], [ -6.81392, 33.951143 ], [ -6.813966, 33.94934 ], [ -6.811803, 33.949302 ] ] ] } },
{ "type": "Feature", "properties": { "urban_density": 0.15479684897495982, "temperature_proxy": 28.006179518337238 }, "geometry": { "type": "Polygon", "coordinates": [ [ [ -6.811619, 33.956512 ], [ -6.811572, 33.958314 ], [ -6.813735, 33.958353 ], [ -6.813782, 33.95655 ], [ -6.811619, 33.956512 ] ] ] } },
{ "type": "Feature", "properties": { "urban_density": 0.12873028525741409, "temperature_proxy": 27.836746854173192 }, "geometry": { "type": "Polygon", "coordinates": [ [ [ -6.811572, 33.958314 ], [ -6.811526, 33.960117 ], [ -6.813689, 33.960155 ], [ -6.813735, 33.958353 ], [ -6.811572, 33.958314 ] ] ] } },
{ "type": "Feature", "properties": { "urban_density": 0.13394419056203369, "temperature_proxy": 27.87063723865322 }, "geometry": { "type": "Polygon", "coordinates": [ [ [ -6.811526, 33.960117 ], [ -6.81148, 33.961919 ], [ -6.813643, 33.961958 ], [ -6.813689, 33.960155 ], [ -6.811526, 33.960117 ] ] ] } },
{ "type": "Feature", "properties": { "urban_density": 0.14468187331917656, "temperature_proxy": 27.940432176574646 }, "geometry": { "type": "Polygon", "coordinates": [ [ [ -6.81148, 33.961919 ], [ -6.811434, 33.963722 ], [ -6.813597, 33.96376 ], [ -6.813643, 33.961958 ], [ -6.81148, 33.961919 ] ] ] } },
{ "type": "Feature", "properties": { "urban_density": 0.031938722980513493, "temperature_proxy": 27.207601699373338 }, "geometry": { "type": "Polygon", "coordinates": [ [ [ -6.811434, 33.963722 ], [ -6.811388, 33.965524 ], [ -6.813551, 33.965563 ], [ -6.813597, 33.96376 ], [ -6.811434, 33.963722 ] ] ] } },
{ "type": "Feature", "properties": { "urban_density": 0.013726401174041638, "temperature_proxy": 27.08922160763127 }, "geometry": { "type": "Polygon", "coordinates": [ [ [ -6.811203, 33.972734 ], [ -6.811157, 33.974537 ], [ -6.81332, 33.974575 ], [ -6.813366, 33.972773 ], [ -6.811203, 33.972734 ] ] ] } },
{ "type": "Feature", "properties": { "urban_density": 0.11242414757274302, "temperature_proxy": 27.73075695922283 }, "geometry": { "type": "Polygon", "coordinates": [ [ [ -6.811157, 33.974537 ], [ -6.81111, 33.976339 ], [ -6.813274, 33.976378 ], [ -6.81332, 33.974575 ], [ -6.811157, 33.974537 ] ] ] } },
{ "type": "Feature", "properties": { "urban_density": 0.12678172409219315, "temperature_proxy": 27.824081206599256 }, "geometry": { "type": "Polygon", "coordinates": [ [ [ -6.81111, 33.976339 ], [ -6.811064, 33.978142 ], [ -6.813228, 33.97818 ], [ -6.813274, 33.976378 ], [ -6.81111, 33.976339 ] ] ] } },
{ "type": "Feature", "properties": { "urban_density": 0.22982924654680095, "temperature_proxy": 28.493890102554207 }, "geometry": { "type": "Polygon", "coordinates": [ [ [ -6.811064, 33.978142 ], [ -6.811018, 33.979944 ], [ -6.813182, 33.979983 ], [ -6.813228, 33.97818 ], [ -6.811064, 33.978142 ] ] ] } },
{ "type": "Feature", "properties": { "urban_density": 0.21824471153569397, "temperature_proxy": 28.418590624982009 }, "geometry": { "type": "Polygon", "coordinates": [ [ [ -6.811018, 33.979944 ], [ -6.810972, 33.981747 ], [ -6.813135, 33.981785 ], [ -6.813182, 33.979983 ], [ -6.811018, 33.979944 ] ] ] } },
{ "type": "Feature", "properties": { "urban_density": 0.24848988169306166, "temperature_proxy": 28.6151842310049 }, "geometry": { "type": "Polygon", "coordinates": [ [ [ -6.810972, 33.981747 ], [ -6.810926, 33.983549 ], [ -6.813089, 33.983587 ], [ -6.813135, 33.981785 ], [ -6.810972, 33.981747 ] ] ] } },
{ "type": "Feature", "properties": { "urban_density": 0.095112486605850186, "temperature_proxy": 27.618231162938027 }, "geometry": { "type": "Polygon", "coordinates": [ [ [ -6.810926, 33.983549 ], [ -6.810879, 33.985351 ], [ -6.813043, 33.98539 ], [ -6.813089, 33.983587 ], [ -6.810926, 33.983549 ] ] ] } },
{ "type": "Feature", "properties": { "urban_density": 0.04714475520344133, "temperature_proxy": 27.306440908822367 }, "geometry": { "type": "Polygon", "coordinates": [ [ [ -6.810879, 33.985351 ], [ -6.810833, 33.987154 ], [ -6.812997, 33.987192 ], [ -6.813043, 33.98539 ], [ -6.810879, 33.985351 ] ] ] } },
{ "type": "Feature", "properties": { "urban_density": 0.21630063167106622, "temperature_proxy": 28.40595410586193 }, "geometry": { "type": "Polygon", "coordinates": [ [ [ -6.810833, 33.987154 ], [ -6.810787, 33.988956 ], [ -6.812951, 33.988995 ], [ -6.812997, 33.987192 ], [ -6.810833, 33.987154 ] ] ] } },
{ "type": "Feature", "properties": { "urban_density": 0.18150772572804114, "temperature_proxy": 28.179800217232266 }, "geometry": { "type": "Polygon", "coordinates": [ [ [ -6.810787, 33.988956 ], [ -6.810741, 33.990759 ], [ -6.812905, 33.990797 ], [ -6.812951, 33.988995 ], [ -6.810787, 33.988956 ] ] ] } },
{ "type": "Feature", "properties": { "urban_density": 0.18734114084622244, "temperature_proxy": 28.217717415500445 }, "geometry": { "type": "Polygon", "coordinates": [ [ [ -6.810741, 33.990759 ], [ -6.810694, 33.992561 ], [ -6.812858, 33.9926 ], [ -6.812905, 33.990797 ], [ -6.810741, 33.990759 ] ] ] } },
{ "type": "Feature", "properties": { "urban_density": 0.22558559919974863, "temperature_proxy": 28.466306394798366 }, "geometry": { "type": "Polygon", "coordinates": [ [ [ -6.810694, 33.992561 ], [ -6.810648, 33.994364 ], [ -6.812812, 33.994402 ], [ -6.812858, 33.9926 ], [ -6.810694, 33.992561 ] ] ] } },
{ "type": "Feature", "properties": { "urban_density": 0.20306817120889673, "temperature_proxy": 28.319943112857828 }, "geometry": { "type": "Polygon", "coordinates": [ [ [ -6.810648, 33.994364 ], [ -6.810602, 33.996166 ], [ -6.812766, 33.996205 ], [ -6.812812, 33.994402 ], [ -6.810648, 33.994364 ] ] ] } },
{ "type": "Feature", "properties": { "urban_density": 0.19940820423379327, "temperature_proxy": 28.296153327519654 }, "geometry": { "type": "Polygon", "coordinates": [ [ [ -6.810602, 33.996166 ], [ -6.810556, 33.997969 ], [ -6.81272, 33.998007 ], [ -6.812766, 33.996205 ], [ -6.810602, 33.996166 ] ] ] } },
{ "type": "Feature", "properties": { "urban_density": 0.24359847739271759, "temperature_proxy": 28.583390103052665 }, "geometry": { "type": "Polygon", "coordinates": [ [ [ -6.810556, 33.997969 ], [ -6.810509, 33.999771 ], [ -6.812673, 33.99981 ], [ -6.81272, 33.998007 ], [ -6.810556, 33.997969 ] ] ] } },
{ "type": "Feature", "properties": { "urban_density": 0.12678570963693397, "temperature_proxy": 27.824107112640071 }, "geometry": { "type": "Polygon", "coordinates": [ [ [ -6.810509, 33.999771 ], [ -6.810463, 34.001574 ], [ -6.812627, 34.001612 ], [ -6.812673, 33.99981 ], [ -6.810509, 33.999771 ] ] ] } },
{ "type": "Feature", "properties": { "urban_density": 0.10865668415754344, "temperature_proxy": 27.706268447024033 }, "geometry": { "type": "Polygon", "coordinates": [ [ [ -6.810463, 34.001574 ], [ -6.810417, 34.003376 ], [ -6.812581, 34.003415 ], [ -6.812627, 34.001612 ], [ -6.810463, 34.001574 ] ] ] } },
{ "type": "Feature", "properties": { "urban_density": 0.022689734602369664, "temperature_proxy": 27.147483274915402 }, "geometry": { "type": "Polygon", "coordinates": [ [ [ -6.81, 34.019598 ], [ -6.809954, 34.021401 ], [ -6.812118, 34.021439 ], [ -6.812165, 34.019637 ], [ -6.81, 34.019598 ] ] ] } },
{ "type": "Feature", "properties": { "urban_density": 0.060821827115813062, "temperature_proxy": 27.395341876252786 }, "geometry": { "type": "Polygon", "coordinates": [ [ [ -6.809954, 34.021401 ], [ -6.809907, 34.023203 ], [ -6.812072, 34.023242 ], [ -6.812118, 34.021439 ], [ -6.809954, 34.021401 ] ] ] } },
{ "type": "Feature", "properties": { "urban_density": 0.070500054208643748, "temperature_proxy": 27.458250352356185 }, "geometry": { "type": "Polygon", "coordinates": [ [ [ -6.809815, 34.026808 ], [ -6.809769, 34.028611 ], [ -6.811933, 34.028649 ], [ -6.81198, 34.026847 ], [ -6.809815, 34.026808 ] ] ] } },
{ "type": "Feature", "properties": { "urban_density": 0.14068369605984732, "temperature_proxy": 27.914444024389006 }, "geometry": { "type": "Polygon", "coordinates": [ [ [ -6.809769, 34.028611 ], [ -6.809722, 34.030413 ], [ -6.811887, 34.030452 ], [ -6.811933, 34.028649 ], [ -6.809769, 34.028611 ] ] ] } },
{ "type": "Feature", "properties": { "urban_density": 0.25782988215896424, "temperature_proxy": 28.675894234033269 }, "geometry": { "type": "Polygon", "coordinates": [ [ [ -6.809722, 34.030413 ], [ -6.809676, 34.032215 ], [ -6.811841, 34.032254 ], [ -6.811887, 34.030452 ], [ -6.809722, 34.030413 ] ] ] } },
{ "type": "Feature", "properties": { "urban_density": 0.2766357082202443, "temperature_proxy": 28.798132103431588 }, "geometry": { "type": "Polygon", "coordinates": [ [ [ -6.809676, 34.032215 ], [ -6.809629, 34.034018 ], [ -6.811794, 34.034056 ], [ -6.811841, 34.032254 ], [ -6.809676, 34.032215 ] ] ] } },
{ "type": "Feature", "properties": { "urban_density": 0.27549366721760477, "temperature_proxy": 28.79070883691443 }, "geometry": { "type": "Polygon", "coordinates": [ [ [ -6.809629, 34.034018 ], [ -6.809583, 34.03582 ], [ -6.811748, 34.035859 ], [ -6.811794, 34.034056 ], [ -6.809629, 34.034018 ] ] ] } },
{ "type": "Feature", "properties": { "urban_density": 0.32499038584803602, "temperature_proxy": 29.112437508012235 }, "geometry": { "type": "Polygon", "coordinates": [ [ [ -6.809583, 34.03582 ], [ -6.809537, 34.037623 ], [ -6.811702, 34.037661 ], [ -6.811748, 34.035859 ], [ -6.809583, 34.03582 ] ] ] } },
{ "type": "Feature", "properties": { "urban_density": 0.33688129891988633, "temperature_proxy": 29.189728442979259 }, "geometry": { "type": "Polygon", "coordinates": [ [ [ -6.809537, 34.037623 ], [ -6.80949, 34.039425 ], [ -6.811656, 34.039464 ], [ -6.811702, 34.037661 ], [ -6.809537, 34.037623 ] ] ] } },
{ "type": "Feature", "properties": { "urban_density": 0.033050137295426198, "temperature_proxy": 27.214825892420269 }, "geometry": { "type": "Polygon", "coordinates": [ [ [ -6.80949, 34.039425 ], [ -6.809444, 34.041228 ], [ -6.811609, 34.041266 ], [ -6.811656, 34.039464 ], [ -6.80949, 34.039425 ] ] ] } },
{ "type": "Feature", "properties": { "urban_density": 0.089885119239232758, "temperature_proxy": 27.584253275055012 }, "geometry": { "type": "Polygon", "coordinates": [ [ [ -6.809871, 33.940251 ], [ -6.809825, 33.942054 ], [ -6.811988, 33.942092 ], [ -6.812034, 33.94029 ], [ -6.809871, 33.940251 ] ] ] } },
{ "type": "Feature", "properties": { "urban_density": 0.17961690662879254, "temperature_proxy": 28.16750989308715 }, "geometry": { "type": "Polygon", "coordinates": [ [ [ -6.809825, 33.942054 ], [ -6.809779, 33.943856 ], [ -6.811942, 33.943895 ], [ -6.811988, 33.942092 ], [ -6.809825, 33.942054 ] ] ] } },
{ "type": "Feature", "properties": { "urban_density": 0.17833044721119348, "temperature_proxy": 28.159147906872757 }, "geometry": { "type": "Polygon", "coordinates": [ [ [ -6.809779, 33.943856 ], [ -6.809733, 33.945659 ], [ -6.811895, 33.945697 ], [ -6.811942, 33.943895 ], [ -6.809779, 33.943856 ] ] ] } },
{ "type": "Feature", "properties": { "urban_density": 0.065446412074359514, "temperature_proxy": 27.425401678483336 }, "geometry": { "type": "Polygon", "coordinates": [ [ [ -6.809733, 33.945659 ], [ -6.809687, 33.947461 ], [ -6.811849, 33.9475 ], [ -6.811895, 33.945697 ], [ -6.809733, 33.945659 ] ] ] } },
{ "type": "Feature", "properties": { "urban_density": 0.089690893120619064, "temperature_proxy": 27.582990805284023 }, "geometry": { "type": "Polygon", "coordinates": [ [ [ -6.809687, 33.947461 ], [ -6.80964, 33.949263 ], [ -6.811803, 33.949302 ], [ -6.811849, 33.9475 ], [ -6.809687, 33.947461 ] ] ] } },
{ "type": "Feature", "properties": { "urban_density": 0.020113890874031707, "temperature_proxy": 27.130740290681207 }, "geometry": { "type": "Polygon", "coordinates": [ [ [ -6.809456, 33.956473 ], [ -6.809409, 33.958276 ], [ -6.811572, 33.958314 ], [ -6.811619, 33.956512 ], [ -6.809456, 33.956473 ] ] ] } },
{ "type": "Feature", "properties": { "urban_density": 0.11767053139977551, "temperature_proxy": 27.76485845409854 }, "geometry": { "type": "Polygon", "coordinates": [ [ [ -6.809409, 33.958276 ], [ -6.809363, 33.960078 ], [ -6.811526, 33.960117 ], [ -6.811572, 33.958314 ], [ -6.809409, 33.958276 ] ] ] } },
{ "type": "Feature", "properties": { "urban_density": 0.1285220007004394, "temperature_proxy": 27.835393004552856 }, "geometry": { "type": "Polygon", "coordinates": [ [ [ -6.809363, 33.960078 ], [ -6.809317, 33.961881 ], [ -6.81148, 33.961919 ], [ -6.811526, 33.960117 ], [ -6.809363, 33.960078 ] ] ] } },
{ "type": "Feature", "properties": { "urban_density": 0.11530087590454595, "temperature_proxy": 27.749455693379549 }, "geometry": { "type": "Polygon", "coordinates": [ [ [ -6.809317, 33.961881 ], [ -6.809271, 33.963683 ], [ -6.811434, 33.963722 ], [ -6.81148, 33.961919 ], [ -6.809317, 33.961881 ] ] ] } },
{ "type": "Feature", "properties": { "urban_density": 0.076423618403422974, "temperature_proxy": 27.496753519622249 }, "geometry": { "type": "Polygon", "coordinates": [ [ [ -6.808901, 33.978103 ], [ -6.808854, 33.979906 ], [ -6.811018, 33.979944 ], [ -6.811064, 33.978142 ], [ -6.808901, 33.978103 ] ] ] } },
{ "type": "Feature", "properties": { "urban_density": 0.19510657292976127, "temperature_proxy": 28.268192724043448 }, "geometry": { "type": "Polygon", "coordinates": [ [ [ -6.808854, 33.979906 ], [ -6.808808, 33.981708 ], [ -6.810972, 33.981747 ], [ -6.811018, 33.979944 ], [ -6.808854, 33.979906 ] ] ] } },
{ "type": "Feature", "properties": { "urban_density": 0.25201869494982154, "temperature_proxy": 28.63812151717384 }, "geometry": { "type": "Polygon", "coordinates": [ [ [ -6.808808, 33.981708 ], [ -6.808762, 33.98351 ], [ -6.810926, 33.983549 ], [ -6.810972, 33.981747 ], [ -6.808808, 33.981708 ] ] ] } },
{ "type": "Feature", "properties": { "urban_density": 0.26762009717739277, "temperature_proxy": 28.739530631653054 }, "geometry": { "type": "Polygon", "coordinates": [ [ [ -6.808762, 33.98351 ], [ -6.808716, 33.985313 ], [ -6.810879, 33.985351 ], [ -6.810926, 33.983549 ], [ -6.808762, 33.98351 ] ] ] } },
{ "type": "Feature", "properties": { "urban_density": 0.058745916770654799, "temperature_proxy": 27.381848459009255 }, "geometry": { "type": "Polygon", "coordinates": [ [ [ -6.808716, 33.985313 ], [ -6.808669, 33.987115 ], [ -6.810833, 33.987154 ], [ -6.810879, 33.985351 ], [ -6.808716, 33.985313 ] ] ] } },
{ "type": "Feature", "properties": { "urban_density": 0.047323684097622547, "temperature_proxy": 27.307603946634547 }, "geometry": { "type": "Polygon", "coordinates": [ [ [ -6.808669, 33.987115 ], [ -6.808623, 33.988918 ], [ -6.810787, 33.988956 ], [ -6.810833, 33.987154 ], [ -6.808669, 33.987115 ] ] ] } },
{ "type": "Feature", "properties": { "urban_density": 0.18444492941876028, "temperature_proxy": 28.198892041221942 }, "geometry": { "type": "Polygon", "coordinates": [ [ [ -6.808623, 33.988918 ], [ -6.808577, 33.99072 ], [ -6.810741, 33.990759 ], [ -6.810787, 33.988956 ], [ -6.808623, 33.988918 ] ] ] } },
{ "type": "Feature", "properties": { "urban_density": 0.19158298303678667, "temperature_proxy": 28.245289389739114 }, "geometry": { "type": "Polygon", "coordinates": [ [ [ -6.808577, 33.99072 ], [ -6.80853, 33.992523 ], [ -6.810694, 33.992561 ], [ -6.810741, 33.990759 ], [ -6.808577, 33.99072 ] ] ] } },
{ "type": "Feature", "properties": { "urban_density": 0.25290810971336447, "temperature_proxy": 28.643902713136868 }, "geometry": { "type": "Polygon", "coordinates": [ [ [ -6.80853, 33.992523 ], [ -6.808484, 33.994325 ], [ -6.810648, 33.994364 ], [ -6.810694, 33.992561 ], [ -6.80853, 33.992523 ] ] ] } },
{ "type": "Feature", "properties": { "urban_density": 0.092317384714705658, "temperature_proxy": 27.600063000645587 }, "geometry": { "type": "Polygon", "coordinates": [ [ [ -6.808484, 33.994325 ], [ -6.808438, 33.996128 ], [ -6.810602, 33.996166 ], [ -6.810648, 33.994364 ], [ -6.808484, 33.994325 ] ] ] } },
{ "type": "Feature", "properties": { "urban_density": 0.11055129549316604, "temperature_proxy": 27.718583420705578 }, "geometry": { "type": "Polygon", "coordinates": [ [ [ -6.808438, 33.996128 ], [ -6.808392, 33.99793 ], [ -6.810556, 33.997969 ], [ -6.810602, 33.996166 ], [ -6.808438, 33.996128 ] ] ] } },
{ "type": "Feature", "properties": { "urban_density": 0.011706422146788067, "temperature_proxy": 27.076091743954123 }, "geometry": { "type": "Polygon", "coordinates": [ [ [ -6.808392, 33.99793 ], [ -6.808345, 33.999733 ], [ -6.810509, 33.999771 ], [ -6.810556, 33.997969 ], [ -6.808392, 33.99793 ] ] ] } },
{ "type": "Feature", "properties": { "urban_density": 0.022311925710013895, "temperature_proxy": 27.145027517115089 }, "geometry": { "type": "Polygon", "coordinates": [ [ [ -6.807835, 34.01956 ], [ -6.807789, 34.021362 ], [ -6.809954, 34.021401 ], [ -6.81, 34.019598 ], [ -6.807835, 34.01956 ] ] ] } },
{ "type": "Feature", "properties": { "urban_density": 0.10025429720584114, "temperature_proxy": 27.651652931837969 }, "geometry": { "type": "Polygon", "coordinates": [ [ [ -6.807789, 34.021362 ], [ -6.807743, 34.023165 ], [ -6.809907, 34.023203 ], [ -6.809954, 34.021401 ], [ -6.807789, 34.021362 ] ] ] } },
{ "type": "Feature", "properties": { "urban_density": 0.058640016933680303, "temperature_proxy": 27.381160110068922 }, "geometry": { "type": "Polygon", "coordinates": [ [ [ -6.807743, 34.023165 ], [ -6.807696, 34.024967 ], [ -6.809861, 34.025006 ], [ -6.809907, 34.023203 ], [ -6.807743, 34.023165 ] ] ] } },
{ "type": "Feature", "properties": { "urban_density": 0.2479040758334734, "temperature_proxy": 28.611376492917579 }, "geometry": { "type": "Polygon", "coordinates": [ [ [ -6.80765, 34.026769 ], [ -6.807604, 34.028572 ], [ -6.809769, 34.028611 ], [ -6.809815, 34.026808 ], [ -6.80765, 34.026769 ] ] ] } },
{ "type": "Feature", "properties": { "urban_density": 0.17588251606985733, "temperature_proxy": 28.143236354454071 }, "geometry": { "type": "Polygon", "coordinates": [ [ [ -6.807604, 34.028572 ], [ -6.807557, 34.030374 ], [ -6.809722, 34.030413 ], [ -6.809769, 34.028611 ], [ -6.807604, 34.028572 ] ] ] } },
{ "type": "Feature", "properties": { "urban_density": 0.31220125260164872, "temperature_proxy": 29.029308141910718 }, "geometry": { "type": "Polygon", "coordinates": [ [ [ -6.807557, 34.030374 ], [ -6.807511, 34.032177 ], [ -6.809676, 34.032215 ], [ -6.809722, 34.030413 ], [ -6.807557, 34.030374 ] ] ] } },
{ "type": "Feature", "properties": { "urban_density": 0.33938966042643975, "temperature_proxy": 29.206032792771857 }, "geometry": { "type": "Polygon", "coordinates": [ [ [ -6.807511, 34.032177 ], [ -6.807464, 34.033979 ], [ -6.809629, 34.034018 ], [ -6.809676, 34.032215 ], [ -6.807511, 34.032177 ] ] ] } },
{ "type": "Feature", "properties": { "urban_density": 0.13695908724120318, "temperature_proxy": 27.890234067067819 }, "geometry": { "type": "Polygon", "coordinates": [ [ [ -6.807464, 34.033979 ], [ -6.807418, 34.035782 ], [ -6.809583, 34.03582 ], [ -6.809629, 34.034018 ], [ -6.807464, 34.033979 ] ] ] } },
{ "type": "Feature", "properties": { "urban_density": 0.059845403565215553, "temperature_proxy": 27.388995123173903 }, "geometry": { "type": "Polygon", "coordinates": [ [ [ -6.807418, 34.035782 ], [ -6.807372, 34.037584 ], [ -6.809537, 34.037623 ], [ -6.809583, 34.03582 ], [ -6.807418, 34.035782 ] ] ] } },
{ "type": "Feature", "properties": { "urban_density": 0.26539888115474686, "temperature_proxy": 28.725092727505853 }, "geometry": { "type": "Polygon", "coordinates": [ [ [ -6.807372, 34.037584 ], [ -6.807325, 34.039387 ], [ -6.80949, 34.039425 ], [ -6.809537, 34.037623 ], [ -6.807372, 34.037584 ] ] ] } },
{ "type": "Feature", "properties": { "urban_density": 0.047915992969263875, "temperature_proxy": 27.311453954300216 }, "geometry": { "type": "Polygon", "coordinates": [ [ [ -6.807325, 34.039387 ], [ -6.807279, 34.041189 ], [ -6.809444, 34.041228 ], [ -6.80949, 34.039425 ], [ -6.807325, 34.039387 ] ] ] } },
{ "type": "Feature", "properties": { "urban_density": 0.014206889858398415, "temperature_proxy": 27.092344784079589 }, "geometry": { "type": "Polygon", "coordinates": [ [ [ -6.807755, 33.93841 ], [ -6.807709, 33.940213 ], [ -6.809871, 33.940251 ], [ -6.809917, 33.938449 ], [ -6.807755, 33.93841 ] ] ] } },
{ "type": "Feature", "properties": { "urban_density": 0.15643952399707706, "temperature_proxy": 28.016856905981001 }, "geometry": { "type": "Polygon", "coordinates": [ [ [ -6.807709, 33.940213 ], [ -6.807662, 33.942015 ], [ -6.809825, 33.942054 ], [ -6.809871, 33.940251 ], [ -6.807709, 33.940213 ] ] ] } },
{ "type": "Feature", "properties": { "urban_density": 0.21023216413827853, "temperature_proxy": 28.366509066898811 }, "geometry": { "type": "Polygon", "coordinates": [ [ [ -6.807662, 33.942015 ], [ -6.807616, 33.943818 ], [ -6.809779, 33.943856 ], [ -6.809825, 33.942054 ], [ -6.807662, 33.942015 ] ] ] } },
{ "type": "Feature", "properties": { "urban_density": 0.12370455435360554, "temperature_proxy": 27.804079603298437 }, "geometry": { "type": "Polygon", "coordinates": [ [ [ -6.807616, 33.943818 ], [ -6.80757, 33.94562 ], [ -6.809733, 33.945659 ], [ -6.809779, 33.943856 ], [ -6.807616, 33.943818 ] ] ] } },
{ "type": "Feature", "properties": { "urban_density": 0.06933891570643104, "temperature_proxy": 27.450702952091802 }, "geometry": { "type": "Polygon", "coordinates": [ [ [ -6.80757, 33.94562 ], [ -6.807524, 33.947423 ], [ -6.809687, 33.947461 ], [ -6.809733, 33.945659 ], [ -6.80757, 33.94562 ] ] ] } },
{ "type": "Feature", "properties": { "urban_density": 0.14854740854406065, "temperature_proxy": 27.965558155536396 }, "geometry": { "type": "Polygon", "coordinates": [ [ [ -6.807524, 33.947423 ], [ -6.807477, 33.949225 ], [ -6.80964, 33.949263 ], [ -6.809687, 33.947461 ], [ -6.807524, 33.947423 ] ] ] } },
{ "type": "Feature", "properties": { "urban_density": 0.047781557168314247, "temperature_proxy": 27.310580121594043 }, "geometry": { "type": "Polygon", "coordinates": [ [ [ -6.807477, 33.949225 ], [ -6.807431, 33.951027 ], [ -6.809594, 33.951066 ], [ -6.80964, 33.949263 ], [ -6.807477, 33.949225 ] ] ] } },
{ "type": "Feature", "properties": { "urban_density": 0.020253082769518472, "temperature_proxy": 27.131645038001871 }, "geometry": { "type": "Polygon", "coordinates": [ [ [ -6.807292, 33.956435 ], [ -6.807246, 33.958237 ], [ -6.809409, 33.958276 ], [ -6.809456, 33.956473 ], [ -6.807292, 33.956435 ] ] ] } },
{ "type": "Feature", "properties": { "urban_density": 0.011270815975142073, "temperature_proxy": 27.073260303838424 }, "geometry": { "type": "Polygon", "coordinates": [ [ [ -6.8072, 33.96004 ], [ -6.807154, 33.961842 ], [ -6.809317, 33.961881 ], [ -6.809363, 33.960078 ], [ -6.8072, 33.96004 ] ] ] } },
{ "type": "Feature", "properties": { "urban_density": 0.014235738038414771, "temperature_proxy": 27.092532297249697 }, "geometry": { "type": "Polygon", "coordinates": [ [ [ -6.807061, 33.965447 ], [ -6.807015, 33.96725 ], [ -6.809178, 33.967288 ], [ -6.809224, 33.965486 ], [ -6.807061, 33.965447 ] ] ] } },
{ "type": "Feature", "properties": { "urban_density": 0.041884337348768237, "temperature_proxy": 27.272248192766995 }, "geometry": { "type": "Polygon", "coordinates": [ [ [ -6.807015, 33.96725 ], [ -6.806969, 33.969052 ], [ -6.809132, 33.969091 ], [ -6.809178, 33.967288 ], [ -6.807015, 33.96725 ] ] ] } },
{ "type": "Feature", "properties": { "urban_density": 0.014526037489701729, "temperature_proxy": 27.09441924368306 }, "geometry": { "type": "Polygon", "coordinates": [ [ [ -6.806969, 33.969052 ], [ -6.806922, 33.970855 ], [ -6.809086, 33.970893 ], [ -6.809132, 33.969091 ], [ -6.806969, 33.969052 ] ] ] } },
{ "type": "Feature", "properties": { "urban_density": 0.033416711167236178, "temperature_proxy": 27.217208622587034 }, "geometry": { "type": "Polygon", "coordinates": [ [ [ -6.806691, 33.979867 ], [ -6.806644, 33.981669 ], [ -6.808808, 33.981708 ], [ -6.808854, 33.979906 ], [ -6.806691, 33.979867 ] ] ] } },
{ "type": "Feature", "properties": { "urban_density": 0.022284040627290346, "temperature_proxy": 27.144846264077387 }, "geometry": { "type": "Polygon", "coordinates": [ [ [ -6.806644, 33.981669 ], [ -6.806598, 33.983472 ], [ -6.808762, 33.98351 ], [ -6.808808, 33.981708 ], [ -6.806644, 33.981669 ] ] ] } },
{ "type": "Feature", "properties": { "urban_density": 0.16769630577464928, "temperature_proxy": 28.090025987535221 }, "geometry": { "type": "Polygon", "coordinates": [ [ [ -6.806598, 33.983472 ], [ -6.806552, 33.985274 ], [ -6.808716, 33.985313 ], [ -6.808762, 33.98351 ], [ -6.806598, 33.983472 ] ] ] } },
{ "type": "Feature", "properties": { "urban_density": 0.21949135026403047, "temperature_proxy": 28.426693776716199 }, "geometry": { "type": "Polygon", "coordinates": [ [ [ -6.806552, 33.985274 ], [ -6.806505, 33.987077 ], [ -6.808669, 33.987115 ], [ -6.808716, 33.985313 ], [ -6.806552, 33.985274 ] ] ] } },
{ "type": "Feature", "properties": { "urban_density": 0.17428945404180496, "temperature_proxy": 28.132881451271732 }, "geometry": { "type": "Polygon", "coordinates": [ [ [ -6.806505, 33.987077 ], [ -6.806459, 33.988879 ], [ -6.808623, 33.988918 ], [ -6.808669, 33.987115 ], [ -6.806505, 33.987077 ] ] ] } },
{ "type": "Feature", "properties": { "urban_density": 0.1268757707829071, "temperature_proxy": 27.824692510088894 }, "geometry": { "type": "Polygon", "coordinates": [ [ [ -6.806459, 33.988879 ], [ -6.806413, 33.990682 ], [ -6.808577, 33.99072 ], [ -6.808623, 33.988918 ], [ -6.806459, 33.988879 ] ] ] } },
{ "type": "Feature", "properties": { "urban_density": 0.11205105457633799, "temperature_proxy": 27.728331854746198 }, "geometry": { "type": "Polygon", "coordinates": [ [ [ -6.806413, 33.990682 ], [ -6.806366, 33.992484 ], [ -6.80853, 33.992523 ], [ -6.808577, 33.99072 ], [ -6.806413, 33.990682 ] ] ] } },
{ "type": "Feature", "properties": { "urban_density": 0.021995974326539224, "temperature_proxy": 27.142973833122504 }, "geometry": { "type": "Polygon", "coordinates": [ [ [ -6.806366, 33.992484 ], [ -6.80632, 33.994287 ], [ -6.808484, 33.994325 ], [ -6.80853, 33.992523 ], [ -6.806366, 33.992484 ] ] ] } },
{ "type": "Feature", "properties": { "urban_density": 0.068516477107825796, "temperature_proxy": 27.445357101200869 }, "geometry": { "type": "Polygon", "coordinates": [ [ [ -6.805578, 34.023126 ], [ -6.805532, 34.024928 ], [ -6.807696, 34.024967 ], [ -6.807743, 34.023165 ], [ -6.805578, 34.023126 ] ] ] } },
{ "type": "Feature", "properties": { "urban_density": 0.02126725254934873, "temperature_proxy": 27.138237141570766 }, "geometry": { "type": "Polygon", "coordinates": [ [ [ -6.805532, 34.024928 ], [ -6.805485, 34.026731 ], [ -6.80765, 34.026769 ], [ -6.807696, 34.024967 ], [ -6.805532, 34.024928 ] ] ] } },
{ "type": "Feature", "properties": { "urban_density": 0.26350659010895183, "temperature_proxy": 28.712792835708186 }, "geometry": { "type": "Polygon", "coordinates": [ [ [ -6.805485, 34.026731 ], [ -6.805439, 34.028533 ], [ -6.807604, 34.028572 ], [ -6.80765, 34.026769 ], [ -6.805485, 34.026731 ] ] ] } },
{ "type": "Feature", "properties": { "urban_density": 0.17042782753917057, "temperature_proxy": 28.107780879004608 }, "geometry": { "type": "Polygon", "coordinates": [ [ [ -6.805439, 34.028533 ], [ -6.805392, 34.030336 ], [ -6.807557, 34.030374 ], [ -6.807604, 34.028572 ], [ -6.805439, 34.028533 ] ] ] } },
{ "type": "Feature", "properties": { "urban_density": 0.3168215762594912, "temperature_proxy": 29.059340245686691 }, "geometry": { "type": "Polygon", "coordinates": [ [ [ -6.805392, 34.030336 ], [ -6.805346, 34.032138 ], [ -6.807511, 34.032177 ], [ -6.807557, 34.030374 ], [ -6.805392, 34.030336 ] ] ] } },
{ "type": "Feature", "properties": { "urban_density": 0.14837379511096996, "temperature_proxy": 27.964429668221303 }, "geometry": { "type": "Polygon", "coordinates": [ [ [ -6.805346, 34.032138 ], [ -6.805299, 34.033941 ], [ -6.807464, 34.033979 ], [ -6.807511, 34.032177 ], [ -6.805346, 34.032138 ] ] ] } },
{ "type": "Feature", "properties": { "urban_density": 0.14300351701365699, "temperature_proxy": 27.929522860588769 }, "geometry": { "type": "Polygon", "coordinates": [ [ [ -6.805299, 34.033941 ], [ -6.805253, 34.035743 ], [ -6.807418, 34.035782 ], [ -6.807464, 34.033979 ], [ -6.805299, 34.033941 ] ] ] } },
{ "type": "Feature", "properties": { "urban_density": 0.22846980415890211, "temperature_proxy": 28.485053727032863 }, "geometry": { "type": "Polygon", "coordinates": [ [ [ -6.805253, 34.035743 ], [ -6.805207, 34.037546 ], [ -6.807372, 34.037584 ], [ -6.807418, 34.035782 ], [ -6.805253, 34.035743 ] ] ] } },
{ "type": "Feature", "properties": { "urban_density": 0.31290055632071229, "temperature_proxy": 29.033853616084631 }, "geometry": { "type": "Polygon", "coordinates": [ [ [ -6.805207, 34.037546 ], [ -6.80516, 34.039348 ], [ -6.807325, 34.039387 ], [ -6.807372, 34.037584 ], [ -6.805207, 34.037546 ] ] ] } },
{ "type": "Feature", "properties": { "urban_density": 0.075277343004411176, "temperature_proxy": 27.489302729528674 }, "geometry": { "type": "Polygon", "coordinates": [ [ [ -6.80516, 34.039348 ], [ -6.805114, 34.04115 ], [ -6.807279, 34.041189 ], [ -6.807325, 34.039387 ], [ -6.80516, 34.039348 ] ] ] } },
{ "type": "Feature", "properties": { "urban_density": 0.098125206784013874, "temperature_proxy": 27.63781384409609 }, "geometry": { "type": "Polygon", "coordinates": [ [ [ -6.805546, 33.940174 ], [ -6.8055, 33.941977 ], [ -6.807662, 33.942015 ], [ -6.807709, 33.940213 ], [ -6.805546, 33.940174 ] ] ] } },
{ "type": "Feature", "properties": { "urban_density": 0.028132905264375119, "temperature_proxy": 27.182863884218438 }, "geometry": { "type": "Polygon", "coordinates": [ [ [ -6.8055, 33.941977 ], [ -6.805454, 33.943779 ], [ -6.807616, 33.943818 ], [ -6.807662, 33.942015 ], [ -6.8055, 33.941977 ] ] ] } },
{ "type": "Feature", "properties": { "urban_density": 0.092264981758953077, "temperature_proxy": 27.599722381433196 }, "geometry": { "type": "Polygon", "coordinates": [ [ [ -6.805454, 33.943779 ], [ -6.805407, 33.945581 ], [ -6.80757, 33.94562 ], [ -6.807616, 33.943818 ], [ -6.805454, 33.943779 ] ] ] } },
{ "type": "Feature", "properties": { "urban_density": 0.17040323277143657, "temperature_proxy": 28.107621013014338 }, "geometry": { "type": "Polygon", "coordinates": [ [ [ -6.805407, 33.945581 ], [ -6.805361, 33.947384 ], [ -6.807524, 33.947423 ], [ -6.80757, 33.94562 ], [ -6.805407, 33.945581 ] ] ] } },
{ "type": "Feature", "properties": { "urban_density": 0.1413443720372817, "temperature_proxy": 27.918738418242331 }, "geometry": { "type": "Polygon", "coordinates": [ [ [ -6.805361, 33.947384 ], [ -6.805315, 33.949186 ], [ -6.807477, 33.949225 ], [ -6.807524, 33.947423 ], [ -6.805361, 33.947384 ] ] ] } },
{ "type": "Feature", "properties": { "urban_density": 0.12895332083962144, "temperature_proxy": 27.838196585457538 }, "geometry": { "type": "Polygon", "coordinates": [ [ [ -6.805315, 33.949186 ], [ -6.805268, 33.950989 ], [ -6.807431, 33.951027 ], [ -6.807477, 33.949225 ], [ -6.805315, 33.949186 ] ] ] } },
{ "type": "Feature", "properties": { "urban_density": 0.073563355581654361, "temperature_proxy": 27.478161811280753 }, "geometry": { "type": "Polygon", "coordinates": [ [ [ -6.805268, 33.950989 ], [ -6.805222, 33.952791 ], [ -6.807385, 33.95283 ], [ -6.807431, 33.951027 ], [ -6.805268, 33.950989 ] ] ] } },
{ "type": "Feature", "properties": { "urban_density": 0.010597079561326907, "temperature_proxy": 27.068881017148623 }, "geometry": { "type": "Polygon", "coordinates": [ [ [ -6.805083, 33.958199 ], [ -6.805037, 33.960001 ], [ -6.8072, 33.96004 ], [ -6.807246, 33.958237 ], [ -6.805083, 33.958199 ] ] ] } },
{ "type": "Feature", "properties": { "urban_density": 0.018567428475753052, "temperature_proxy": 27.120688285092395 }, "geometry": { "type": "Polygon", "coordinates": [ [ [ -6.804898, 33.965409 ], [ -6.804852, 33.967211 ], [ -6.807015, 33.96725 ], [ -6.807061, 33.965447 ], [ -6.804898, 33.965409 ] ] ] } },
{ "type": "Feature", "properties": { "urban_density": 0.032285155904275754, "temperature_proxy": 27.209853513377791 }, "geometry": { "type": "Polygon", "coordinates": [ [ [ -6.804852, 33.967211 ], [ -6.804805, 33.969014 ], [ -6.806969, 33.969052 ], [ -6.807015, 33.96725 ], [ -6.804852, 33.967211 ] ] ] } },
{ "type": "Feature", "properties": { "urban_density": 0.026405962786022887, "temperature_proxy": 27.17163875810915 }, "geometry": { "type": "Polygon", "coordinates": [ [ [ -6.804805, 33.969014 ], [ -6.804759, 33.970816 ], [ -6.806922, 33.970855 ], [ -6.806969, 33.969052 ], [ -6.804805, 33.969014 ] ] ] } },
{ "type": "Feature", "properties": { "urban_density": 0.010286681537491765, "temperature_proxy": 27.066863429993695 }, "geometry": { "type": "Polygon", "coordinates": [ [ [ -6.804759, 33.970816 ], [ -6.804713, 33.972619 ], [ -6.806876, 33.972657 ], [ -6.806922, 33.970855 ], [ -6.804759, 33.970816 ] ] ] } },
{ "type": "Feature", "properties": { "urban_density": 0.095996502015433249, "temperature_proxy": 27.623977263100315 }, "geometry": { "type": "Polygon", "coordinates": [ [ [ -6.804434, 33.983433 ], [ -6.804388, 33.985236 ], [ -6.806552, 33.985274 ], [ -6.806598, 33.983472 ], [ -6.804434, 33.983433 ] ] ] } },
{ "type": "Feature", "properties": { "urban_density": 0.17710085542434875, "temperature_proxy": 28.151155560258267 }, "geometry": { "type": "Polygon", "coordinates": [ [ [ -6.804388, 33.985236 ], [ -6.804342, 33.987038 ], [ -6.806505, 33.987077 ], [ -6.806552, 33.985274 ], [ -6.804388, 33.985236 ] ] ] } },
{ "type": "Feature", "properties": { "urban_density": 0.22560851856250502, "temperature_proxy": 28.466455370656284 }, "geometry": { "type": "Polygon", "coordinates": [ [ [ -6.804342, 33.987038 ], [ -6.804295, 33.988841 ], [ -6.806459, 33.988879 ], [ -6.806505, 33.987077 ], [ -6.804342, 33.987038 ] ] ] } },
{ "type": "Feature", "properties": { "urban_density": 0.2620553769683272, "temperature_proxy": 28.703359950294129 }, "geometry": { "type": "Polygon", "coordinates": [ [ [ -6.804295, 33.988841 ], [ -6.804249, 33.990643 ], [ -6.806413, 33.990682 ], [ -6.806459, 33.988879 ], [ -6.804295, 33.988841 ] ] ] } },
{ "type": "Feature", "properties": { "urban_density": 0.3671482458119758, "temperature_proxy": 29.386463597777844 }, "geometry": { "type": "Polygon", "coordinates": [ [ [ -6.804249, 33.990643 ], [ -6.804203, 33.992446 ], [ -6.806366, 33.992484 ], [ -6.806413, 33.990682 ], [ -6.804249, 33.990643 ] ] ] } },
{ "type": "Feature", "properties": { "urban_density": 0.095801140656015957, "temperature_proxy": 27.622707414264102 }, "geometry": { "type": "Polygon", "coordinates": [ [ [ -6.804203, 33.992446 ], [ -6.804156, 33.994248 ], [ -6.80632, 33.994287 ], [ -6.806366, 33.992484 ], [ -6.804203, 33.992446 ] ] ] } },
{ "type": "Feature", "properties": { "urban_density": 0.41750349179233515, "temperature_proxy": 29.713772696650178 }, "geometry": { "type": "Polygon", "coordinates": [ [ [ -6.803553, 34.01768 ], [ -6.803506, 34.019482 ], [ -6.805671, 34.019521 ], [ -6.805717, 34.017719 ], [ -6.803553, 34.01768 ] ] ] } },
{ "type": "Feature", "properties": { "urban_density": 0.0875557833248818, "temperature_proxy": 27.569112591611731 }, "geometry": { "type": "Polygon", "coordinates": [ [ [ -6.803506, 34.019482 ], [ -6.80346, 34.021285 ], [ -6.805624, 34.021323 ], [ -6.805671, 34.019521 ], [ -6.803506, 34.019482 ] ] ] } },
{ "type": "Feature", "properties": { "urban_density": 0.089801271183538894, "temperature_proxy": 27.583708262693001 }, "geometry": { "type": "Polygon", "coordinates": [ [ [ -6.803367, 34.02489 ], [ -6.80332, 34.026692 ], [ -6.805485, 34.026731 ], [ -6.805532, 34.024928 ], [ -6.803367, 34.02489 ] ] ] } },
{ "type": "Feature", "properties": { "urban_density": 0.3609371495593231, "temperature_proxy": 29.346091472135601 }, "geometry": { "type": "Polygon", "coordinates": [ [ [ -6.80332, 34.026692 ], [ -6.803274, 34.028495 ], [ -6.805439, 34.028533 ], [ -6.805485, 34.026731 ], [ -6.80332, 34.026692 ] ] ] } },
{ "type": "Feature", "properties": { "urban_density": 0.36871560022178523, "temperature_proxy": 29.396651401441602 }, "geometry": { "type": "Polygon", "coordinates": [ [ [ -6.803274, 34.028495 ], [ -6.803227, 34.030297 ], [ -6.805392, 34.030336 ], [ -6.805439, 34.028533 ], [ -6.803274, 34.028495 ] ] ] } },
{ "type": "Feature", "properties": { "urban_density": 0.25753075200603642, "temperature_proxy": 28.673949888039235 }, "geometry": { "type": "Polygon", "coordinates": [ [ [ -6.803227, 34.030297 ], [ -6.803181, 34.032099 ], [ -6.805346, 34.032138 ], [ -6.805392, 34.030336 ], [ -6.803227, 34.030297 ] ] ] } },
{ "type": "Feature", "properties": { "urban_density": 0.396285011852618, "temperature_proxy": 29.575852577042017 }, "geometry": { "type": "Polygon", "coordinates": [ [ [ -6.803181, 34.032099 ], [ -6.803135, 34.033902 ], [ -6.805299, 34.033941 ], [ -6.805346, 34.032138 ], [ -6.803181, 34.032099 ] ] ] } },
{ "type": "Feature", "properties": { "urban_density": 0.21122444592727321, "temperature_proxy": 28.372958898527276 }, "geometry": { "type": "Polygon", "coordinates": [ [ [ -6.803135, 34.033902 ], [ -6.803088, 34.035704 ], [ -6.805253, 34.035743 ], [ -6.805299, 34.033941 ], [ -6.803135, 34.033902 ] ] ] } },
{ "type": "Feature", "properties": { "urban_density": 0.26953221468486965, "temperature_proxy": 28.751959395451653 }, "geometry": { "type": "Polygon", "coordinates": [ [ [ -6.803088, 34.035704 ], [ -6.803042, 34.037507 ], [ -6.805207, 34.037546 ], [ -6.805253, 34.035743 ], [ -6.803088, 34.035704 ] ] ] } },
{ "type": "Feature", "properties": { "urban_density": 0.35836802440818455, "temperature_proxy": 29.329392158653199 }, "geometry": { "type": "Polygon", "coordinates": [ [ [ -6.803042, 34.037507 ], [ -6.802995, 34.039309 ], [ -6.80516, 34.039348 ], [ -6.805207, 34.037546 ], [ -6.803042, 34.037507 ] ] ] } },
{ "type": "Feature", "properties": { "urban_density": 0.079713461842103442, "temperature_proxy": 27.518137501973673 }, "geometry": { "type": "Polygon", "coordinates": [ [ [ -6.802995, 34.039309 ], [ -6.802949, 34.041112 ], [ -6.805114, 34.04115 ], [ -6.80516, 34.039348 ], [ -6.802995, 34.039309 ] ] ] } },
{ "type": "Feature", "properties": { "urban_density": 0.18589622987627899, "temperature_proxy": 28.208325494195812 }, "geometry": { "type": "Polygon", "coordinates": [ [ [ -6.803383, 33.940135 ], [ -6.803337, 33.941938 ], [ -6.8055, 33.941977 ], [ -6.805546, 33.940174 ], [ -6.803383, 33.940135 ] ] ] } },
{ "type": "Feature", "properties": { "urban_density": 0.012050707240787245, "temperature_proxy": 27.078329597065117 }, "geometry": { "type": "Polygon", "coordinates": [ [ [ -6.803337, 33.941938 ], [ -6.803291, 33.94374 ], [ -6.805454, 33.943779 ], [ -6.8055, 33.941977 ], [ -6.803337, 33.941938 ] ] ] } },
{ "type": "Feature", "properties": { "urban_density": 0.1482293207246595, "temperature_proxy": 27.963490584710286 }, "geometry": { "type": "Polygon", "coordinates": [ [ [ -6.803291, 33.94374 ], [ -6.803244, 33.945543 ], [ -6.805407, 33.945581 ], [ -6.805454, 33.943779 ], [ -6.803291, 33.94374 ] ] ] } },
{ "type": "Feature", "properties": { "urban_density": 0.054229685249489776, "temperature_proxy": 27.352492954121683 }, "geometry": { "type": "Polygon", "coordinates": [ [ [ -6.803244, 33.945543 ], [ -6.803198, 33.947345 ], [ -6.805361, 33.947384 ], [ -6.805407, 33.945581 ], [ -6.803244, 33.945543 ] ] ] } },
{ "type": "Feature", "properties": { "urban_density": 0.19378845976081194, "temperature_proxy": 28.259624988445278 }, "geometry": { "type": "Polygon", "coordinates": [ [ [ -6.803198, 33.947345 ], [ -6.803152, 33.949148 ], [ -6.805315, 33.949186 ], [ -6.805361, 33.947384 ], [ -6.803198, 33.947345 ] ] ] } },
{ "type": "Feature", "properties": { "urban_density": 0.13111722699838327, "temperature_proxy": 27.85226197548949 }, "geometry": { "type": "Polygon", "coordinates": [ [ [ -6.803152, 33.949148 ], [ -6.803105, 33.95095 ], [ -6.805268, 33.950989 ], [ -6.805315, 33.949186 ], [ -6.803152, 33.949148 ] ] ] } },
{ "type": "Feature", "properties": { "urban_density": 0.015507756686534941, "temperature_proxy": 27.100800418462477 }, "geometry": { "type": "Polygon", "coordinates": [ [ [ -6.80292, 33.95816 ], [ -6.802874, 33.959963 ], [ -6.805037, 33.960001 ], [ -6.805083, 33.958199 ], [ -6.80292, 33.95816 ] ] ] } },
{ "type": "Feature", "properties": { "urban_density": 0.024129216187693377, "temperature_proxy": 27.156839905220007 }, "geometry": { "type": "Polygon", "coordinates": [ [ [ -6.802874, 33.959963 ], [ -6.802827, 33.961765 ], [ -6.804991, 33.961804 ], [ -6.805037, 33.960001 ], [ -6.802874, 33.959963 ] ] ] } },
{ "type": "Feature", "properties": { "urban_density": 0.061660676512063708, "temperature_proxy": 27.400794397328415 }, "geometry": { "type": "Polygon", "coordinates": [ [ [ -6.802827, 33.961765 ], [ -6.802781, 33.963568 ], [ -6.804944, 33.963606 ], [ -6.804991, 33.961804 ], [ -6.802827, 33.961765 ] ] ] } },
{ "type": "Feature", "properties": { "urban_density": 0.21046372409262018, "temperature_proxy": 28.36801420660203 }, "geometry": { "type": "Polygon", "coordinates": [ [ [ -6.802781, 33.963568 ], [ -6.802735, 33.96537 ], [ -6.804898, 33.965409 ], [ -6.804944, 33.963606 ], [ -6.802781, 33.963568 ] ] ] } },
{ "type": "Feature", "properties": { "urban_density": 0.032918340026681862, "temperature_proxy": 27.213969210173431 }, "geometry": { "type": "Polygon", "coordinates": [ [ [ -6.802735, 33.96537 ], [ -6.802688, 33.967172 ], [ -6.804852, 33.967211 ], [ -6.804898, 33.965409 ], [ -6.802735, 33.96537 ] ] ] } },
{ "type": "Feature", "properties": { "urban_density": 0.03317348038246036, "temperature_proxy": 27.215627622485993 }, "geometry": { "type": "Polygon", "coordinates": [ [ [ -6.802688, 33.967172 ], [ -6.802642, 33.968975 ], [ -6.804805, 33.969014 ], [ -6.804852, 33.967211 ], [ -6.802688, 33.967172 ] ] ] } },
{ "type": "Feature", "properties": { "urban_density": 0.02420168827993897, "temperature_proxy": 27.157310973819602 }, "geometry": { "type": "Polygon", "coordinates": [ [ [ -6.802642, 33.968975 ], [ -6.802595, 33.970777 ], [ -6.804759, 33.970816 ], [ -6.804805, 33.969014 ], [ -6.802642, 33.968975 ] ] ] } },
{ "type": "Feature", "properties": { "urban_density": 0.015630965703072174, "temperature_proxy": 27.101601277069967 }, "geometry": { "type": "Polygon", "coordinates": [ [ [ -6.802595, 33.970777 ], [ -6.802549, 33.97258 ], [ -6.804713, 33.972619 ], [ -6.804759, 33.970816 ], [ -6.802595, 33.970777 ] ] ] } },
{ "type": "Feature", "properties": { "urban_density": 0.032016189890831326, "temperature_proxy": 27.208105234290404 }, "geometry": { "type": "Polygon", "coordinates": [ [ [ -6.802224, 33.985197 ], [ -6.802178, 33.987 ], [ -6.804342, 33.987038 ], [ -6.804388, 33.985236 ], [ -6.802224, 33.985197 ] ] ] } },
{ "type": "Feature", "properties": { "urban_density": 0.16290181646460733, "temperature_proxy": 28.058861807019948 }, "geometry": { "type": "Polygon", "coordinates": [ [ [ -6.802178, 33.987 ], [ -6.802131, 33.988802 ], [ -6.804295, 33.988841 ], [ -6.804342, 33.987038 ], [ -6.802178, 33.987 ] ] ] } },
{ "type": "Feature", "properties": { "urban_density": 0.27126603910277697, "temperature_proxy": 28.763229254168049 }, "geometry": { "type": "Polygon", "coordinates": [ [ [ -6.802131, 33.988802 ], [ -6.802085, 33.990604 ], [ -6.804249, 33.990643 ], [ -6.804295, 33.988841 ], [ -6.802131, 33.988802 ] ] ] } },
{ "type": "Feature", "properties": { "urban_density": 0.30635239122794411, "temperature_proxy": 28.991290542981638 }, "geometry": { "type": "Polygon", "coordinates": [ [ [ -6.802085, 33.990604 ], [ -6.802039, 33.992407 ], [ -6.804203, 33.992446 ], [ -6.804249, 33.990643 ], [ -6.802085, 33.990604 ] ] ] } },
{ "type": "Feature", "properties": { "urban_density": 0.03180424514974927, "temperature_proxy": 27.206727593473371 }, "geometry": { "type": "Polygon", "coordinates": [ [ [ -6.802039, 33.992407 ], [ -6.801992, 33.994209 ], [ -6.804156, 33.994248 ], [ -6.804203, 33.992446 ], [ -6.802039, 33.992407 ] ] ] } },
{ "type": "Feature", "properties": { "urban_density": 0.022840486089754475, "temperature_proxy": 27.148463159583404 }, "geometry": { "type": "Polygon", "coordinates": [ [ [ -6.801388, 34.017641 ], [ -6.801342, 34.019444 ], [ -6.803506, 34.019482 ], [ -6.803553, 34.01768 ], [ -6.801388, 34.017641 ] ] ] } },
{ "type": "Feature", "properties": { "urban_density": 0.027952247009072256, "temperature_proxy": 27.181689605558969 }, "geometry": { "type": "Polygon", "coordinates": [ [ [ -6.801342, 34.019444 ], [ -6.801295, 34.021246 ], [ -6.80346, 34.021285 ], [ -6.803506, 34.019482 ], [ -6.801342, 34.019444 ] ] ] } },
{ "type": "Feature", "properties": { "urban_density": 0.072994757944323724, "temperature_proxy": 27.474465926638103 }, "geometry": { "type": "Polygon", "coordinates": [ [ [ -6.801249, 34.023049 ], [ -6.801202, 34.024851 ], [ -6.803367, 34.02489 ], [ -6.803413, 34.023087 ], [ -6.801249, 34.023049 ] ] ] } },
{ "type": "Feature", "properties": { "urban_density": 0.06055042656478811, "temperature_proxy": 27.393577772671122 }, "geometry": { "type": "Polygon", "coordinates": [ [ [ -6.801202, 34.024851 ], [ -6.801156, 34.026653 ], [ -6.80332, 34.026692 ], [ -6.803367, 34.02489 ], [ -6.801202, 34.024851 ] ] ] } },
{ "type": "Feature", "properties": { "urban_density": 0.32383965787304064, "temperature_proxy": 29.104957776174764 }, "geometry": { "type": "Polygon", "coordinates": [ [ [ -6.801156, 34.026653 ], [ -6.801109, 34.028456 ], [ -6.803274, 34.028495 ], [ -6.80332, 34.026692 ], [ -6.801156, 34.026653 ] ] ] } },
{ "type": "Feature", "properties": { "urban_density": 0.36298891280634432, "temperature_proxy": 29.359427933241239 }, "geometry": { "type": "Polygon", "coordinates": [ [ [ -6.801109, 34.028456 ], [ -6.801063, 34.030258 ], [ -6.803227, 34.030297 ], [ -6.803274, 34.028495 ], [ -6.801109, 34.028456 ] ] ] } },
{ "type": "Feature", "properties": { "urban_density": 0.29687243371014599, "temperature_proxy": 28.929670819115948 }, "geometry": { "type": "Polygon", "coordinates": [ [ [ -6.801063, 34.030258 ], [ -6.801016, 34.032061 ], [ -6.803181, 34.032099 ], [ -6.803227, 34.030297 ], [ -6.801063, 34.030258 ] ] ] } },
{ "type": "Feature", "properties": { "urban_density": 0.24063199833772145, "temperature_proxy": 28.56410798919519 }, "geometry": { "type": "Polygon", "coordinates": [ [ [ -6.801016, 34.032061 ], [ -6.80097, 34.033863 ], [ -6.803135, 34.033902 ], [ -6.803181, 34.032099 ], [ -6.801016, 34.032061 ] ] ] } },
{ "type": "Feature", "properties": { "urban_density": 0.19949527005701528, "temperature_proxy": 28.296719255370601 }, "geometry": { "type": "Polygon", "coordinates": [ [ [ -6.80097, 34.033863 ], [ -6.800923, 34.035666 ], [ -6.803088, 34.035704 ], [ -6.803135, 34.033902 ], [ -6.80097, 34.033863 ] ] ] } },
{ "type": "Feature", "properties": { "urban_density": 0.23051106606439342, "temperature_proxy": 28.498321929418559 }, "geometry": { "type": "Polygon", "coordinates": [ [ [ -6.800923, 34.035666 ], [ -6.800876, 34.037468 ], [ -6.803042, 34.037507 ], [ -6.803088, 34.035704 ], [ -6.800923, 34.035666 ] ] ] } },
{ "type": "Feature", "properties": { "urban_density": 0.17211618016051344, "temperature_proxy": 28.118755171043336 }, "geometry": { "type": "Polygon", "coordinates": [ [ [ -6.800876, 34.037468 ], [ -6.80083, 34.039271 ], [ -6.802995, 34.039309 ], [ -6.803042, 34.037507 ], [ -6.800876, 34.037468 ] ] ] } },
{ "type": "Feature", "properties": { "urban_density": 0.11043419389290948, "temperature_proxy": 27.717822260303912 }, "geometry": { "type": "Polygon", "coordinates": [ [ [ -6.80083, 34.039271 ], [ -6.800783, 34.041073 ], [ -6.802949, 34.041112 ], [ -6.802995, 34.039309 ], [ -6.80083, 34.039271 ] ] ] } },
{ "type": "Feature", "properties": { "urban_density": 0.24897612695041235, "temperature_proxy": 28.61834482517768 }, "geometry": { "type": "Polygon", "coordinates": [ [ [ -6.801221, 33.940097 ], [ -6.801174, 33.941899 ], [ -6.803337, 33.941938 ], [ -6.803383, 33.940135 ], [ -6.801221, 33.940097 ] ] ] } },
{ "type": "Feature", "properties": { "urban_density": 0.060747536511480939, "temperature_proxy": 27.394858987324625 }, "geometry": { "type": "Polygon", "coordinates": [ [ [ -6.801174, 33.941899 ], [ -6.801128, 33.943702 ], [ -6.803291, 33.94374 ], [ -6.803337, 33.941938 ], [ -6.801174, 33.941899 ] ] ] } },
{ "type": "Feature", "properties": { "urban_density": 0.059710913939314776, "temperature_proxy": 27.388120940605546 }, "geometry": { "type": "Polygon", "coordinates": [ [ [ -6.801128, 33.943702 ], [ -6.801082, 33.945504 ], [ -6.803244, 33.945543 ], [ -6.803291, 33.94374 ], [ -6.801128, 33.943702 ] ] ] } },
{ "type": "Feature", "properties": { "urban_density": 0.098993121056620267, "temperature_proxy": 27.643455286868033 }, "geometry": { "type": "Polygon", "coordinates": [ [ [ -6.801082, 33.945504 ], [ -6.801035, 33.947307 ], [ -6.803198, 33.947345 ], [ -6.803244, 33.945543 ], [ -6.801082, 33.945504 ] ] ] } },
{ "type": "Feature", "properties": { "urban_density": 0.049169070644612546, "temperature_proxy": 27.319598959189982 }, "geometry": { "type": "Polygon", "coordinates": [ [ [ -6.801035, 33.947307 ], [ -6.800989, 33.949109 ], [ -6.803152, 33.949148 ], [ -6.803198, 33.947345 ], [ -6.801035, 33.947307 ] ] ] } },
{ "type": "Feature", "properties": { "urban_density": 0.058937314105014613, "temperature_proxy": 27.383092541682593 }, "geometry": { "type": "Polygon", "coordinates": [ [ [ -6.800989, 33.949109 ], [ -6.800943, 33.950912 ], [ -6.803105, 33.95095 ], [ -6.803152, 33.949148 ], [ -6.800989, 33.949109 ] ] ] } },
{ "type": "Feature", "properties": { "urban_density": 0.02597527837622161, "temperature_proxy": 27.168839309445442 }, "geometry": { "type": "Polygon", "coordinates": [ [ [ -6.800757, 33.958122 ], [ -6.800711, 33.959924 ], [ -6.802874, 33.959963 ], [ -6.80292, 33.95816 ], [ -6.800757, 33.958122 ] ] ] } },
{ "type": "Feature", "properties": { "urban_density": 0.10132971295308442, "temperature_proxy": 27.658643134195049 }, "geometry": { "type": "Polygon", "coordinates": [ [ [ -6.800711, 33.959924 ], [ -6.800664, 33.961726 ], [ -6.802827, 33.961765 ], [ -6.802874, 33.959963 ], [ -6.800711, 33.959924 ] ] ] } },
{ "type": "Feature", "properties": { "urban_density": 0.022712565571293267, "temperature_proxy": 27.147631676213408 }, "geometry": { "type": "Polygon", "coordinates": [ [ [ -6.800664, 33.961726 ], [ -6.800618, 33.963529 ], [ -6.802781, 33.963568 ], [ -6.802827, 33.961765 ], [ -6.800664, 33.961726 ] ] ] } },
{ "type": "Feature", "properties": { "urban_density": 0.20057959329657582, "temperature_proxy": 28.303767356427741 }, "geometry": { "type": "Polygon", "coordinates": [ [ [ -6.800618, 33.963529 ], [ -6.800571, 33.965331 ], [ -6.802735, 33.96537 ], [ -6.802781, 33.963568 ], [ -6.800618, 33.963529 ] ] ] } },
{ "type": "Feature", "properties": { "urban_density": 0.088089951533845731, "temperature_proxy": 27.572584684969996 }, "geometry": { "type": "Polygon", "coordinates": [ [ [ -6.800571, 33.965331 ], [ -6.800525, 33.967134 ], [ -6.802688, 33.967172 ], [ -6.802735, 33.96537 ], [ -6.800571, 33.965331 ] ] ] } },
{ "type": "Feature", "properties": { "urban_density": 0.032860007075263077, "temperature_proxy": 27.213590045989211 }, "geometry": { "type": "Polygon", "coordinates": [ [ [ -6.800525, 33.967134 ], [ -6.800479, 33.968936 ], [ -6.802642, 33.968975 ], [ -6.802688, 33.967172 ], [ -6.800525, 33.967134 ] ] ] } },
{ "type": "Feature", "properties": { "urban_density": 0.09329664477177943, "temperature_proxy": 27.606428191016565 }, "geometry": { "type": "Polygon", "coordinates": [ [ [ -6.800432, 33.970739 ], [ -6.800386, 33.972541 ], [ -6.802549, 33.97258 ], [ -6.802595, 33.970777 ], [ -6.800432, 33.970739 ] ] ] } },
{ "type": "Feature", "properties": { "urban_density": 0.037372200366956182, "temperature_proxy": 27.242919302385214 }, "geometry": { "type": "Polygon", "coordinates": [ [ [ -6.800386, 33.972541 ], [ -6.800339, 33.974344 ], [ -6.802503, 33.974382 ], [ -6.802549, 33.97258 ], [ -6.800386, 33.972541 ] ] ] } },
{ "type": "Feature", "properties": { "urban_density": 0.01316636067583766, "temperature_proxy": 27.085581344392946 }, "geometry": { "type": "Polygon", "coordinates": [ [ [ -6.8002, 33.979751 ], [ -6.800153, 33.981553 ], [ -6.802317, 33.981592 ], [ -6.802364, 33.97979 ], [ -6.8002, 33.979751 ] ] ] } },
{ "type": "Feature", "properties": { "urban_density": 0.14476088283251465, "temperature_proxy": 27.940945738411344 }, "geometry": { "type": "Polygon", "coordinates": [ [ [ -6.800061, 33.985158 ], [ -6.800014, 33.986961 ], [ -6.802178, 33.987 ], [ -6.802224, 33.985197 ], [ -6.800061, 33.985158 ] ] ] } },
{ "type": "Feature", "properties": { "urban_density": 0.22396185857205542, "temperature_proxy": 28.455752080718359 }, "geometry": { "type": "Polygon", "coordinates": [ [ [ -6.800014, 33.986961 ], [ -6.799968, 33.988763 ], [ -6.802131, 33.988802 ], [ -6.802178, 33.987 ], [ -6.800014, 33.986961 ] ] ] } },
{ "type": "Feature", "properties": { "urban_density": 0.078766397278311001, "temperature_proxy": 27.511981582309023 }, "geometry": { "type": "Polygon", "coordinates": [ [ [ -6.799968, 33.988763 ], [ -6.799921, 33.990566 ], [ -6.802085, 33.990604 ], [ -6.802131, 33.988802 ], [ -6.799968, 33.988763 ] ] ] } },
{ "type": "Feature", "properties": { "urban_density": 0.030028788421973013, "temperature_proxy": 27.195187124742823 }, "geometry": { "type": "Polygon", "coordinates": [ [ [ -6.799921, 33.990566 ], [ -6.799875, 33.992368 ], [ -6.802039, 33.992407 ], [ -6.802085, 33.990604 ], [ -6.799921, 33.990566 ] ] ] } },
{ "type": "Feature", "properties": { "urban_density": 0.015001989875644949, "temperature_proxy": 27.097512934191691 }, "geometry": { "type": "Polygon", "coordinates": [ [ [ -6.799317, 34.013998 ], [ -6.79927, 34.0158 ], [ -6.801435, 34.015839 ], [ -6.801481, 34.014036 ], [ -6.799317, 34.013998 ] ] ] } },
{ "type": "Feature", "properties": { "urban_density": 0.024370115090988492, "temperature_proxy": 27.158405748091425 }, "geometry": { "type": "Polygon", "coordinates": [ [ [ -6.799224, 34.017602 ], [ -6.799177, 34.019405 ], [ -6.801342, 34.019444 ], [ -6.801388, 34.017641 ], [ -6.799224, 34.017602 ] ] ] } },
{ "type": "Feature", "properties": { "urban_density": 0.1397287203858629, "temperature_proxy": 27.908236682508107 }, "geometry": { "type": "Polygon", "coordinates": [ [ [ -6.799177, 34.019405 ], [ -6.79913, 34.021207 ], [ -6.801295, 34.021246 ], [ -6.801342, 34.019444 ], [ -6.799177, 34.019405 ] ] ] } },
{ "type": "Feature", "properties": { "urban_density": 0.12895932525792533, "temperature_proxy": 27.838235614176515 }, "geometry": { "type": "Polygon", "coordinates": [ [ [ -6.79913, 34.021207 ], [ -6.799084, 34.02301 ], [ -6.801249, 34.023049 ], [ -6.801295, 34.021246 ], [ -6.79913, 34.021207 ] ] ] } },
{ "type": "Feature", "properties": { "urban_density": 0.19739103103622579, "temperature_proxy": 28.283041701735467 }, "geometry": { "type": "Polygon", "coordinates": [ [ [ -6.799084, 34.02301 ], [ -6.799037, 34.024812 ], [ -6.801202, 34.024851 ], [ -6.801249, 34.023049 ], [ -6.799084, 34.02301 ] ] ] } },
{ "type": "Feature", "properties": { "urban_density": 0.060220862345561683, "temperature_proxy": 27.391435605246151 }, "geometry": { "type": "Polygon", "coordinates": [ [ [ -6.799037, 34.024812 ], [ -6.798991, 34.026615 ], [ -6.801156, 34.026653 ], [ -6.801202, 34.024851 ], [ -6.799037, 34.024812 ] ] ] } },
{ "type": "Feature", "properties": { "urban_density": 0.11051123259990363, "temperature_proxy": 27.718323011899372 }, "geometry": { "type": "Polygon", "coordinates": [ [ [ -6.798991, 34.026615 ], [ -6.798944, 34.028417 ], [ -6.801109, 34.028456 ], [ -6.801156, 34.026653 ], [ -6.798991, 34.026615 ] ] ] } },
{ "type": "Feature", "properties": { "urban_density": 0.26322359222836361, "temperature_proxy": 28.710953349484363 }, "geometry": { "type": "Polygon", "coordinates": [ [ [ -6.798944, 34.028417 ], [ -6.798898, 34.03022 ], [ -6.801063, 34.030258 ], [ -6.801109, 34.028456 ], [ -6.798944, 34.028417 ] ] ] } },
{ "type": "Feature", "properties": { "urban_density": 0.39794868781204684, "temperature_proxy": 29.586666470778304 }, "geometry": { "type": "Polygon", "coordinates": [ [ [ -6.798898, 34.03022 ], [ -6.798851, 34.032022 ], [ -6.801016, 34.032061 ], [ -6.801063, 34.030258 ], [ -6.798898, 34.03022 ] ] ] } },
{ "type": "Feature", "properties": { "urban_density": 0.37150907456091059, "temperature_proxy": 29.414808984645919 }, "geometry": { "type": "Polygon", "coordinates": [ [ [ -6.798851, 34.032022 ], [ -6.798805, 34.033824 ], [ -6.80097, 34.033863 ], [ -6.801016, 34.032061 ], [ -6.798851, 34.032022 ] ] ] } },
{ "type": "Feature", "properties": { "urban_density": 0.11695702062657383, "temperature_proxy": 27.760220634072731 }, "geometry": { "type": "Polygon", "coordinates": [ [ [ -6.798805, 34.033824 ], [ -6.798758, 34.035627 ], [ -6.800923, 34.035666 ], [ -6.80097, 34.033863 ], [ -6.798805, 34.033824 ] ] ] } },
{ "type": "Feature", "properties": { "urban_density": 0.076687551270750054, "temperature_proxy": 27.498469083259874 }, "geometry": { "type": "Polygon", "coordinates": [ [ [ -6.798758, 34.035627 ], [ -6.798711, 34.037429 ], [ -6.800876, 34.037468 ], [ -6.800923, 34.035666 ], [ -6.798758, 34.035627 ] ] ] } },
{ "type": "Feature", "properties": { "urban_density": 0.10572452220972689, "temperature_proxy": 27.687209394363226 }, "geometry": { "type": "Polygon", "coordinates": [ [ [ -6.798711, 34.037429 ], [ -6.798665, 34.039232 ], [ -6.80083, 34.039271 ], [ -6.800876, 34.037468 ], [ -6.798711, 34.037429 ] ] ] } },
{ "type": "Feature", "properties": { "urban_density": 0.072984034143819099, "temperature_proxy": 27.474396221934825 }, "geometry": { "type": "Polygon", "coordinates": [ [ [ -6.798665, 34.039232 ], [ -6.798618, 34.041034 ], [ -6.800783, 34.041073 ], [ -6.80083, 34.039271 ], [ -6.798665, 34.039232 ] ] ] } },
{ "type": "Feature", "properties": { "urban_density": 0.085210691472651576, "temperature_proxy": 27.553869494572236 }, "geometry": { "type": "Polygon", "coordinates": [ [ [ -6.799058, 33.940058 ], [ -6.799012, 33.941861 ], [ -6.801174, 33.941899 ], [ -6.801221, 33.940097 ], [ -6.799058, 33.940058 ] ] ] } },
{ "type": "Feature", "properties": { "urban_density": 0.23611671166213355, "temperature_proxy": 28.534758625803867 }, "geometry": { "type": "Polygon", "coordinates": [ [ [ -6.799012, 33.941861 ], [ -6.798965, 33.943663 ], [ -6.801128, 33.943702 ], [ -6.801174, 33.941899 ], [ -6.799012, 33.941861 ] ] ] } },
{ "type": "Feature", "properties": { "urban_density": 0.1223108392074153, "temperature_proxy": 27.795020454848199 }, "geometry": { "type": "Polygon", "coordinates": [ [ [ -6.798965, 33.943663 ], [ -6.798919, 33.945466 ], [ -6.801082, 33.945504 ], [ -6.801128, 33.943702 ], [ -6.798965, 33.943663 ] ] ] } },
{ "type": "Feature", "properties": { "urban_density": 0.078693690996090165, "temperature_proxy": 27.511508991474585 }, "geometry": { "type": "Polygon", "coordinates": [ [ [ -6.798919, 33.945466 ], [ -6.798873, 33.947268 ], [ -6.801035, 33.947307 ], [ -6.801082, 33.945504 ], [ -6.798919, 33.945466 ] ] ] } },
{ "type": "Feature", "properties": { "urban_density": 0.09647238002643814, "temperature_proxy": 27.627070470171848 }, "geometry": { "type": "Polygon", "coordinates": [ [ [ -6.798548, 33.959885 ], [ -6.798501, 33.961688 ], [ -6.800664, 33.961726 ], [ -6.800711, 33.959924 ], [ -6.798548, 33.959885 ] ] ] } },
{ "type": "Feature", "properties": { "urban_density": 0.085871210739893344, "temperature_proxy": 27.558162869809308 }, "geometry": { "type": "Polygon", "coordinates": [ [ [ -6.798501, 33.961688 ], [ -6.798455, 33.96349 ], [ -6.800618, 33.963529 ], [ -6.800664, 33.961726 ], [ -6.798501, 33.961688 ] ] ] } },
{ "type": "Feature", "properties": { "urban_density": 0.15454361127781005, "temperature_proxy": 28.004533473305766 }, "geometry": { "type": "Polygon", "coordinates": [ [ [ -6.798455, 33.96349 ], [ -6.798408, 33.965293 ], [ -6.800571, 33.965331 ], [ -6.800618, 33.963529 ], [ -6.798455, 33.96349 ] ] ] } },
{ "type": "Feature", "properties": { "urban_density": 0.017824079877368577, "temperature_proxy": 27.115856519202897 }, "geometry": { "type": "Polygon", "coordinates": [ [ [ -6.798408, 33.965293 ], [ -6.798362, 33.967095 ], [ -6.800525, 33.967134 ], [ -6.800571, 33.965331 ], [ -6.798408, 33.965293 ] ] ] } },
{ "type": "Feature", "properties": { "urban_density": 0.019503187110376866, "temperature_proxy": 27.12677071621745 }, "geometry": { "type": "Polygon", "coordinates": [ [ [ -6.798362, 33.967095 ], [ -6.798315, 33.968898 ], [ -6.800479, 33.968936 ], [ -6.800525, 33.967134 ], [ -6.798362, 33.967095 ] ] ] } },
{ "type": "Feature", "properties": { "urban_density": 0.024970310826139985, "temperature_proxy": 27.162307020369909 }, "geometry": { "type": "Polygon", "coordinates": [ [ [ -6.798222, 33.972503 ], [ -6.798176, 33.974305 ], [ -6.800339, 33.974344 ], [ -6.800386, 33.972541 ], [ -6.798222, 33.972503 ] ] ] } },
{ "type": "Feature", "properties": { "urban_density": 0.082698200277204703, "temperature_proxy": 27.537538301801831 }, "geometry": { "type": "Polygon", "coordinates": [ [ [ -6.797897, 33.98512 ], [ -6.79785, 33.986922 ], [ -6.800014, 33.986961 ], [ -6.800061, 33.985158 ], [ -6.797897, 33.98512 ] ] ] } },
{ "type": "Feature", "properties": { "urban_density": 0.082136788217820805, "temperature_proxy": 27.533889123415836 }, "geometry": { "type": "Polygon", "coordinates": [ [ [ -6.79785, 33.986922 ], [ -6.797804, 33.988725 ], [ -6.799968, 33.988763 ], [ -6.800014, 33.986961 ], [ -6.79785, 33.986922 ] ] ] } },
{ "type": "Feature", "properties": { "urban_density": 0.070869022532157516, "temperature_proxy": 27.460648646459024 }, "geometry": { "type": "Polygon", "coordinates": [ [ [ -6.797804, 33.988725 ], [ -6.797757, 33.990527 ], [ -6.799921, 33.990566 ], [ -6.799968, 33.988763 ], [ -6.797804, 33.988725 ] ] ] } },
{ "type": "Feature", "properties": { "urban_density": 0.049423884087362924, "temperature_proxy": 27.321255246567858 }, "geometry": { "type": "Polygon", "coordinates": [ [ [ -6.797757, 33.990527 ], [ -6.797711, 33.992329 ], [ -6.799875, 33.992368 ], [ -6.799921, 33.990566 ], [ -6.797757, 33.990527 ] ] ] } },
{ "type": "Feature", "properties": { "urban_density": 0.24821861281785504, "temperature_proxy": 28.613420983316058 }, "geometry": { "type": "Polygon", "coordinates": [ [ [ -6.797059, 34.017564 ], [ -6.797012, 34.019366 ], [ -6.799177, 34.019405 ], [ -6.799224, 34.017602 ], [ -6.797059, 34.017564 ] ] ] } },
{ "type": "Feature", "properties": { "urban_density": 0.38142752723462814, "temperature_proxy": 29.479278927025081 }, "geometry": { "type": "Polygon", "coordinates": [ [ [ -6.797012, 34.019366 ], [ -6.796966, 34.021169 ], [ -6.79913, 34.021207 ], [ -6.799177, 34.019405 ], [ -6.797012, 34.019366 ] ] ] } },
{ "type": "Feature", "properties": { "urban_density": 0.19443409317985449, "temperature_proxy": 28.263821605669055 }, "geometry": { "type": "Polygon", "coordinates": [ [ [ -6.796966, 34.021169 ], [ -6.796919, 34.022971 ], [ -6.799084, 34.02301 ], [ -6.79913, 34.021207 ], [ -6.796966, 34.021169 ] ] ] } },
{ "type": "Feature", "properties": { "urban_density": 0.016839369288218064, "temperature_proxy": 27.109455900373419 }, "geometry": { "type": "Polygon", "coordinates": [ [ [ -6.796919, 34.022971 ], [ -6.796873, 34.024773 ], [ -6.799037, 34.024812 ], [ -6.799084, 34.02301 ], [ -6.796919, 34.022971 ] ] ] } },
{ "type": "Feature", "properties": { "urban_density": 0.10123055042904926, "temperature_proxy": 27.65799857778882 }, "geometry": { "type": "Polygon", "coordinates": [ [ [ -6.796779, 34.028378 ], [ -6.796733, 34.030181 ], [ -6.798898, 34.03022 ], [ -6.798944, 34.028417 ], [ -6.796779, 34.028378 ] ] ] } },
{ "type": "Feature", "properties": { "urban_density": 0.30396658037148178, "temperature_proxy": 28.975782772414632 }, "geometry": { "type": "Polygon", "coordinates": [ [ [ -6.796733, 34.030181 ], [ -6.796686, 34.031983 ], [ -6.798851, 34.032022 ], [ -6.798898, 34.03022 ], [ -6.796733, 34.030181 ] ] ] } },
{ "type": "Feature", "properties": { "urban_density": 0.19729645573656696, "temperature_proxy": 28.282426962287687 }, "geometry": { "type": "Polygon", "coordinates": [ [ [ -6.796686, 34.031983 ], [ -6.79664, 34.033786 ], [ -6.798805, 34.033824 ], [ -6.798851, 34.032022 ], [ -6.796686, 34.031983 ] ] ] } },
{ "type": "Feature", "properties": { "urban_density": 0.13954272858496813, "temperature_proxy": 27.907027735802291 }, "geometry": { "type": "Polygon", "coordinates": [ [ [ -6.79664, 34.033786 ], [ -6.796593, 34.035588 ], [ -6.798758, 34.035627 ], [ -6.798805, 34.033824 ], [ -6.79664, 34.033786 ] ] ] } },
{ "type": "Feature", "properties": { "urban_density": 0.087021493176861961, "temperature_proxy": 27.565639705649602 }, "geometry": { "type": "Polygon", "coordinates": [ [ [ -6.796593, 34.035588 ], [ -6.796546, 34.037391 ], [ -6.798711, 34.037429 ], [ -6.798758, 34.035627 ], [ -6.796593, 34.035588 ] ] ] } },
{ "type": "Feature", "properties": { "urban_density": 0.26881868123770286, "temperature_proxy": 28.747321428045069 }, "geometry": { "type": "Polygon", "coordinates": [ [ [ -6.796546, 34.037391 ], [ -6.7965, 34.039193 ], [ -6.798665, 34.039232 ], [ -6.798711, 34.037429 ], [ -6.796546, 34.037391 ] ] ] } },
{ "type": "Feature", "properties": { "urban_density": 0.022664909348557801, "temperature_proxy": 27.147321910765626 }, "geometry": { "type": "Polygon", "coordinates": [ [ [ -6.7965, 34.039193 ], [ -6.796453, 34.040995 ], [ -6.798618, 34.041034 ], [ -6.798665, 34.039232 ], [ -6.7965, 34.039193 ] ] ] } },
{ "type": "Feature", "properties": { "urban_density": 0.042149100721881286, "temperature_proxy": 27.273969154692228 }, "geometry": { "type": "Polygon", "coordinates": [ [ [ -6.796896, 33.940019 ], [ -6.796849, 33.941822 ], [ -6.799012, 33.941861 ], [ -6.799058, 33.940058 ], [ -6.796896, 33.940019 ] ] ] } },
{ "type": "Feature", "properties": { "urban_density": 0.010034280943897682, "temperature_proxy": 27.065222826135336 }, "geometry": { "type": "Polygon", "coordinates": [ [ [ -6.796849, 33.941822 ], [ -6.796803, 33.943624 ], [ -6.798965, 33.943663 ], [ -6.799012, 33.941861 ], [ -6.796849, 33.941822 ] ] ] } },
{ "type": "Feature", "properties": { "urban_density": 0.014037789069962805, "temperature_proxy": 27.091245628954759 }, "geometry": { "type": "Polygon", "coordinates": [ [ [ -6.796477, 33.956242 ], [ -6.796431, 33.958044 ], [ -6.798594, 33.958083 ], [ -6.79864, 33.95628 ], [ -6.796477, 33.956242 ] ] ] } },
{ "type": "Feature", "properties": { "urban_density": 0.018936282127649206, "temperature_proxy": 27.12308583382972 }, "geometry": { "type": "Polygon", "coordinates": [ [ [ -6.796431, 33.958044 ], [ -6.796384, 33.959847 ], [ -6.798548, 33.959885 ], [ -6.798594, 33.958083 ], [ -6.796431, 33.958044 ] ] ] } },
{ "type": "Feature", "properties": { "urban_density": 0.011864002140737092, "temperature_proxy": 27.07711601391479 }, "geometry": { "type": "Polygon", "coordinates": [ [ [ -6.796245, 33.965254 ], [ -6.796198, 33.967056 ], [ -6.798362, 33.967095 ], [ -6.798408, 33.965293 ], [ -6.796245, 33.965254 ] ] ] } },
{ "type": "Feature", "properties": { "urban_density": 0.018284934479110507, "temperature_proxy": 27.118852074114219 }, "geometry": { "type": "Polygon", "coordinates": [ [ [ -6.795593, 33.990488 ], [ -6.795547, 33.992291 ], [ -6.797711, 33.992329 ], [ -6.797757, 33.990527 ], [ -6.795593, 33.990488 ] ] ] } },
{ "type": "Feature", "properties": { "urban_density": 0.017283657438623597, "temperature_proxy": 27.112343773351053 }, "geometry": { "type": "Polygon", "coordinates": [ [ [ -6.795407, 33.997698 ], [ -6.79536, 33.9995 ], [ -6.797525, 33.999539 ], [ -6.797571, 33.997737 ], [ -6.795407, 33.997698 ] ] ] } },
{ "type": "Feature", "properties": { "urban_density": 0.075785666213387406, "temperature_proxy": 27.492606830387018 }, "geometry": { "type": "Polygon", "coordinates": [ [ [ -6.79536, 33.9995 ], [ -6.795314, 34.001303 ], [ -6.797478, 34.001342 ], [ -6.797525, 33.999539 ], [ -6.79536, 33.9995 ] ] ] } },
{ "type": "Feature", "properties": { "urban_density": 0.038472311470386399, "temperature_proxy": 27.250070024557512 }, "geometry": { "type": "Polygon", "coordinates": [ [ [ -6.795314, 34.001303 ], [ -6.795267, 34.003105 ], [ -6.797432, 34.003144 ], [ -6.797478, 34.001342 ], [ -6.795314, 34.001303 ] ] ] } },
{ "type": "Feature", "properties": { "urban_density": 0.017139641291510344, "temperature_proxy": 27.111407668394818 }, "geometry": { "type": "Polygon", "coordinates": [ [ [ -6.795034, 34.012118 ], [ -6.794988, 34.01392 ], [ -6.797152, 34.013959 ], [ -6.797199, 34.012156 ], [ -6.795034, 34.012118 ] ] ] } },
{ "type": "Feature", "properties": { "urban_density": 0.070461125822467024, "temperature_proxy": 27.457997317846036 }, "geometry": { "type": "Polygon", "coordinates": [ [ [ -6.794894, 34.017525 ], [ -6.794848, 34.019327 ], [ -6.797012, 34.019366 ], [ -6.797059, 34.017564 ], [ -6.794894, 34.017525 ] ] ] } },
{ "type": "Feature", "properties": { "urban_density": 0.26553994004332071, "temperature_proxy": 28.726009610281587 }, "geometry": { "type": "Polygon", "coordinates": [ [ [ -6.794848, 34.019327 ], [ -6.794801, 34.02113 ], [ -6.796966, 34.021169 ], [ -6.797012, 34.019366 ], [ -6.794848, 34.019327 ] ] ] } },
{ "type": "Feature", "properties": { "urban_density": 0.16240485228570309, "temperature_proxy": 28.055631539857071 }, "geometry": { "type": "Polygon", "coordinates": [ [ [ -6.794801, 34.02113 ], [ -6.794755, 34.022932 ], [ -6.796919, 34.022971 ], [ -6.796966, 34.021169 ], [ -6.794801, 34.02113 ] ] ] } },
{ "type": "Feature", "properties": { "urban_density": 0.036246020985166022, "temperature_proxy": 27.235599136403579 }, "geometry": { "type": "Polygon", "coordinates": [ [ [ -6.794755, 34.022932 ], [ -6.794708, 34.024735 ], [ -6.796873, 34.024773 ], [ -6.796919, 34.022971 ], [ -6.794755, 34.022932 ] ] ] } },
{ "type": "Feature", "properties": { "urban_density": 0.11942699803521369, "temperature_proxy": 27.77627548722889 }, "geometry": { "type": "Polygon", "coordinates": [ [ [ -6.794521, 34.031944 ], [ -6.794475, 34.033747 ], [ -6.79664, 34.033786 ], [ -6.796686, 34.031983 ], [ -6.794521, 34.031944 ] ] ] } },
{ "type": "Feature", "properties": { "urban_density": 0.12306215642920622, "temperature_proxy": 27.799904016789842 }, "geometry": { "type": "Polygon", "coordinates": [ [ [ -6.794475, 34.033747 ], [ -6.794428, 34.035549 ], [ -6.796593, 34.035588 ], [ -6.79664, 34.033786 ], [ -6.794475, 34.033747 ] ] ] } },
{ "type": "Feature", "properties": { "urban_density": 0.13231754351563013, "temperature_proxy": 27.860064032851596 }, "geometry": { "type": "Polygon", "coordinates": [ [ [ -6.794428, 34.035549 ], [ -6.794381, 34.037352 ], [ -6.796546, 34.037391 ], [ -6.796593, 34.035588 ], [ -6.794428, 34.035549 ] ] ] } },
{ "type": "Feature", "properties": { "urban_density": 0.14696371657834464, "temperature_proxy": 27.955264157759242 }, "geometry": { "type": "Polygon", "coordinates": [ [ [ -6.794381, 34.037352 ], [ -6.794335, 34.039154 ], [ -6.7965, 34.039193 ], [ -6.796546, 34.037391 ], [ -6.794381, 34.037352 ] ] ] } },
{ "type": "Feature", "properties": { "urban_density": 0.016489938428989753, "temperature_proxy": 27.107184599788432 }, "geometry": { "type": "Polygon", "coordinates": [ [ [ -6.794335, 34.039154 ], [ -6.794288, 34.040957 ], [ -6.796453, 34.040995 ], [ -6.7965, 34.039193 ], [ -6.794335, 34.039154 ] ] ] } },
{ "type": "Feature", "properties": { "urban_density": 0.01407420262749177, "temperature_proxy": 27.091482317078697 }, "geometry": { "type": "Polygon", "coordinates": [ [ [ -6.794221, 33.959808 ], [ -6.794175, 33.96161 ], [ -6.796338, 33.961649 ], [ -6.796384, 33.959847 ], [ -6.794221, 33.959808 ] ] ] } },
{ "type": "Feature", "properties": { "urban_density": 0.012191089053115211, "temperature_proxy": 27.079242078845247 }, "geometry": { "type": "Polygon", "coordinates": [ [ [ -6.794035, 33.967018 ], [ -6.793989, 33.96882 ], [ -6.796152, 33.968859 ], [ -6.796198, 33.967056 ], [ -6.794035, 33.967018 ] ] ] } },
{ "type": "Feature", "properties": { "urban_density": 0.020735154513904213, "temperature_proxy": 27.134778504340378 }, "geometry": { "type": "Polygon", "coordinates": [ [ [ -6.793709, 33.979635 ], [ -6.793663, 33.981437 ], [ -6.795826, 33.981476 ], [ -6.795873, 33.979674 ], [ -6.793709, 33.979635 ] ] ] } },
{ "type": "Feature", "properties": { "urban_density": 0.05074951832858627, "temperature_proxy": 27.329871869135811 }, "geometry": { "type": "Polygon", "coordinates": [ [ [ -6.793476, 33.988647 ], [ -6.79343, 33.990449 ], [ -6.795593, 33.990488 ], [ -6.79564, 33.988686 ], [ -6.793476, 33.988647 ] ] ] } },
{ "type": "Feature", "properties": { "urban_density": 0.15966712322171389, "temperature_proxy": 28.037836300941141 }, "geometry": { "type": "Polygon", "coordinates": [ [ [ -6.79273, 34.017486 ], [ -6.792683, 34.019289 ], [ -6.794848, 34.019327 ], [ -6.794894, 34.017525 ], [ -6.79273, 34.017486 ] ] ] } },
{ "type": "Feature", "properties": { "urban_density": 0.030503310207428108, "temperature_proxy": 27.198271516348282 }, "geometry": { "type": "Polygon", "coordinates": [ [ [ -6.792683, 34.019289 ], [ -6.792636, 34.021091 ], [ -6.794801, 34.02113 ], [ -6.794848, 34.019327 ], [ -6.792683, 34.019289 ] ] ] } },
{ "type": "Feature", "properties": { "urban_density": 0.037062034774453106, "temperature_proxy": 27.240903226033947 }, "geometry": { "type": "Polygon", "coordinates": [ [ [ -6.792636, 34.021091 ], [ -6.79259, 34.022893 ], [ -6.794755, 34.022932 ], [ -6.794801, 34.02113 ], [ -6.792636, 34.021091 ] ] ] } },
{ "type": "Feature", "properties": { "urban_density": 0.051879909611266227, "temperature_proxy": 27.337219412473232 }, "geometry": { "type": "Polygon", "coordinates": [ [ [ -6.79231, 34.033708 ], [ -6.792263, 34.03551 ], [ -6.794428, 34.035549 ], [ -6.794475, 34.033747 ], [ -6.79231, 34.033708 ] ] ] } },
{ "type": "Feature", "properties": { "urban_density": 0.31979888345827273, "temperature_proxy": 29.078692742478772 }, "geometry": { "type": "Polygon", "coordinates": [ [ [ -6.792263, 34.03551 ], [ -6.792216, 34.037313 ], [ -6.794381, 34.037352 ], [ -6.794428, 34.035549 ], [ -6.792263, 34.03551 ] ] ] } },
{ "type": "Feature", "properties": { "urban_density": 0.30797675873226804, "temperature_proxy": 29.001848931759742 }, "geometry": { "type": "Polygon", "coordinates": [ [ [ -6.792216, 34.037313 ], [ -6.792169, 34.039115 ], [ -6.794335, 34.039154 ], [ -6.794381, 34.037352 ], [ -6.792216, 34.037313 ] ] ] } },
{ "type": "Feature", "properties": { "urban_density": 0.10643296588726611, "temperature_proxy": 27.691814278267231 }, "geometry": { "type": "Polygon", "coordinates": [ [ [ -6.792169, 34.039115 ], [ -6.792123, 34.040918 ], [ -6.794288, 34.040957 ], [ -6.794335, 34.039154 ], [ -6.792169, 34.039115 ] ] ] } },
{ "type": "Feature", "properties": { "urban_density": 0.013944720716757652, "temperature_proxy": 27.090640684658926 }, "geometry": { "type": "Polygon", "coordinates": [ [ [ -6.792291, 33.950757 ], [ -6.792245, 33.952559 ], [ -6.794407, 33.952598 ], [ -6.794454, 33.950796 ], [ -6.792291, 33.950757 ] ] ] } },
{ "type": "Feature", "properties": { "urban_density": 0.012023734628285817, "temperature_proxy": 27.078154275083858 }, "geometry": { "type": "Polygon", "coordinates": [ [ [ -6.792151, 33.956164 ], [ -6.792105, 33.957967 ], [ -6.794268, 33.958005 ], [ -6.794314, 33.956203 ], [ -6.792151, 33.956164 ] ] ] } },
{ "type": "Feature", "properties": { "urban_density": 0.010806593762754261, "temperature_proxy": 27.070242859457903 }, "geometry": { "type": "Polygon", "coordinates": [ [ [ -6.792058, 33.959769 ], [ -6.792012, 33.961571 ], [ -6.794175, 33.96161 ], [ -6.794221, 33.959808 ], [ -6.792058, 33.959769 ] ] ] } },
{ "type": "Feature", "properties": { "urban_density": 0.050744747003712058, "temperature_proxy": 27.329840855524129 }, "geometry": { "type": "Polygon", "coordinates": [ [ [ -6.791312, 33.988608 ], [ -6.791266, 33.990411 ], [ -6.79343, 33.990449 ], [ -6.793476, 33.988647 ], [ -6.791312, 33.988608 ] ] ] } },
{ "type": "Feature", "properties": { "urban_density": 0.090773724146347878, "temperature_proxy": 27.590029206951261 }, "geometry": { "type": "Polygon", "coordinates": [ [ [ -6.790846, 34.006633 ], [ -6.790799, 34.008435 ], [ -6.792963, 34.008474 ], [ -6.79301, 34.006671 ], [ -6.790846, 34.006633 ] ] ] } },
{ "type": "Feature", "properties": { "urban_density": 0.086078328107210597, "temperature_proxy": 27.559509132696867 }, "geometry": { "type": "Polygon", "coordinates": [ [ [ -6.790799, 34.008435 ], [ -6.790752, 34.010237 ], [ -6.792917, 34.010276 ], [ -6.792963, 34.008474 ], [ -6.790799, 34.008435 ] ] ] } },
{ "type": "Feature", "properties": { "urban_density": 0.23213910660842435, "temperature_proxy": 28.508904192954759 }, "geometry": { "type": "Polygon", "coordinates": [ [ [ -6.790752, 34.010237 ], [ -6.790705, 34.01204 ], [ -6.79287, 34.012079 ], [ -6.792917, 34.010276 ], [ -6.790752, 34.010237 ] ] ] } },
{ "type": "Feature", "properties": { "urban_density": 0.010811501798422966, "temperature_proxy": 27.070274761689749 }, "geometry": { "type": "Polygon", "coordinates": [ [ [ -6.790705, 34.01204 ], [ -6.790659, 34.013842 ], [ -6.792823, 34.013881 ], [ -6.79287, 34.012079 ], [ -6.790705, 34.01204 ] ] ] } },
{ "type": "Feature", "properties": { "urban_density": 0.026388136295033365, "temperature_proxy": 27.171522885917717 }, "geometry": { "type": "Polygon", "coordinates": [ [ [ -6.790659, 34.013842 ], [ -6.790612, 34.015645 ], [ -6.792777, 34.015684 ], [ -6.792823, 34.013881 ], [ -6.790659, 34.013842 ] ] ] } },
{ "type": "Feature", "properties": { "urban_density": 0.049831884938503192, "temperature_proxy": 27.32390725210027 }, "geometry": { "type": "Polygon", "coordinates": [ [ [ -6.790285, 34.028262 ], [ -6.790238, 34.030064 ], [ -6.792403, 34.030103 ], [ -6.79245, 34.028301 ], [ -6.790285, 34.028262 ] ] ] } },
{ "type": "Feature", "properties": { "urban_density": 0.05050907517432756, "temperature_proxy": 27.328308988633129 }, "geometry": { "type": "Polygon", "coordinates": [ [ [ -6.790238, 34.030064 ], [ -6.790191, 34.031867 ], [ -6.792356, 34.031906 ], [ -6.792403, 34.030103 ], [ -6.790238, 34.030064 ] ] ] } },
{ "type": "Feature", "properties": { "urban_density": 0.063017951280405785, "temperature_proxy": 27.409616683322639 }, "geometry": { "type": "Polygon", "coordinates": [ [ [ -6.790145, 34.033669 ], [ -6.790098, 34.035471 ], [ -6.792263, 34.03551 ], [ -6.79231, 34.033708 ], [ -6.790145, 34.033669 ] ] ] } },
{ "type": "Feature", "properties": { "urban_density": 0.25663555452111175, "temperature_proxy": 28.668131104387225 }, "geometry": { "type": "Polygon", "coordinates": [ [ [ -6.790098, 34.035471 ], [ -6.790051, 34.037274 ], [ -6.792216, 34.037313 ], [ -6.792263, 34.03551 ], [ -6.790098, 34.035471 ] ] ] } },
{ "type": "Feature", "properties": { "urban_density": 0.25911784823655509, "temperature_proxy": 28.684266013537609 }, "geometry": { "type": "Polygon", "coordinates": [ [ [ -6.790051, 34.037274 ], [ -6.790004, 34.039076 ], [ -6.792169, 34.039115 ], [ -6.792216, 34.037313 ], [ -6.790051, 34.037274 ] ] ] } },
{ "type": "Feature", "properties": { "urban_density": 0.112490036974042, "temperature_proxy": 27.731185240331271 }, "geometry": { "type": "Polygon", "coordinates": [ [ [ -6.790004, 34.039076 ], [ -6.789958, 34.040879 ], [ -6.792123, 34.040918 ], [ -6.792169, 34.039115 ], [ -6.790004, 34.039076 ] ] ] } },
{ "type": "Feature", "properties": { "urban_density": 0.015632386663909637, "temperature_proxy": 27.101610513315414 }, "geometry": { "type": "Polygon", "coordinates": [ [ [ -6.789569, 33.972347 ], [ -6.789522, 33.97415 ], [ -6.791685, 33.974189 ], [ -6.791732, 33.972386 ], [ -6.789569, 33.972347 ] ] ] } },
{ "type": "Feature", "properties": { "urban_density": 0.011293723574216378, "temperature_proxy": 27.073409203232405 }, "geometry": { "type": "Polygon", "coordinates": [ [ [ -6.789522, 33.97415 ], [ -6.789475, 33.975952 ], [ -6.791639, 33.975991 ], [ -6.791685, 33.974189 ], [ -6.789522, 33.97415 ] ] ] } },
{ "type": "Feature", "properties": { "urban_density": 0.01813515841901572, "temperature_proxy": 27.117878529723601 }, "geometry": { "type": "Polygon", "coordinates": [ [ [ -6.788635, 34.008396 ], [ -6.788588, 34.010199 ], [ -6.790752, 34.010237 ], [ -6.790799, 34.008435 ], [ -6.788635, 34.008396 ] ] ] } },
{ "type": "Feature", "properties": { "urban_density": 0.071436880085590168, "temperature_proxy": 27.464339720556335 }, "geometry": { "type": "Polygon", "coordinates": [ [ [ -6.788588, 34.010199 ], [ -6.788541, 34.012001 ], [ -6.790705, 34.01204 ], [ -6.790752, 34.010237 ], [ -6.788588, 34.010199 ] ] ] } },
{ "type": "Feature", "properties": { "urban_density": 0.036607774266078481, "temperature_proxy": 27.23795053272951 }, "geometry": { "type": "Polygon", "coordinates": [ [ [ -6.788541, 34.012001 ], [ -6.788494, 34.013803 ], [ -6.790659, 34.013842 ], [ -6.790705, 34.01204 ], [ -6.788541, 34.012001 ] ] ] } },
{ "type": "Feature", "properties": { "urban_density": 0.04127445801589881, "temperature_proxy": 27.268283977103341 }, "geometry": { "type": "Polygon", "coordinates": [ [ [ -6.78812, 34.028223 ], [ -6.788073, 34.030025 ], [ -6.790238, 34.030064 ], [ -6.790285, 34.028262 ], [ -6.78812, 34.028223 ] ] ] } },
{ "type": "Feature", "properties": { "urban_density": 0.1476337919345336, "temperature_proxy": 27.959619647574467 }, "geometry": { "type": "Polygon", "coordinates": [ [ [ -6.788073, 34.030025 ], [ -6.788026, 34.031828 ], [ -6.790191, 34.031867 ], [ -6.790238, 34.030064 ], [ -6.788073, 34.030025 ] ] ] } },
{ "type": "Feature", "properties": { "urban_density": 0.087634904428917665, "temperature_proxy": 27.569626878787965 }, "geometry": { "type": "Polygon", "coordinates": [ [ [ -6.78798, 34.03363 ], [ -6.787933, 34.035433 ], [ -6.790098, 34.035471 ], [ -6.790145, 34.033669 ], [ -6.78798, 34.03363 ] ] ] } },
{ "type": "Feature", "properties": { "urban_density": 0.26513300995087141, "temperature_proxy": 28.723364564680665 }, "geometry": { "type": "Polygon", "coordinates": [ [ [ -6.787933, 34.035433 ], [ -6.787886, 34.037235 ], [ -6.790051, 34.037274 ], [ -6.790098, 34.035471 ], [ -6.787933, 34.035433 ] ] ] } },
{ "type": "Feature", "properties": { "urban_density": 0.28707458320524737, "temperature_proxy": 28.865984790834109 }, "geometry": { "type": "Polygon", "coordinates": [ [ [ -6.787886, 34.037235 ], [ -6.787839, 34.039037 ], [ -6.790004, 34.039076 ], [ -6.790051, 34.037274 ], [ -6.787886, 34.037235 ] ] ] } },
{ "type": "Feature", "properties": { "urban_density": 0.12931236714283026, "temperature_proxy": 27.840530386428398 }, "geometry": { "type": "Polygon", "coordinates": [ [ [ -6.787839, 34.039037 ], [ -6.787792, 34.04084 ], [ -6.789958, 34.040879 ], [ -6.790004, 34.039076 ], [ -6.787839, 34.039037 ] ] ] } },
{ "type": "Feature", "properties": { "urban_density": 0.012241330785239507, "temperature_proxy": 27.079568650104058 }, "geometry": { "type": "Polygon", "coordinates": [ [ [ -6.787825, 33.956086 ], [ -6.787779, 33.957889 ], [ -6.789942, 33.957928 ], [ -6.789988, 33.956125 ], [ -6.787825, 33.956086 ] ] ] } },
{ "type": "Feature", "properties": { "urban_density": 0.021938007385508607, "temperature_proxy": 27.142597048005808 }, "geometry": { "type": "Polygon", "coordinates": [ [ [ -6.787405, 33.972308 ], [ -6.787358, 33.974111 ], [ -6.789522, 33.97415 ], [ -6.789569, 33.972347 ], [ -6.787405, 33.972308 ] ] ] } },
{ "type": "Feature", "properties": { "urban_density": 0.017402326599368689, "temperature_proxy": 27.113115122895895 }, "geometry": { "type": "Polygon", "coordinates": [ [ [ -6.786611, 34.00295 ], [ -6.786564, 34.004752 ], [ -6.788728, 34.004791 ], [ -6.788775, 34.002989 ], [ -6.786611, 34.00295 ] ] ] } },
{ "type": "Feature", "properties": { "urban_density": 0.013512003418541443, "temperature_proxy": 27.087828022220521 }, "geometry": { "type": "Polygon", "coordinates": [ [ [ -6.786517, 34.006555 ], [ -6.78647, 34.008357 ], [ -6.788635, 34.008396 ], [ -6.788681, 34.006594 ], [ -6.786517, 34.006555 ] ] ] } },
{ "type": "Feature", "properties": { "urban_density": 0.10198011489361436, "temperature_proxy": 27.662870746808494 }, "geometry": { "type": "Polygon", "coordinates": [ [ [ -6.786377, 34.011962 ], [ -6.78633, 34.013764 ], [ -6.788494, 34.013803 ], [ -6.788541, 34.012001 ], [ -6.786377, 34.011962 ] ] ] } },
{ "type": "Feature", "properties": { "urban_density": 0.012215712623232516, "temperature_proxy": 27.079402132051012 }, "geometry": { "type": "Polygon", "coordinates": [ [ [ -6.786096, 34.022777 ], [ -6.786049, 34.024579 ], [ -6.788214, 34.024618 ], [ -6.78826, 34.022816 ], [ -6.786096, 34.022777 ] ] ] } },
{ "type": "Feature", "properties": { "urban_density": 0.056598753547121718, "temperature_proxy": 27.367891898056293 }, "geometry": { "type": "Polygon", "coordinates": [ [ [ -6.785862, 34.031789 ], [ -6.785815, 34.033591 ], [ -6.78798, 34.03363 ], [ -6.788026, 34.031828 ], [ -6.785862, 34.031789 ] ] ] } },
{ "type": "Feature", "properties": { "urban_density": 0.047539794523533248, "temperature_proxy": 27.309008664402967 }, "geometry": { "type": "Polygon", "coordinates": [ [ [ -6.785815, 34.033591 ], [ -6.785768, 34.035394 ], [ -6.787933, 34.035433 ], [ -6.78798, 34.03363 ], [ -6.785815, 34.033591 ] ] ] } },
{ "type": "Feature", "properties": { "urban_density": 0.2012453273169553, "temperature_proxy": 28.308094627560209 }, "geometry": { "type": "Polygon", "coordinates": [ [ [ -6.785768, 34.035394 ], [ -6.785721, 34.037196 ], [ -6.787886, 34.037235 ], [ -6.787933, 34.035433 ], [ -6.785768, 34.035394 ] ] ] } },
{ "type": "Feature", "properties": { "urban_density": 0.26468064932308544, "temperature_proxy": 28.720424220600055 }, "geometry": { "type": "Polygon", "coordinates": [ [ [ -6.785721, 34.037196 ], [ -6.785674, 34.038998 ], [ -6.787839, 34.039037 ], [ -6.787886, 34.037235 ], [ -6.785721, 34.037196 ] ] ] } },
{ "type": "Feature", "properties": { "urban_density": 0.14967737516176069, "temperature_proxy": 27.972902938551446 }, "geometry": { "type": "Polygon", "coordinates": [ [ [ -6.785674, 34.038998 ], [ -6.785627, 34.040801 ], [ -6.787792, 34.04084 ], [ -6.787839, 34.039037 ], [ -6.785674, 34.038998 ] ] ] } },
{ "type": "Feature", "properties": { "urban_density": 0.013507886132639231, "temperature_proxy": 27.087801259862154 }, "geometry": { "type": "Polygon", "coordinates": [ [ [ -6.785616, 33.95785 ], [ -6.785569, 33.959652 ], [ -6.787732, 33.959691 ], [ -6.787779, 33.957889 ], [ -6.785616, 33.95785 ] ] ] } },
{ "type": "Feature", "properties": { "urban_density": 0.028145999540788329, "temperature_proxy": 27.182948997015124 }, "geometry": { "type": "Polygon", "coordinates": [ [ [ -6.785569, 33.959652 ], [ -6.785522, 33.961455 ], [ -6.787685, 33.961494 ], [ -6.787732, 33.959691 ], [ -6.785569, 33.959652 ] ] ] } },
{ "type": "Feature", "properties": { "urban_density": 0.017747877511198697, "temperature_proxy": 27.11536120382279 }, "geometry": { "type": "Polygon", "coordinates": [ [ [ -6.785475, 33.963257 ], [ -6.785429, 33.96506 ], [ -6.787592, 33.965099 ], [ -6.787639, 33.963296 ], [ -6.785475, 33.963257 ] ] ] } },
{ "type": "Feature", "properties": { "urban_density": 0.012161343532848045, "temperature_proxy": 27.079048732963511 }, "geometry": { "type": "Polygon", "coordinates": [ [ [ -6.784446, 34.002911 ], [ -6.7844, 34.004713 ], [ -6.786564, 34.004752 ], [ -6.786611, 34.00295 ], [ -6.784446, 34.002911 ] ] ] } },
{ "type": "Feature", "properties": { "urban_density": 0.013875959668903613, "temperature_proxy": 27.090193737847873 }, "geometry": { "type": "Polygon", "coordinates": [ [ [ -6.7844, 34.004713 ], [ -6.784353, 34.006516 ], [ -6.786517, 34.006555 ], [ -6.786564, 34.004752 ], [ -6.7844, 34.004713 ] ] ] } },
{ "type": "Feature", "properties": { "urban_density": 0.019388721684380238, "temperature_proxy": 27.126026690948471 }, "geometry": { "type": "Polygon", "coordinates": [ [ [ -6.783978, 34.020935 ], [ -6.783931, 34.022738 ], [ -6.786096, 34.022777 ], [ -6.786143, 34.020974 ], [ -6.783978, 34.020935 ] ] ] } },
{ "type": "Feature", "properties": { "urban_density": 0.1742305417804641, "temperature_proxy": 28.132498521573016 }, "geometry": { "type": "Polygon", "coordinates": [ [ [ -6.783931, 34.022738 ], [ -6.783884, 34.02454 ], [ -6.786049, 34.024579 ], [ -6.786096, 34.022777 ], [ -6.783931, 34.022738 ] ] ] } },
{ "type": "Feature", "properties": { "urban_density": 0.21248788293921947, "temperature_proxy": 28.381171239104926 }, "geometry": { "type": "Polygon", "coordinates": [ [ [ -6.783884, 34.02454 ], [ -6.783837, 34.026342 ], [ -6.786002, 34.026381 ], [ -6.786049, 34.024579 ], [ -6.783884, 34.02454 ] ] ] } },
{ "type": "Feature", "properties": { "urban_density": 0.066742867774003165, "temperature_proxy": 27.433828640531022 }, "geometry": { "type": "Polygon", "coordinates": [ [ [ -6.783837, 34.026342 ], [ -6.78379, 34.028145 ], [ -6.785955, 34.028184 ], [ -6.786002, 34.026381 ], [ -6.783837, 34.026342 ] ] ] } },
{ "type": "Feature", "properties": { "urban_density": 0.098855340338480299, "temperature_proxy": 27.642559712200121 }, "geometry": { "type": "Polygon", "coordinates": [ [ [ -6.783697, 34.03175 ], [ -6.78365, 34.033552 ], [ -6.785815, 34.033591 ], [ -6.785862, 34.031789 ], [ -6.783697, 34.03175 ] ] ] } },
{ "type": "Feature", "properties": { "urban_density": 0.033217298009412213, "temperature_proxy": 27.215912437061178 }, "geometry": { "type": "Polygon", "coordinates": [ [ [ -6.78365, 34.033552 ], [ -6.783603, 34.035355 ], [ -6.785768, 34.035394 ], [ -6.785815, 34.033591 ], [ -6.78365, 34.033552 ] ] ] } },
{ "type": "Feature", "properties": { "urban_density": 0.26493391338644545, "temperature_proxy": 28.722070437011894 }, "geometry": { "type": "Polygon", "coordinates": [ [ [ -6.783603, 34.035355 ], [ -6.783556, 34.037157 ], [ -6.785721, 34.037196 ], [ -6.785768, 34.035394 ], [ -6.783603, 34.035355 ] ] ] } },
{ "type": "Feature", "properties": { "urban_density": 0.20555440395005067, "temperature_proxy": 28.336103625675328 }, "geometry": { "type": "Polygon", "coordinates": [ [ [ -6.783556, 34.037157 ], [ -6.783509, 34.038959 ], [ -6.785674, 34.038998 ], [ -6.785721, 34.037196 ], [ -6.783556, 34.037157 ] ] ] } },
{ "type": "Feature", "properties": { "urban_density": 0.049549354748992747, "temperature_proxy": 27.322070805868453 }, "geometry": { "type": "Polygon", "coordinates": [ [ [ -6.783509, 34.038959 ], [ -6.783462, 34.040762 ], [ -6.785627, 34.040801 ], [ -6.785674, 34.038998 ], [ -6.783509, 34.038959 ] ] ] } },
{ "type": "Feature", "properties": { "urban_density": 0.011058945026418193, "temperature_proxy": 27.071883142671719 }, "geometry": { "type": "Polygon", "coordinates": [ [ [ -6.783359, 33.961416 ], [ -6.783312, 33.963218 ], [ -6.785475, 33.963257 ], [ -6.785522, 33.961455 ], [ -6.783359, 33.961416 ] ] ] } },
{ "type": "Feature", "properties": { "urban_density": 0.010428460526180659, "temperature_proxy": 27.067784993420176 }, "geometry": { "type": "Polygon", "coordinates": [ [ [ -6.783172, 33.968626 ], [ -6.783125, 33.970428 ], [ -6.785289, 33.970467 ], [ -6.785335, 33.968665 ], [ -6.783172, 33.968626 ] ] ] } },
{ "type": "Feature", "properties": { "urban_density": 0.034257389448363512, "temperature_proxy": 27.222673031414363 }, "geometry": { "type": "Polygon", "coordinates": [ [ [ -6.783032, 33.974033 ], [ -6.782985, 33.975835 ], [ -6.785148, 33.975874 ], [ -6.785195, 33.974072 ], [ -6.783032, 33.974033 ] ] ] } },
{ "type": "Feature", "properties": { "urban_density": 0.031071221886690096, "temperature_proxy": 27.201962942263485 }, "geometry": { "type": "Polygon", "coordinates": [ [ [ -6.782985, 33.975835 ], [ -6.782938, 33.977638 ], [ -6.785102, 33.977677 ], [ -6.785148, 33.975874 ], [ -6.782985, 33.975835 ] ] ] } },
{ "type": "Feature", "properties": { "urban_density": 0.020366628019396184, "temperature_proxy": 27.132383082126076 }, "geometry": { "type": "Polygon", "coordinates": [ [ [ -6.782798, 33.983045 ], [ -6.782751, 33.984848 ], [ -6.784914, 33.984887 ], [ -6.784961, 33.983084 ], [ -6.782798, 33.983045 ] ] ] } },
{ "type": "Feature", "properties": { "urban_density": 0.015548178477255698, "temperature_proxy": 27.101063160102161 }, "geometry": { "type": "Polygon", "coordinates": [ [ [ -6.782001, 34.013686 ], [ -6.781954, 34.015489 ], [ -6.784119, 34.015528 ], [ -6.784165, 34.013725 ], [ -6.782001, 34.013686 ] ] ] } },
{ "type": "Feature", "properties": { "urban_density": 0.052501717987929429, "temperature_proxy": 27.341261166921541 }, "geometry": { "type": "Polygon", "coordinates": [ [ [ -6.781766, 34.022699 ], [ -6.781719, 34.024501 ], [ -6.783884, 34.02454 ], [ -6.783931, 34.022738 ], [ -6.781766, 34.022699 ] ] ] } },
{ "type": "Feature", "properties": { "urban_density": 0.3039487903750353, "temperature_proxy": 28.975667137437728 }, "geometry": { "type": "Polygon", "coordinates": [ [ [ -6.781719, 34.024501 ], [ -6.781673, 34.026303 ], [ -6.783837, 34.026342 ], [ -6.783884, 34.02454 ], [ -6.781719, 34.024501 ] ] ] } },
{ "type": "Feature", "properties": { "urban_density": 0.30278339533751109, "temperature_proxy": 28.968092069693821 }, "geometry": { "type": "Polygon", "coordinates": [ [ [ -6.781673, 34.026303 ], [ -6.781626, 34.028106 ], [ -6.78379, 34.028145 ], [ -6.783837, 34.026342 ], [ -6.781673, 34.026303 ] ] ] } },
{ "type": "Feature", "properties": { "urban_density": 0.16663417793347657, "temperature_proxy": 28.083122156567597 }, "geometry": { "type": "Polygon", "coordinates": [ [ [ -6.781626, 34.028106 ], [ -6.781579, 34.029908 ], [ -6.783744, 34.029947 ], [ -6.78379, 34.028145 ], [ -6.781626, 34.028106 ] ] ] } },
{ "type": "Feature", "properties": { "urban_density": 0.070670630711242036, "temperature_proxy": 27.459359099623072 }, "geometry": { "type": "Polygon", "coordinates": [ [ [ -6.781579, 34.029908 ], [ -6.781532, 34.031711 ], [ -6.783697, 34.03175 ], [ -6.783744, 34.029947 ], [ -6.781579, 34.029908 ] ] ] } },
{ "type": "Feature", "properties": { "urban_density": 0.1569422348232129, "temperature_proxy": 28.020124526350884 }, "geometry": { "type": "Polygon", "coordinates": [ [ [ -6.781532, 34.031711 ], [ -6.781485, 34.033513 ], [ -6.78365, 34.033552 ], [ -6.783697, 34.03175 ], [ -6.781532, 34.031711 ] ] ] } },
{ "type": "Feature", "properties": { "urban_density": 0.24940435393289495, "temperature_proxy": 28.621128300563818 }, "geometry": { "type": "Polygon", "coordinates": [ [ [ -6.781438, 34.035315 ], [ -6.781391, 34.037118 ], [ -6.783556, 34.037157 ], [ -6.783603, 34.035355 ], [ -6.781438, 34.035315 ] ] ] } },
{ "type": "Feature", "properties": { "urban_density": 0.12602781740065269, "temperature_proxy": 27.819180813104243 }, "geometry": { "type": "Polygon", "coordinates": [ [ [ -6.781391, 34.037118 ], [ -6.781344, 34.03892 ], [ -6.783509, 34.038959 ], [ -6.783556, 34.037157 ], [ -6.781391, 34.037118 ] ] ] } },
{ "type": "Feature", "properties": { "urban_density": 0.20299239331454311, "temperature_proxy": 28.319450556544531 }, "geometry": { "type": "Polygon", "coordinates": [ [ [ -6.781344, 34.03892 ], [ -6.781297, 34.040723 ], [ -6.783462, 34.040762 ], [ -6.783509, 34.038959 ], [ -6.781344, 34.03892 ] ] ] } },
{ "type": "Feature", "properties": { "urban_density": 0.018537579126404267, "temperature_proxy": 27.120494264321628 }, "geometry": { "type": "Polygon", "coordinates": [ [ [ -6.780962, 33.970389 ], [ -6.780915, 33.972191 ], [ -6.783078, 33.972231 ], [ -6.783125, 33.970428 ], [ -6.780962, 33.970389 ] ] ] } },
{ "type": "Feature", "properties": { "urban_density": 0.022202788318218775, "temperature_proxy": 27.144318124068423 }, "geometry": { "type": "Polygon", "coordinates": [ [ [ -6.780118, 34.002833 ], [ -6.780071, 34.004635 ], [ -6.782235, 34.004674 ], [ -6.782282, 34.002872 ], [ -6.780118, 34.002833 ] ] ] } },
{ "type": "Feature", "properties": { "urban_density": 0.22637287384540494, "temperature_proxy": 28.471423679995134 }, "geometry": { "type": "Polygon", "coordinates": [ [ [ -6.779555, 34.024462 ], [ -6.779508, 34.026264 ], [ -6.781673, 34.026303 ], [ -6.781719, 34.024501 ], [ -6.779555, 34.024462 ] ] ] } },
{ "type": "Feature", "properties": { "urban_density": 0.21850830895013429, "temperature_proxy": 28.420304008175872 }, "geometry": { "type": "Polygon", "coordinates": [ [ [ -6.779508, 34.026264 ], [ -6.779461, 34.028067 ], [ -6.781626, 34.028106 ], [ -6.781673, 34.026303 ], [ -6.779508, 34.026264 ] ] ] } },
{ "type": "Feature", "properties": { "urban_density": 0.239098449365545, "temperature_proxy": 28.554139920876043 }, "geometry": { "type": "Polygon", "coordinates": [ [ [ -6.779461, 34.028067 ], [ -6.779414, 34.029869 ], [ -6.781579, 34.029908 ], [ -6.781626, 34.028106 ], [ -6.779461, 34.028067 ] ] ] } },
{ "type": "Feature", "properties": { "urban_density": 0.16449763839389667, "temperature_proxy": 28.069234649560329 }, "geometry": { "type": "Polygon", "coordinates": [ [ [ -6.779414, 34.029869 ], [ -6.779367, 34.031672 ], [ -6.781532, 34.031711 ], [ -6.781579, 34.029908 ], [ -6.779414, 34.029869 ] ] ] } },
{ "type": "Feature", "properties": { "urban_density": 0.051248901400306759, "temperature_proxy": 27.333117859101993 }, "geometry": { "type": "Polygon", "coordinates": [ [ [ -6.779367, 34.031672 ], [ -6.77932, 34.033474 ], [ -6.781485, 34.033513 ], [ -6.781532, 34.031711 ], [ -6.779367, 34.031672 ] ] ] } },
{ "type": "Feature", "properties": { "urban_density": 0.011309712854590492, "temperature_proxy": 27.073513133554837 }, "geometry": { "type": "Polygon", "coordinates": [ [ [ -6.779226, 34.037079 ], [ -6.779179, 34.038881 ], [ -6.781344, 34.03892 ], [ -6.781391, 34.037118 ], [ -6.779226, 34.037079 ] ] ] } },
{ "type": "Feature", "properties": { "urban_density": 0.036896208769088341, "temperature_proxy": 27.239825356999074 }, "geometry": { "type": "Polygon", "coordinates": [ [ [ -6.779179, 34.038881 ], [ -6.779132, 34.040684 ], [ -6.781297, 34.040723 ], [ -6.781344, 34.03892 ], [ -6.779179, 34.038881 ] ] ] } },
{ "type": "Feature", "properties": { "urban_density": 0.01329617465278489, "temperature_proxy": 27.0864251352431 }, "geometry": { "type": "Polygon", "coordinates": [ [ [ -6.779595, 33.939709 ], [ -6.779548, 33.941511 ], [ -6.781711, 33.94155 ], [ -6.781758, 33.939748 ], [ -6.779595, 33.939709 ] ] ] } }
]
}
